# 3ds Max Wavefront OBJ Exporter v0.99 - (c)2007 guruware
# File Created: 13.10.2025 16:40:52

mtllib Vaso.mtl

#
# object IkeaCup_2
#

v  -0.0615 1.7811 -3.1529
v  0.3504 1.7837 -3.5359
v  0.3423 1.2210 -3.4861
v  -0.0592 1.2182 -3.0735
v  0.7699 1.7864 -3.9101
v  0.7544 1.2238 -3.8899
v  0.3557 2.7157 -3.6045
v  0.7853 2.7180 -3.9364
v  -0.0696 2.7134 -3.2642
v  -1.4897 1.7811 -3.5364
v  -0.9801 1.7806 -3.3161
v  -0.9715 1.2179 -3.2690
v  -1.4846 1.2187 -3.5192
v  -0.4751 1.7801 -3.0848
v  -0.4658 1.2172 -3.0064
v  -0.9938 2.7127 -3.3814
v  -0.4918 2.7124 -3.1946
v  -1.4970 2.7127 -3.5587
v  -1.9193 1.7761 -2.2679
v  -1.8709 1.7781 -2.8119
v  -1.8467 1.2154 -2.7737
v  -1.8682 1.2131 -2.2133
v  -1.8110 1.7804 -3.3545
v  -1.8107 1.2177 -3.3346
v  -1.9094 2.7099 -2.8630
v  -1.8148 2.7119 -3.3786
v  -1.9954 2.7081 -2.3438
v  -3.2475 1.7745 -1.6787
v  -2.7165 1.7748 -1.8251
v  -2.6813 1.2121 -1.7998
v  -3.2341 1.2121 -1.6744
v  -2.1826 1.7751 -1.9603
v  -2.1267 1.2121 -1.9109
v  -2.7678 2.7066 -1.8613
v  -2.2646 2.7071 -2.0293
v  -3.2665 2.7061 -1.6855
v  -2.7731 1.7713 -0.3838
v  -3.0813 1.7725 -0.8539
v  -3.0396 1.2099 -0.8460
v  -2.7000 1.2086 -0.3805
v  -3.3796 1.7738 -1.3300
v  -3.3682 1.2114 -1.3207
v  -3.1428 2.7043 -0.8627
v  -3.3970 2.7053 -1.3404
v  -2.8794 2.7031 -0.3876
v  -3.4019 1.7700 0.9708
v  -3.0945 1.7702 0.5004
v  -3.0527 1.2078 0.4916
v  -3.3905 1.2076 0.9596
v  -2.7772 1.7705 0.0367
v  -2.7041 1.2078 0.0329
v  -3.1559 2.7021 0.5113
v  -2.8835 2.7026 0.0415
v  -3.4196 2.7015 0.9837
v  -2.2176 1.7690 1.6243
v  -2.7486 1.7695 1.4785
v  -2.7129 1.2068 1.4522
v  -2.1606 1.2063 1.5744
v  -3.2769 1.7697 1.3219
v  -3.2632 1.2073 1.3159
v  -2.8007 2.7010 1.5170
v  -3.2958 2.7013 1.3313
v  -2.3008 2.7010 1.6946
v  -1.8730 1.7697 3.0251
v  -1.9223 1.7695 2.4817
v  -1.8973 1.2068 2.4422
v  -1.8725 1.2073 3.0036
v  -1.9603 1.7690 1.9372
v  -1.9079 1.2063 1.8816
v  -1.9620 2.7010 2.5351
v  -2.0377 2.7010 2.0144
v  -1.8775 2.7013 3.0522
v  -0.5174 1.0062 2.6735
v  -1.0287 1.0062 2.9368
v  -0.9832 0.9908 2.8531
v  -0.4964 0.9908 2.6385
v  -1.5481 1.0062 3.1878
v  -1.4849 0.9908 3.0697
v  -1.0322 1.2078 2.9543
v  -1.5499 1.2076 3.1946
v  -0.5214 1.2078 2.7021
v  0.6963 1.7740 3.6311
v  0.2844 1.7725 3.2488
v  0.2773 1.2101 3.1972
v  0.6816 1.2114 3.6086
v  -0.1202 1.7713 2.8582
v  -0.1161 1.2086 2.7769
v  0.2884 2.7043 3.3204
v  -0.1303 2.7033 2.9718
v  0.7112 2.7056 3.6604
v  1.5018 1.0105 2.4807
v  1.2850 1.0107 3.0105
v  1.3075 0.9953 2.9366
v  1.5061 0.9951 2.4468
v  1.0537 1.0107 3.5362
v  1.0545 0.9935 3.4168
v  1.2949 1.2124 3.0272
v  1.0573 1.2124 3.5445
v  1.5193 1.2121 2.5057
v  3.0011 1.7804 2.4716
v  2.4625 1.7783 2.4291
v  2.4194 1.2157 2.3906
v  2.9733 1.2179 2.4587
v  1.9243 1.7761 2.3747
v  1.8689 1.2134 2.3086
v  2.5156 2.7101 2.4842
v  1.9959 2.7084 2.4695
v  3.0332 2.7119 2.4900
v  2.8784 1.0155 1.0828
v  3.0494 1.0166 1.6233
v  3.0203 1.0009 1.5537
v  2.8607 1.0001 1.0555
v  3.2065 1.0173 2.1695
v  3.1322 0.9999 2.0794
v  3.0681 1.2182 1.6329
v  3.2151 1.2190 2.1758
v  2.9080 1.2174 1.0950
v  4.0321 1.7864 0.0807
v  3.5873 1.7839 0.4152
v  3.5291 1.2210 0.4040
v  4.0012 1.2238 0.0820
v  3.1354 1.7811 0.7403
v  3.0504 1.2182 0.7135
v  3.6635 2.7157 0.4326
v  3.2503 2.7137 0.7787
v  4.0693 2.7180 0.0810
v  2.9199 1.0080 -0.5508
v  3.2576 1.0011 -0.4648
v  3.5068 1.0011 -0.2325
v  3.0307 1.0049 -0.1184
v  3.3495 1.0011 -0.6259
v  3.8798 1.0052 -0.3193
v  2.7982 1.0034 -1.0621
v  -4.0925 11.0976 -0.1713
v  -4.0313 11.0964 0.5978
v  -4.0397 12.1231 0.6006
v  -4.1009 12.1241 -0.1698
v  -3.8406 11.0956 1.3386
v  -3.8487 12.1220 1.3424
v  -4.0194 10.3310 0.5951
v  -3.8294 10.3300 1.3338
v  -4.0807 10.3321 -0.1723
v  -3.0527 11.1042 -2.9561
v  -3.4858 11.1022 -2.3524
v  -3.4934 12.1289 -2.3539
v  -3.0595 12.1306 -2.9586
v  -3.8112 11.1004 -1.6761
v  -3.8193 12.1271 -1.6766
v  -3.4755 10.3369 -2.3484
v  -3.8001 10.3351 -1.6736
v  -3.0431 10.3386 -2.9505
v  0.7026 1.0004 -3.3586
v  0.3114 0.9986 -3.0995
v  0.3324 1.0037 -3.3753
v  0.7372 1.0062 -3.7510
v  -0.0668 0.9966 -2.8956
v  -0.0605 1.0009 -3.0062
v  0.2910 1.0062 -2.8217
v  -0.1935 1.0021 -2.7549
v  0.7719 1.0047 -2.8708
v  -1.9023 10.0368 -3.8851
v  -1.2222 10.0386 -4.1963
v  -1.1706 9.9470 -4.2107
v  -1.9041 9.9318 -3.8866
v  -0.4883 10.0403 -4.3868
v  -0.4875 9.9488 -4.3848
v  -1.2243 10.3442 -4.1998
v  -0.4896 10.3460 -4.3906
v  -1.9051 10.3424 -3.8884
v  -1.9119 11.1080 -3.8962
v  -2.5237 11.1060 -3.4747
v  -2.5298 12.1327 -3.4780
v  -1.9170 12.1344 -3.9000
v  -2.5156 10.3404 -3.4679
v  -2.0523 0.9994 -1.5124
v  -2.3172 0.9908 -1.6321
v  -1.9557 0.9910 -1.8320
v  -1.7558 0.9976 -1.8727
v  -2.5801 0.9951 -1.7505
v  -2.0680 0.9951 -1.8770
v  -2.7365 0.9905 -1.4482
v  -3.1058 0.9951 -1.6167
v  -2.3349 0.9956 -1.1362
v  -2.8435 0.9897 -1.1646
v  -2.6537 0.9887 -0.7362
v  -2.9310 0.9928 -0.8162
v  -3.2339 0.9943 -1.2789
v  -2.5179 0.9875 -0.3324
v  -2.6335 0.9915 -0.3676
v  -2.3739 0.9973 -0.6558
v  -2.3919 0.9935 -0.1713
v  -2.9437 0.9908 0.4632
v  -2.6646 0.9870 0.3886
v  -2.8627 0.9865 0.8131
v  -3.2551 0.9908 0.9197
v  -2.3833 0.9958 0.3135
v  -2.3537 0.9925 0.7947
v  -2.5209 0.9870 -0.0124
v  -2.6373 0.9908 0.0205
v  2.0485 1.0090 -2.1632
v  2.3565 1.0024 -2.3238
v  2.6869 1.0029 -2.3160
v  2.3977 1.0064 -1.9157
v  2.3271 1.0021 -2.5060
v  2.9153 1.0069 -2.6294
v  1.6417 1.0031 -2.4678
v  -1.8107 1.0163 -3.3275
v  -1.7280 1.0173 -3.5585
v  -1.6713 1.0014 -3.4641
v  -1.7331 1.0004 -3.2177
v  -1.4828 1.0171 -3.5132
v  -1.4219 1.0014 -3.3940
v  -1.7272 1.2187 -3.5623
v  -1.8305 0.9900 2.3514
v  -1.6592 0.9862 2.1239
v  -1.5537 0.9862 2.5639
v  -1.7925 0.9905 2.8872
v  -1.4861 0.9951 1.8950
v  -1.1684 0.9925 2.2348
v  -1.7923 0.9857 1.7356
v  -1.7890 0.9920 1.5423
v  -1.8641 0.9895 1.8292
v  3.2789 1.7890 -2.4255
v  3.2736 1.7897 -2.6608
v  3.2903 2.7213 -2.6704
v  3.3052 2.7205 -2.4447
v  3.0459 1.7890 -2.7086
v  3.0745 2.7205 -2.7251
v  3.2589 1.2273 -2.6520
v  3.0218 1.2263 -2.6962
v  3.2584 1.2263 -2.4086
v  2.3891 11.1037 3.6382
v  3.0008 11.1062 3.2164
v  3.0029 12.1329 3.2230
v  2.3901 12.1306 3.6452
v  3.5296 11.1080 2.6978
v  3.5324 12.1347 2.7036
v  2.9958 10.3407 3.2070
v  3.5233 10.3427 2.6897
v  2.3853 10.3376 3.6280
v  1.1253 0.9996 2.4076
v  1.0968 0.9915 2.7628
v  0.9133 0.9908 3.0530
v  0.7188 0.9958 2.5892
v  1.2645 0.9915 2.8308
v  1.5962 0.9956 2.2034
v  -0.5758 11.0969 4.1264
v  0.1966 11.0964 4.2006
v  0.1943 12.1248 4.2082
v  -0.5791 12.1241 4.1343
v  0.9703 11.0966 4.1421
v  0.9690 12.1263 4.1495
v  0.1984 10.3288 4.1892
v  0.9703 10.3280 4.1315
v  -0.5723 10.3310 4.1151
v  2.5492 1.0044 1.2766
v  2.7519 0.9968 1.5618
v  2.7949 0.9963 1.8957
v  2.3628 1.0006 1.6663
v  2.9224 0.9968 1.5064
v  2.7800 1.0001 0.8205
v  -1.9752 10.0244 3.5810
v  -2.5766 10.0239 3.1491
v  -2.6127 9.9321 3.1096
v  -1.9767 9.9197 3.5820
v  -3.0934 10.0239 2.6221
v  -3.0914 9.9321 2.6203
v  -2.5801 10.3298 3.1529
v  -3.0975 10.3295 2.6254
v  -1.9780 10.3303 3.5853
v  2.7172 3.2303 -1.0282
v  2.8323 3.2298 -0.5814
v  3.1334 4.6830 -0.6305
v  3.0046 4.6836 -1.1302
v  2.8693 3.2291 -0.1171
v  3.1747 4.6823 -0.1118
v  2.5697 2.1945 -0.5381
v  2.6029 2.1938 -0.1217
v  2.4665 2.1948 -0.9389
v  2.2747 3.2306 -1.8092
v  2.5290 3.2306 -1.4398
v  2.7941 4.6838 -1.5906
v  2.5098 4.6841 -2.0035
v  2.2975 2.1950 -1.3083
v  2.0695 2.1953 -1.6394
v  1.5977 3.2303 -2.3896
v  1.9618 3.2306 -2.1282
v  2.1601 4.6838 -2.3602
v  1.7528 4.6836 -2.6525
v  1.7890 2.1950 -1.9256
v  1.4623 2.1948 -2.1601
v  0.7479 3.2291 -2.7099
v  1.1896 3.2298 -2.5859
v  1.2966 4.6830 -2.8721
v  0.8025 4.6823 -3.0105
v  1.0963 2.1945 -2.3362
v  0.6998 2.1938 -2.4475
v  -0.1847 3.2273 -2.7190
v  0.2818 3.2283 -2.7542
v  0.2816 4.6813 -3.0603
v  -0.2401 4.6803 -3.0208
v  0.2818 2.1930 -2.4873
v  -0.1371 2.1923 -2.4556
v  -1.0408 3.2250 -2.4151
v  -0.6290 3.2260 -2.6036
v  -0.7370 4.6790 -2.8918
v  -1.1972 4.6777 -2.6813
v  -0.5356 2.1912 -2.3522
v  -0.9050 2.1902 -2.1831
v  -1.7290 3.2227 -1.8482
v  -1.4100 3.2237 -2.1609
v  -1.6101 4.6765 -2.3969
v  -1.9668 4.6752 -2.0470
v  -1.2362 2.1892 -1.9552
v  -1.5223 2.1882 -1.6744
v  -2.1867 3.2205 -1.0760
v  -1.9904 3.2215 -1.4839
v  -2.2590 4.6739 -1.6400
v  -2.4787 4.6727 -1.1835
v  -1.7568 2.1872 -1.3477
v  -1.9329 2.1862 -0.9819
v  -2.3562 3.2187 -0.1682
v  -2.3104 3.2194 -0.6315
v  -2.6168 4.6717 -0.6866
v  -2.6681 4.6707 -0.1688
v  -2.0437 2.1852 -0.5829
v  -2.0850 2.1844 -0.1672
v  -2.2044 3.2174 0.7428
v  -2.3193 3.2179 0.2958
v  -2.6269 4.6699 0.3502
v  -2.4984 4.6694 0.8498
v  -2.0518 2.1839 0.2490
v  -1.9486 2.1834 0.6500
v  -1.7616 3.2172 1.5236
v  -2.0159 3.2172 1.1544
v  -2.2879 4.6691 1.3103
v  -2.0035 4.6689 1.7229
v  -1.7799 2.1831 1.0193
v  -1.5517 2.1831 1.3505
v  -1.0846 3.2177 2.1042
v  -1.4489 3.2172 1.8426
v  -1.6536 4.6691 2.0797
v  -1.2465 4.6694 2.3721
v  -1.2711 2.1831 1.6367
v  -0.9445 2.1834 1.8712
v  -0.2348 3.2187 2.4245
v  -0.6768 3.2182 2.3005
v  -0.7904 4.6699 2.5915
v  -0.2963 4.6707 2.7301
v  -0.5784 2.1839 2.0473
v  -0.1819 2.1847 2.1584
v  0.6978 3.2207 2.4334
v  0.2310 3.2197 2.4688
v  0.2247 4.6717 2.7800
v  0.7466 4.6727 2.7403
v  0.2360 2.1854 2.1983
v  0.6548 2.1862 2.1667
v  1.5537 3.2227 2.1298
v  1.1420 3.2217 2.3182
v  1.2432 4.6739 2.6115
v  1.7037 4.6752 2.4007
v  1.0535 2.1872 2.0632
v  1.4229 2.1882 1.8942
v  2.2418 3.2250 1.5628
v  1.9228 3.2240 1.8755
v  2.1164 4.6765 2.1166
v  2.4731 4.6777 1.7667
v  1.7538 2.1892 1.6660
v  2.0399 2.1902 1.3854
v  2.6998 3.2273 0.7906
v  2.5034 3.2263 1.1985
v  2.7656 4.6790 1.3596
v  2.9849 4.6803 0.9032
v  2.2745 2.1912 1.0588
v  2.4506 2.1923 0.6927
v  2.8232 3.2283 0.3459
v  3.1233 4.6813 0.4063
v  2.5616 2.1930 0.2940
v  3.2918 6.3081 -1.2321
v  3.4340 6.3076 -0.6796
v  3.6870 7.7350 -0.7208
v  3.5334 7.7355 -1.3176
v  3.4795 6.3068 -0.1060
v  3.7363 7.7340 -0.1009
v  2.7446 6.3086 -2.1976
v  3.0590 6.3086 -1.7412
v  3.2819 7.7360 -1.8679
v  2.9421 7.7360 -2.3610
v  1.9076 6.3081 -2.9151
v  2.3577 6.3086 -2.5920
v  2.5242 7.7360 -2.7871
v  2.0379 7.7355 -3.1362
v  0.8569 6.3066 -3.3110
v  1.4031 6.3076 -3.1577
v  1.4927 7.7347 -3.3986
v  0.9025 7.7340 -3.5640
v  -0.2960 6.3043 -3.3222
v  0.2808 6.3055 -3.3659
v  0.2801 7.7327 -3.6235
v  -0.3433 7.7315 -3.5762
v  -1.3543 6.3017 -2.9470
v  -0.8453 6.3030 -3.1797
v  -0.9366 7.7299 -3.4221
v  -1.4866 7.7284 -3.1706
v  -2.2052 6.2987 -2.2456
v  -1.8107 6.3002 -2.6325
v  -1.9797 7.7269 -2.8311
v  -2.4060 7.7254 -2.4131
v  -2.7709 6.2962 -1.2911
v  -2.5282 6.2974 -1.7955
v  -2.7552 7.7239 -1.9266
v  -3.0175 7.7226 -1.3816
v  -2.9806 6.2939 -0.1688
v  -2.9239 6.2949 -0.7415
v  -3.1828 7.7213 -0.7876
v  -3.2440 7.7201 -0.1690
v  -2.7929 6.2924 0.9574
v  -2.9351 6.2931 0.4048
v  -3.1946 7.7193 0.4511
v  -3.0411 7.7186 1.0479
v  -2.2456 6.2919 1.9228
v  -2.5599 6.2921 1.4664
v  -2.7896 7.7181 1.5980
v  -2.4498 7.7181 2.0911
v  -1.4087 6.2924 2.6403
v  -1.8588 6.2921 2.3172
v  -2.0319 7.7183 2.5174
v  -1.5456 7.7186 2.8665
v  -0.3580 6.2939 3.0363
v  -0.9042 6.2931 2.8829
v  -1.0004 7.7193 3.1286
v  -0.4101 7.7201 3.2943
v  0.7949 6.2962 3.0474
v  0.2181 6.2949 3.0912
v  0.2123 7.7213 3.3538
v  0.8357 7.7226 3.3065
v  1.8532 6.2990 2.6722
v  1.3442 6.2974 2.9050
v  1.4289 7.7241 3.1524
v  1.9790 7.7256 2.9009
v  2.7041 6.3017 1.9709
v  2.3096 6.3005 2.3577
v  2.4723 7.7272 2.5611
v  2.8984 7.7287 2.1432
v  3.2698 6.3045 1.0163
v  3.0272 6.3033 1.5208
v  3.2475 7.7302 1.6569
v  3.5099 7.7315 1.1117
v  3.4229 6.3055 0.4668
v  3.6751 7.7330 0.5179
v  3.6850 8.5975 -1.3715
v  3.8456 8.5967 -0.7466
v  3.9658 9.1331 -0.7663
v  3.7996 9.1336 -1.4123
v  3.8972 8.5957 -0.0977
v  4.0192 9.1321 -0.0956
v  3.0661 8.5980 -2.4635
v  3.4216 8.5977 -1.9471
v  3.5273 9.1341 -2.0073
v  3.1597 9.1343 -2.5409
v  2.1194 8.5972 -3.2751
v  2.6284 8.5977 -2.9095
v  2.7076 9.1341 -3.0021
v  2.1814 9.1336 -3.3798
v  0.9310 8.5957 -3.7229
v  1.5489 8.5967 -3.5494
v  1.5916 9.1328 -3.6637
v  0.9528 9.1318 -3.8428
v  -0.3729 8.5932 -3.7356
v  0.2796 8.5944 -3.7849
v  0.2793 9.1308 -3.9071
v  -0.3952 9.1293 -3.8560
v  -1.5699 8.5899 -3.3110
v  -0.9940 8.5917 -3.5741
v  -1.0373 9.1278 -3.6893
v  -1.6324 9.1260 -3.4170
v  -2.5320 8.5869 -2.5179
v  -2.0860 8.5884 -2.9553
v  -2.1659 9.1245 -3.0497
v  -2.6272 9.1227 -2.5973
v  -3.1721 8.5838 -1.4383
v  -2.8976 8.5853 -2.0088
v  -3.0049 9.1212 -2.0711
v  -3.2888 9.1197 -1.4813
v  -3.4092 8.5813 -0.1690
v  -3.3449 8.5823 -0.8167
v  -3.4674 9.1182 -0.8387
v  -3.5339 9.1169 -0.1690
v  -3.1969 8.5795 1.1049
v  -3.3576 8.5803 0.4799
v  -3.4805 9.1161 0.5017
v  -3.3143 9.1154 1.1476
v  -2.5781 8.5790 2.1966
v  -2.9335 8.5793 1.6804
v  -3.0421 9.1149 1.7427
v  -2.6745 9.1149 2.2763
v  -1.6314 8.5795 3.0082
v  -2.1404 8.5793 2.6428
v  -2.2224 9.1149 2.7375
v  -1.6961 9.1154 3.1152
v  -0.4430 8.5813 3.4560
v  -1.0608 8.5803 3.2827
v  -1.1064 9.1161 3.3991
v  -0.4675 9.1171 3.5782
v  0.8610 8.5838 3.4689
v  0.2085 8.5826 3.5182
v  0.2059 9.1184 3.6425
v  0.8804 9.1197 3.5913
v  2.0579 8.5869 3.0441
v  1.4821 8.5853 3.3075
v  1.5226 9.1212 3.4246
v  2.1176 9.1230 3.1524
v  3.0201 8.5901 2.2512
v  2.5740 8.5886 2.6886
v  2.6512 9.1245 2.7848
v  3.1124 9.1263 2.3327
v  3.6602 8.5932 1.1716
v  3.3857 8.5917 1.7422
v  3.4901 9.1278 1.8064
v  3.7740 9.1293 1.2164
v  3.8330 8.5944 0.5500
v  3.9526 9.1308 0.5741
v  3.9311 9.5844 -1.4591
v  4.1034 9.5837 -0.7891
v  4.2180 10.0849 -0.8081
v  4.0404 10.0856 -1.4980
v  4.1588 9.5827 -0.0934
v  4.2752 10.0839 -0.0916
v  3.2675 9.5852 -2.6299
v  3.6488 9.5849 -2.0764
v  3.7497 10.0861 -2.1338
v  3.3571 10.0864 -2.7038
v  2.2525 9.5844 -3.5000
v  2.7984 9.5849 -3.1081
v  2.8738 10.0861 -3.1964
v  2.3117 10.0856 -3.6002
v  0.9781 9.5827 -3.9802
v  1.6407 9.5837 -3.7945
v  1.6817 10.0849 -3.9033
v  0.9994 10.0839 -4.0948
v  -0.4200 9.5799 -3.9939
v  0.2798 9.5814 -4.0470
v  0.2798 10.0826 -4.1634
v  -0.4407 10.0811 -4.1087
v  -1.7032 9.5766 -3.5387
v  -1.0859 9.5784 -3.8211
v  -1.1266 10.0793 -3.9306
v  -1.7624 10.0775 -3.6399
v  -2.7349 9.5733 -2.6884
v  -2.2568 9.5748 -3.1575
v  -2.3324 10.0758 -3.2473
v  -2.8253 10.0740 -2.7640
v  -3.4213 9.5700 -1.5307
v  -3.1268 9.5715 -2.1424
v  -3.2288 10.0722 -2.2019
v  -3.5319 10.0707 -1.5719
v  -3.6756 9.5672 -0.1698
v  -3.6068 9.5685 -0.8643
v  -3.7229 10.0692 -0.8853
v  -3.7938 10.0679 -0.1700
v  -3.4479 9.5655 1.1959
v  -3.6202 9.5662 0.5260
v  -3.7368 10.0669 0.5465
v  -3.5592 10.0662 1.2364
v  -2.7843 9.5650 2.3668
v  -3.1655 9.5650 1.8133
v  -3.2685 10.0656 1.8725
v  -2.8759 10.0654 2.4425
v  -1.7692 9.5655 3.2369
v  -2.3152 9.5650 2.8450
v  -2.3926 10.0656 2.9351
v  -1.8305 10.0662 3.3386
v  -0.4949 9.5672 3.7171
v  -1.1575 9.5662 3.5314
v  -1.2005 10.0669 3.6417
v  -0.5179 10.0679 3.8332
v  0.9032 9.5700 3.7308
v  0.2034 9.5685 3.7836
v  0.2014 10.0692 3.9018
v  0.9219 10.0707 3.8471
v  2.1864 9.5733 3.2756
v  1.5691 9.5718 3.5577
v  1.6078 10.0725 3.6690
v  2.2436 10.0742 3.3783
v  3.2182 9.5768 2.4253
v  2.7400 9.5751 2.8943
v  2.8136 10.0760 2.9857
v  3.3065 10.0778 2.5027
v  3.9046 9.5801 1.2675
v  3.6101 9.5784 1.8793
v  3.7100 10.0796 1.9403
v  4.0131 10.0811 1.3103
v  4.0900 9.5814 0.6011
v  4.2041 10.0826 0.6239
v  4.0893 10.7730 -1.5150
v  4.2691 10.7723 -0.8159
v  4.2782 11.7074 -0.8162
v  4.0979 11.7081 -1.5172
v  4.3271 10.7713 -0.0898
v  4.3362 11.7064 -0.0883
v  3.3968 10.7735 -2.7367
v  3.7948 10.7735 -2.1591
v  3.8024 11.7086 -2.1632
v  3.4034 11.7086 -2.7423
v  2.3377 10.7730 -3.6450
v  2.9072 10.7735 -3.2359
v  2.9125 11.7084 -3.2427
v  2.3413 11.7081 -3.6528
v  1.0080 10.7710 -4.1459
v  1.6994 10.7723 -3.9521
v  1.7014 11.7074 -3.9607
v  1.0080 11.7061 -4.1553
v  -0.4511 10.7682 -4.1601
v  0.2791 10.7697 -4.2155
v  0.2773 11.7048 -4.2249
v  -0.4549 11.7033 -4.1695
v  -1.7902 10.7647 -3.6852
v  -1.1461 10.7665 -3.9797
v  -1.1517 11.7016 -3.9886
v  -1.7976 11.6998 -3.6931
v  -2.8670 10.7611 -2.7977
v  -2.3678 10.7629 -3.2872
v  -2.3767 11.6980 -3.2941
v  -2.8771 11.6962 -2.8035
v  -3.5833 10.7579 -1.5896
v  -3.2761 10.7594 -2.2282
v  -3.2872 11.6945 -2.2322
v  -3.5951 11.6927 -1.5921
v  -3.8487 10.7548 -0.1695
v  -3.7765 10.7563 -0.8941
v  -3.7892 11.6912 -0.8946
v  -3.8613 11.6899 -0.1680
v  -3.6108 10.7530 1.2556
v  -3.7907 10.7538 0.5566
v  -3.8034 11.6889 0.5599
v  -3.6230 11.6881 1.2610
v  -2.9184 10.7525 2.4774
v  -3.3161 10.7525 1.9000
v  -3.3275 11.6876 1.9069
v  -2.9287 11.6876 2.4860
v  -1.8591 10.7530 3.3857
v  -2.4288 10.7528 2.9766
v  -2.4379 11.6876 2.9864
v  -1.8666 11.6881 3.3965
v  -0.5293 10.7551 3.8866
v  -1.2207 10.7541 3.6928
v  -1.2265 11.6889 3.7044
v  -0.5333 11.6899 3.8990
v  0.9295 10.7579 3.9008
v  0.1994 10.7563 3.9562
v  0.1976 11.6914 3.9686
v  0.9295 11.6929 3.9132
v  2.2689 10.7614 3.4259
v  1.6245 10.7596 3.7204
v  1.6265 11.6947 3.7323
v  2.2725 11.6965 3.4368
v  3.3454 10.7649 2.5384
v  2.8463 10.7632 3.0279
v  2.8516 11.6983 3.0380
v  3.3520 11.7000 2.5472
v  4.0617 10.7682 1.3305
v  3.7545 10.7667 1.9689
v  3.7621 11.7018 1.9759
v  4.0700 11.7033 1.3358
v  4.2552 10.7697 0.6348
v  4.2641 11.7048 0.6386
v  4.0862 12.9526 -1.5119
v  4.2661 12.9519 -0.8124
v  4.2565 14.0109 -0.8096
v  4.0769 14.0117 -1.5076
v  4.3238 12.9506 -0.0863
v  4.3142 14.0099 -0.0848
v  3.3935 12.9531 -2.7339
v  3.7915 12.9529 -2.1563
v  3.7826 14.0122 -2.1508
v  3.3854 14.0125 -2.7274
v  2.3339 12.9524 -3.6425
v  2.9037 12.9529 -3.2334
v  2.8966 14.0122 -3.2258
v  2.3279 14.0117 -3.6341
v  1.0037 12.9506 -4.1437
v  1.6954 12.9516 -3.9496
v  1.6906 14.0109 -3.9407
v  1.0001 14.0099 -4.1345
v  -0.4557 12.9478 -4.1578
v  0.2748 12.9494 -4.2132
v  0.2725 14.0087 -4.2039
v  -0.4564 14.0069 -4.1487
v  -1.7953 12.9443 -3.6827
v  -1.1509 12.9461 -3.9774
v  -1.1504 14.0054 -3.9686
v  -1.7938 14.0036 -3.6743
v  -2.8723 12.9408 -2.7949
v  -2.3729 12.9425 -3.2847
v  -2.3704 14.0018 -3.2771
v  -2.8688 14.0001 -2.7883
v  -3.5886 12.9372 -1.5866
v  -3.2814 12.9390 -2.2251
v  -3.2771 13.9983 -2.2196
v  -3.5838 13.9965 -1.5823
v  -3.8542 12.9344 -0.1660
v  -3.7821 12.9357 -0.8908
v  -3.7768 13.9950 -0.8878
v  -3.8487 13.9937 -0.1642
v  -3.6164 12.9327 1.2597
v  -3.7963 12.9334 0.5604
v  -3.7910 13.9927 0.5607
v  -3.6113 13.9920 1.2587
v  -2.9237 12.9321 2.4817
v  -3.3217 12.9321 1.9041
v  -3.3171 13.9915 1.9021
v  -2.9199 13.9912 2.4787
v  -1.8641 12.9327 3.3902
v  -2.4341 12.9321 2.9811
v  -2.4311 13.9915 2.9771
v  -1.8623 13.9920 3.3854
v  -0.5341 12.9344 3.8914
v  -1.2255 12.9334 3.6974
v  -1.2250 13.9927 3.6920
v  -0.5346 13.9937 3.8856
v  0.9255 12.9375 3.9056
v  0.1951 12.9359 3.9610
v  0.1930 13.9953 3.9552
v  0.9219 13.9968 3.9000
v  2.2651 12.9410 3.4304
v  1.6207 12.9392 3.7252
v  1.6159 13.9983 3.7196
v  2.2590 14.0001 3.4256
v  3.3421 12.9445 2.5429
v  2.8427 12.9428 3.0325
v  2.8359 14.0018 3.0284
v  3.3343 14.0039 2.5396
v  4.0584 12.9478 1.3343
v  3.7512 12.9463 1.9729
v  3.7426 14.0054 1.9706
v  4.0493 14.0071 1.3333
v  4.2519 12.9494 0.6386
v  4.2423 14.0087 0.6388
v  4.1796 14.4309 -1.5443
v  4.3643 14.4302 -0.8273
v  4.4179 14.4203 -0.8367
v  4.2312 14.4211 -1.5628
v  4.4235 14.4289 -0.0830
v  4.4781 14.4193 -0.0825
v  4.3104 14.4200 -0.8182
v  4.3688 14.4190 -0.0835
v  4.1282 14.4208 -1.5256
v  3.4697 14.4314 -2.7969
v  3.8775 14.4314 -2.2049
v  3.9251 14.4216 -2.2320
v  3.5119 14.4218 -2.8318
v  3.8302 14.4213 -2.1776
v  3.4274 14.4216 -2.7623
v  2.3835 14.4309 -3.7282
v  2.9677 14.4314 -3.3087
v  3.0034 14.4216 -3.3502
v  2.4116 14.4211 -3.7750
v  2.9320 14.4213 -3.2673
v  2.3554 14.4208 -3.6812
v  1.0201 14.4289 -4.2421
v  1.7290 14.4299 -4.0432
v  1.7487 14.4203 -4.0941
v  1.0305 14.4193 -4.2957
v  1.7095 14.4200 -3.9921
v  1.0097 14.4190 -4.1884
v  -0.4759 14.4259 -4.2565
v  0.2727 14.4276 -4.3132
v  0.2732 14.4178 -4.3678
v  -0.4853 14.4163 -4.3104
v  0.2722 14.4175 -4.2588
v  -0.4665 14.4160 -4.2029
v  -1.8492 14.4223 -3.7695
v  -1.1886 14.4243 -4.0715
v  -1.2071 14.4145 -4.1229
v  -1.8763 14.4127 -3.8168
v  -1.1699 14.4142 -4.0202
v  -1.8219 14.4125 -3.7219
v  -2.9533 14.4188 -2.8594
v  -2.4415 14.4206 -3.3614
v  -2.4761 14.4107 -3.4036
v  -2.9945 14.4089 -2.8953
v  -2.4065 14.4107 -3.3194
v  -2.9115 14.4089 -2.8240
v  -3.6875 14.4152 -1.6207
v  -3.3725 14.4170 -2.2755
v  -3.4196 14.4071 -2.3036
v  -3.7383 14.4054 -1.6405
v  -3.3257 14.4071 -2.2474
v  -3.6364 14.4054 -1.6012
v  -3.9595 14.4125 -0.1645
v  -3.8858 14.4137 -0.9078
v  -3.9395 14.4039 -0.9179
v  -4.0141 14.4023 -0.1652
v  -3.8322 14.4039 -0.8974
v  -3.9051 14.4026 -0.1639
v  -3.7158 14.4104 1.2969
v  -3.9003 14.4112 0.5799
v  -3.9542 14.4013 0.5890
v  -3.7672 14.4006 1.3154
v  -3.8466 14.4016 0.5705
v  -3.6645 14.4008 1.2782
v  -3.0059 14.4099 2.5495
v  -3.4137 14.4099 1.9575
v  -3.4613 14.4001 1.9845
v  -3.0479 14.3998 2.5844
v  -3.3662 14.4003 1.9301
v  -2.9637 14.4001 2.5146
v  -1.9198 14.4104 3.4808
v  -2.5040 14.4099 3.0613
v  -2.5396 14.4001 3.1028
v  -1.9479 14.4006 3.5276
v  -2.4683 14.4003 3.0198
v  -1.8917 14.4008 3.4337
v  -0.5563 14.4125 3.9946
v  -1.2653 14.4114 3.7958
v  -1.2847 14.4013 3.8466
v  -0.5665 14.4023 4.0480
v  -1.2455 14.4016 3.7447
v  -0.5457 14.4026 3.9410
v  0.9396 14.4155 4.0091
v  0.1910 14.4137 4.0657
v  0.1905 14.4039 4.1204
v  0.9490 14.4054 4.0629
v  0.1918 14.4041 4.0113
v  0.9305 14.4056 3.9554
v  2.3129 14.4190 3.5220
v  1.6523 14.4170 3.8241
v  1.6711 14.4071 3.8755
v  2.3403 14.4092 3.5693
v  1.6339 14.4074 3.7728
v  2.2859 14.4092 3.4745
v  3.4170 14.4226 2.6120
v  2.9052 14.4208 3.1139
v  2.9401 14.4109 3.1562
v  3.4585 14.4127 2.6477
v  2.8703 14.4109 3.0719
v  3.3755 14.4127 2.5763
v  4.1512 14.4261 1.3733
v  3.8363 14.4243 2.0281
v  3.8833 14.4145 2.0561
v  4.2023 14.4163 1.3930
v  3.7894 14.4145 1.9997
v  4.1004 14.4163 1.3538
v  4.3496 14.4276 0.6603
v  4.4032 14.4178 0.6705
v  4.2962 14.4178 0.6500
v  4.3119 13.2322 -1.5929
v  4.5024 13.2314 -0.8524
v  4.5125 12.1425 -0.8556
v  4.3218 12.1433 -1.5974
v  4.5636 13.2302 -0.0835
v  4.5740 12.1413 -0.0853
v  4.4822 14.0813 -0.8478
v  4.5431 14.0803 -0.0822
v  4.2924 14.0820 -1.5851
v  3.5784 13.2330 -2.8867
v  3.9999 13.2327 -2.2752
v  4.0091 12.1438 -2.2811
v  3.5870 12.1438 -2.8938
v  3.9817 14.0825 -2.2644
v  3.5623 14.0828 -2.8733
v  2.4566 13.2322 -3.8487
v  3.0600 13.2327 -3.4155
v  3.0676 12.1438 -3.4234
v  2.4630 12.1433 -3.8573
v  3.0461 14.0825 -3.3998
v  2.4453 14.0820 -3.8309
v  1.0484 13.2302 -4.3794
v  1.7806 13.2314 -4.1740
v  1.7857 12.1423 -4.1834
v  1.0520 12.1413 -4.3891
v  1.7723 14.0813 -4.1548
v  1.0431 14.0800 -4.3595
v  -0.4969 13.2271 -4.3944
v  0.2765 13.2287 -4.4531
v  0.2788 12.1397 -4.4629
v  -0.4959 12.1382 -4.4042
v  0.2745 14.0787 -4.4326
v  -0.4954 14.0770 -4.3744
v  -1.9152 13.2234 -3.8912
v  -1.2329 13.2254 -4.2034
v  -1.2334 12.1365 -4.2127
v  -1.2283 14.0752 -4.1841
v  -1.9076 14.0734 -3.8734
v  -3.0555 13.2196 -2.9515
v  -2.5270 13.2216 -3.4699
v  -2.5166 14.0714 -3.4540
v  -3.0428 14.0696 -2.9378
v  -3.8140 13.2160 -1.6721
v  -3.4886 13.2178 -2.3481
v  -3.4742 14.0679 -2.3370
v  -3.7981 14.0661 -1.6640
v  -4.0951 13.2130 -0.1677
v  -4.0189 13.2145 -0.9353
v  -4.0247 12.1256 -0.9386
v  -4.0020 14.0646 -0.9305
v  -4.0779 14.0631 -0.1662
v  -3.8433 13.2112 1.3417
v  -4.0338 13.2120 0.6011
v  -4.0169 14.0621 0.5994
v  -3.8271 14.0610 1.3366
v  -3.1099 13.2104 2.6355
v  -3.5311 13.2107 2.0238
v  -3.5362 12.1218 2.0260
v  -3.1139 12.1215 2.6388
v  -3.5165 14.0608 2.0159
v  -3.0970 14.0605 2.6249
v  -1.9881 13.2112 3.5974
v  -2.5915 13.2107 3.1643
v  -2.5945 12.1218 3.1686
v  -1.9901 12.1223 3.6025
v  -2.5809 14.0608 3.1511
v  -1.9800 14.0613 3.5825
v  -0.5796 13.2132 4.1280
v  -1.3121 13.2120 3.9225
v  -1.3128 12.1231 3.9283
v  -1.3070 14.0621 3.9063
v  -0.5779 14.0631 4.1108
v  0.9655 13.2163 4.1431
v  0.1923 13.2145 4.2016
v  0.1908 14.0646 4.1841
v  0.9606 14.0661 4.1257
v  2.3838 13.2198 3.6399
v  1.7014 13.2180 3.9519
v  1.7065 12.1284 3.9579
v  1.6933 14.0679 3.9354
v  2.3726 14.0699 3.6247
v  3.5241 13.2236 2.7000
v  2.9955 13.2218 3.2187
v  2.9819 14.0717 3.2053
v  3.5081 14.0737 2.6891
v  4.2825 13.2271 1.4206
v  3.9574 13.2256 2.0969
v  3.9666 12.1365 2.0991
v  4.2924 12.1382 1.4219
v  3.9392 14.0755 2.0885
v  4.2631 14.0772 1.4153
v  4.4875 13.2289 0.6841
v  4.4976 12.1400 0.6839
v  4.4672 14.0787 0.6818
v  4.3061 10.0454 -1.5937
v  4.4961 10.0446 -0.8554
v  4.4827 9.9528 -0.9050
v  4.3041 9.9538 -1.5926
v  4.5571 10.0434 -0.0888
v  4.5611 9.9386 -0.0888
v  4.4996 10.3503 -0.8556
v  4.5606 10.3493 -0.0883
v  4.3094 10.3510 -1.5947
v  3.5840 11.1174 -2.8913
v  4.0055 11.1171 -2.2795
v  3.9982 10.3515 -2.2755
v  3.5777 10.3518 -2.8860
v  4.3177 11.1166 -1.5969
v  2.4564 10.0454 -3.8428
v  3.0580 10.0459 -3.4110
v  3.0153 9.9541 -3.4401
v  2.4554 9.9536 -3.8408
v  3.5749 10.0462 -2.8837
v  3.5767 9.9414 -2.8852
v  3.0600 10.3515 -3.4135
v  2.4579 10.3510 -3.8459
v  1.0530 11.1146 -4.3845
v  1.7854 11.1159 -4.1791
v  1.7834 10.3503 -4.1705
v  1.0525 10.3493 -4.3754
v  2.4620 11.1166 -3.8535
v  0.2826 10.0421 -4.4452
v  0.2305 9.9500 -4.4399
v  1.0522 10.0434 -4.3719
v  1.0560 9.9386 -4.3749
v  0.2821 10.3477 -4.4490
v  -1.2293 11.1098 -4.2084
v  -0.4928 11.1116 -4.3994
v  -3.0393 10.0330 -2.9482
v  -2.5123 10.0348 -3.4651
v  -2.5492 9.9429 -3.4266
v  -3.0373 9.9412 -2.9467
v  -3.7955 10.0295 -1.6726
v  -3.4712 10.0310 -2.3466
v  -3.4395 9.9394 -2.3906
v  -3.7968 9.9245 -1.6761
v  -4.0758 10.0264 -0.1728
v  -3.9999 10.0277 -0.9381
v  -4.0048 9.9359 -0.8845
v  -4.0733 9.9346 -0.1731
v  -4.0045 10.3333 -0.9384
v  -3.8249 10.0244 1.3321
v  -4.0149 10.0252 0.5938
v  -4.0184 9.9336 0.5397
v  -3.8261 9.9197 1.3351
v  -3.5137 10.0239 2.0124
v  -3.4828 9.9321 2.0566
v  -3.5180 10.3295 2.0149
v  -1.9848 11.0956 3.5954
v  -2.5885 11.0951 3.1620
v  -3.1071 11.0949 2.6332
v  -0.5708 10.0249 4.1105
v  -1.3009 10.0252 3.9053
v  -1.2496 9.9336 3.9205
v  -0.5700 9.9336 4.1080
v  -1.3032 10.3310 3.9099
v  0.9703 10.0211 4.1270
v  0.1991 10.0221 4.1849
v  0.1472 9.9310 4.1781
v  0.9741 9.9164 4.1297
v  1.7065 11.0997 3.9509
v  1.7047 10.3323 3.9402
v  3.5208 10.0368 2.6866
v  2.9938 10.0350 3.2035
v  2.9502 9.9432 3.2313
v  3.5223 9.9321 2.6876
v  2.3840 10.0317 3.6237
v  2.3830 9.9402 3.6212
v  4.2770 10.0406 1.4110
v  3.9526 10.0388 2.0850
v  3.9752 9.9472 2.0384
v  4.2747 9.9488 1.4100
v  3.9557 10.3445 2.0875
v  4.2803 10.3462 1.4130
v  4.5697 11.1148 -0.0870
v  4.4936 11.1133 0.6811
v  4.4847 10.3477 0.6778
v  4.2884 11.1118 1.4178
v  4.3539 9.6601 -1.2250
v  4.1846 9.4309 -1.3407
v  4.1318 9.4412 -1.5334
v  4.2540 9.6634 -1.5744
v  4.0220 9.2330 -1.4178
v  4.0354 9.2899 -1.5008
v  4.2446 9.3947 -1.1109
v  4.0252 9.0873 -1.2739
v  4.4490 9.6302 -0.7810
v  3.7707 9.4025 -2.5174
v  3.8608 9.3287 -2.1930
v  3.7669 9.0473 -2.1758
v  3.6624 9.0734 -2.6213
v  3.9666 9.3954 -1.9167
v  3.8874 9.0878 -1.6675
v  3.9276 9.6318 -2.2841
v  2.7081 9.6606 -3.5997
v  2.5100 9.4309 -3.5747
v  2.3585 9.4407 -3.6839
v  2.4278 9.6631 -3.7953
v  2.3428 9.2328 -3.5248
v  2.3033 9.2894 -3.5962
v  2.6899 9.3952 -3.4439
v  2.4341 9.0875 -3.4198
v  3.0418 9.6318 -3.3328
v  1.4515 9.4005 -4.2165
v  1.7283 9.3274 -4.0225
v  1.6645 9.0458 -3.9481
v  1.2989 9.0714 -4.2269
v  1.9881 9.3944 -3.8760
v  2.0825 9.0873 -3.6306
v  1.7250 9.6302 -4.1371
v  -0.1156 9.6560 -4.3658
v  -0.2651 9.4263 -4.2218
v  -0.4650 9.4362 -4.2077
v  -0.4802 9.6581 -4.3344
v  -0.3744 9.2285 -4.0784
v  -0.4531 9.2851 -4.1070
v  -0.0248 9.3909 -4.2373
v  -0.2297 9.0832 -4.0561
v  0.3456 9.6277 -4.3762
v  -0.8713 9.3891 -4.1140
v  -0.6527 9.4256 -4.1684
v  -0.5202 9.2282 -4.0571
v  -0.6449 9.0825 -3.9906
v  -0.8238 9.6545 -4.2643
v  -1.2377 9.6242 -4.1391
v  -2.7645 9.6482 -3.1463
v  -2.7731 9.4175 -2.9528
v  -2.9014 9.4271 -2.8275
v  -2.9968 9.6502 -2.9120
v  -2.7511 9.2183 -2.7868
v  -2.8260 9.2753 -2.7605
v  -2.6160 9.3823 -3.1048
v  -2.6312 9.0734 -2.8587
v  -2.4480 9.6204 -3.4246
v  -3.5633 9.3866 -2.0412
v  -3.3285 9.3132 -2.2793
v  -3.2731 9.0314 -2.1991
v  -3.6053 9.0572 -1.8892
v  -3.1408 9.3803 -2.5088
v  -2.8956 9.0724 -2.5530
v  -3.4330 9.6166 -2.2998
v  -3.9977 9.6414 -0.5270
v  -3.8810 9.4109 -0.3648
v  -3.8965 9.4207 -0.1720
v  -4.0225 9.6436 -0.1731
v  -3.7568 9.2123 -0.2441
v  -3.7968 9.2692 -0.1713
v  -3.8573 9.3757 -0.5961
v  -3.7092 9.0673 -0.3808
v  -3.9316 9.6133 -0.9682
v  -3.8800 9.3810 0.9090
v  -3.8583 9.3074 0.5601
v  -3.7669 9.0261 0.5784
v  -3.8153 9.0519 1.0507
v  -3.8656 9.3742 0.2522
v  -3.7133 9.0665 0.0390
v  -3.9471 9.6108 0.6239
v  -3.3128 9.0248 1.8651
v  -3.3695 9.3061 1.9453
v  -3.5997 9.3805 1.7030
v  -3.6387 9.0516 1.5489
v  -3.1863 9.3727 2.1786
v  -3.4745 9.6095 1.9648
v  -2.9421 9.0645 2.2267
v  -2.2849 9.3805 3.2847
v  -2.4804 9.3064 3.0105
v  -2.3972 9.0248 2.9728
v  -2.1470 9.0516 3.3558
v  -2.6735 9.3727 2.7848
v  -2.6838 9.0645 2.5373
v  -2.5118 9.6097 3.1086
v  -1.2412 9.0261 3.6619
v  -1.2400 9.3077 3.7616
v  -1.5754 9.3813 3.7214
v  -1.6992 9.0521 3.6253
v  -0.9480 9.3744 3.8261
v  -1.3151 9.6108 3.8461
v  -0.7188 9.0665 3.7049
v  0.5515 9.3848 4.1019
v  0.2042 9.3099 4.0156
v  0.2295 9.0286 3.9311
v  0.6970 9.0562 4.0662
v  -0.1042 9.3757 3.9658
v  -0.3051 9.0673 3.7786
v  0.2631 9.6128 4.1140
v  1.5967 9.0334 3.7044
v  1.6569 9.3147 3.7824
v  1.3728 9.3871 3.9741
v  1.2207 9.0577 3.9802
v  1.9213 9.3823 3.6394
v  1.6478 9.6163 3.9010
v  2.0263 9.0757 3.3905
v  3.1871 9.3924 2.9328
v  2.8850 9.3183 3.0732
v  2.8582 9.0369 2.9862
v  3.2761 9.0638 2.8119
v  2.6317 9.3843 3.2215
v  2.3820 9.0767 3.1868
v  2.9798 9.6211 3.1223
v  4.0855 9.6548 1.7133
v  4.0215 9.4256 1.5231
v  4.0989 9.4362 1.3472
v  4.2239 9.6586 1.3913
v  3.9367 9.2280 1.3670
v  3.9999 9.2849 1.3123
v  3.9263 9.3894 1.7262
v  3.8487 9.0825 1.4750
v  3.8843 9.6247 2.0928
v  4.4690 9.3992 0.3190
v  4.3223 9.3251 0.6373
v  4.2395 9.0435 0.5973
v  4.4559 9.0703 0.1723
v  4.2201 9.3911 0.9260
v  3.9939 9.0832 1.0841
v  4.4346 9.6280 0.6001
v  3.3887 4.0265 -1.0431
v  3.7495 4.0270 -0.6687
v  3.6741 2.7175 -0.6512
v  3.2675 2.7165 -1.0054
v  4.1029 4.0275 -0.2915
v  4.0731 2.7187 -0.2920
v  3.8299 5.4410 -0.6889
v  4.1391 5.4410 -0.2932
v  3.5127 5.4413 -1.0836
v  3.4793 7.9151 -2.5482
v  3.5552 7.9149 -2.0756
v  3.5241 7.5764 -2.0607
v  3.4578 7.5764 -2.5343
v  3.6247 7.9146 -1.5972
v  3.5843 7.5766 -1.5815
v  3.5888 8.1089 -2.0933
v  3.6647 8.1069 -1.6124
v  3.5068 8.1112 -2.5685
v  2.3170 7.9146 -3.1833
v  2.7757 7.9149 -3.0211
v  2.7547 7.5764 -2.9943
v  2.2945 7.5764 -3.1463
v  3.2273 7.9151 -2.8539
v  3.2083 7.5764 -2.8372
v  2.7992 8.1089 -3.0502
v  3.2521 8.1112 -2.8771
v  2.3395 8.1069 -3.2184
v  1.1610 4.0273 -3.8912
v  1.4525 4.0270 -3.4740
v  1.4176 2.7175 -3.4069
v  1.1509 2.7185 -3.8674
v  1.7396 4.0265 -3.0502
v  1.6776 2.7165 -2.9409
v  1.4882 5.4410 -3.5483
v  1.8019 5.4413 -3.1655
v  1.1716 5.4408 -3.9238
v  -0.0878 4.0232 -3.3879
v  0.3512 4.0250 -3.6784
v  0.7914 4.0268 -3.9607
v  0.3413 5.4390 -3.7609
v  0.7939 5.4403 -3.9946
v  -0.1116 5.4380 -3.5190
v  -1.5815 7.9070 -3.7323
v  -1.1008 7.9083 -3.7320
v  -1.0897 7.5698 -3.6991
v  -1.5699 7.5683 -3.7098
v  -0.6156 7.9096 -3.7242
v  -0.6052 7.5716 -3.6812
v  -1.1135 8.1024 -3.7677
v  -0.6247 8.1019 -3.7652
v  -1.5974 8.1029 -3.7631
v  -2.4126 7.9020 -2.7028
v  -2.1718 7.9040 -3.1230
v  -2.1475 7.5657 -3.0977
v  -2.3782 7.5642 -2.6735
v  -1.9274 7.9058 -3.5357
v  -1.9127 7.5670 -3.5149
v  -2.1976 8.0978 -3.1514
v  -1.9471 8.1016 -3.5645
v  -2.4442 8.0940 -2.7311
v  -3.3730 6.6737 -1.7318
v  -2.9806 6.6749 -2.0035
v  -2.8986 5.4294 -1.9506
v  -3.3201 5.4281 -1.7088
v  -2.5806 6.6762 -2.2719
v  -2.4706 5.4304 -2.1885
v  -3.0487 7.5622 -2.0465
v  -2.6669 7.5632 -2.3370
v  -3.4231 7.5612 -1.7536
v  -3.5810 8.5375 -0.4058
v  -3.6452 8.5454 -0.9151
v  -3.5557 8.0915 -0.9014
v  -3.4810 8.0882 -0.4020
v  -3.7014 8.5532 -1.4211
v  -3.6225 8.0948 -1.3973
v  -3.7525 9.0283 -0.9212
v  -3.7915 9.0559 -1.3943
v  -3.5342 6.6691 1.0206
v  -3.4148 6.6701 0.5391
v  -3.3163 5.4246 0.5280
v  -3.4775 5.4236 1.0037
v  -3.2872 6.6711 0.0552
v  -3.1471 5.4256 0.0506
v  -3.4960 7.5571 0.5490
v  -3.3970 7.5579 0.0584
v  -3.5873 7.5561 1.0363
v  -2.8594 8.5347 2.1247
v  -3.2268 8.5418 1.7983
v  -3.1491 8.0879 1.7515
v  -2.7797 8.0857 2.0640
v  -3.5865 8.5487 1.4697
v  -3.5104 8.0902 1.4370
v  -2.0604 8.5487 3.3211
v  -2.3170 8.5418 2.9024
v  -2.2558 8.0879 2.8354
v  -2.0134 8.0905 3.2531
v  -2.5695 8.5347 2.4766
v  -2.4943 8.0857 2.4103
v  -0.7180 8.5368 3.5739
v  -1.2147 8.5428 3.5559
v  -1.1833 8.0889 3.4712
v  -0.6945 8.0874 3.4767
v  -1.7067 8.5492 3.5309
v  -1.6678 8.0907 3.4583
v  0.7170 4.0141 3.6890
v  0.2823 4.0134 3.3978
v  -0.1505 4.0126 3.0985
v  0.2712 5.4269 3.4841
v  -0.1766 5.4264 3.2326
v  0.7188 5.4276 3.7277
v  1.9436 8.5454 3.2908
v  1.5499 8.5499 3.6063
v  1.5190 8.0958 3.5225
v  1.8988 8.0955 3.2027
v  1.1555 8.5547 3.9139
v  1.1385 8.0960 3.8342
v  3.1754 7.9063 2.6413
v  2.7258 7.9055 2.7954
v  2.7058 7.5670 2.7668
v  3.1577 7.5675 2.6226
v  2.2697 7.9045 2.9444
v  2.2477 7.5665 2.9060
v  2.7489 8.0993 2.8255
v  2.2912 8.0968 2.9806
v  3.1997 8.1021 2.6656
v  3.5951 7.9098 1.3945
v  3.5165 7.9086 1.8714
v  3.4866 7.5700 1.8545
v  3.5554 7.5716 1.3768
v  3.4315 7.9073 2.3423
v  3.4115 7.5685 2.3263
v  3.5491 8.1026 1.8904
v  3.4585 8.1031 2.3635
v  3.6333 8.1019 1.4115
v  4.2699 7.9126 0.1090
v  4.0161 7.9116 0.5394
v  3.9832 7.5731 0.5305
v  4.2449 7.5736 0.1063
v  3.7540 7.9108 0.9700
v  3.7133 7.5726 0.9548
v  4.0526 8.1056 0.5477
v  3.7932 8.1029 0.9842
v  4.3038 8.1084 0.1118
v  3.1519 1.7839 -0.9723
v  3.5974 1.7854 -0.6383
v  3.5390 1.2228 -0.6302
v  3.0666 1.2210 -0.9490
v  4.0359 1.7869 -0.2955
v  4.0048 1.2245 -0.2993
v  3.2511 1.0249 -2.4028
v  3.0831 1.0221 -1.8596
v  3.0527 1.0064 -1.7905
v  3.1749 1.0069 -2.3142
v  2.9017 1.0196 -1.3222
v  2.8837 1.0039 -1.2954
v  3.1013 1.2238 -1.8684
v  2.9313 1.2212 -1.3331
v  1.8955 1.0196 -2.5442
v  2.4526 1.0221 -2.6251
v  2.3812 1.0064 -2.6059
v  1.8677 1.0039 -2.5287
v  3.0132 1.0249 -2.6917
v  2.4668 1.2238 -2.6391
v  1.9142 1.2212 -2.5682
v  1.1388 1.7869 -3.8403
v  1.3824 1.7854 -3.3437
v  1.3556 1.2228 -3.2974
v  1.1286 1.2245 -3.8188
v  1.6157 1.7839 -2.8425
v  1.5691 1.2210 -2.7719
v  -1.3085 11.0964 3.9208
v  2.8341 1.0029 -2.1371
v  2.7845 1.0024 -1.8039
v  2.5766 1.0090 -1.5226
v  2.9540 1.0021 -1.7452
v  0.9753 1.0011 -3.3308
v  1.1532 1.0011 -3.0370
v  1.1749 1.0080 -2.6811
v  1.3222 1.0011 -3.1018
v  1.1236 1.0052 -3.6918
v  -4.0164 11.0989 -0.9391
v  -0.9245 1.0006 -3.1673
v  -0.7932 0.9961 -2.9168
v  -1.2397 0.9961 -3.0373
v  -0.6613 1.0039 -2.6644
v  -1.1216 1.0004 -2.5530
v  -0.3815 0.9958 -2.8437
v  -0.4420 1.0001 -2.9434
v  -1.5005 0.9953 -2.8895
v  -1.6144 0.9935 -2.4518
v  -1.7816 0.9981 -2.6823
v  -1.7553 0.9918 -2.0660
v  -1.8251 0.9961 -2.1609
v  -1.4462 1.0016 -2.2196
v  1.7824 10.0446 -4.1669
v  1.8300 9.9528 -4.1449
v  0.2806 11.1133 -4.4581
v  3.9951 10.0459 -2.2740
v  4.0169 9.9541 -2.2269
v  -3.5286 11.0951 2.0212
v  3.0654 11.1171 -3.4203
v  4.2380 14.3869 1.4064
v  4.4409 14.3884 0.6775
v  4.5161 14.3897 -0.0820
v  4.5085 11.1159 -0.8562
v  0.7491 1.0221 -3.8826
v  0.9685 1.0234 -4.0042
v  0.9505 1.0072 -3.8975
v  1.1251 1.0229 -3.8110
v  0.9725 1.2248 -4.0085
v  3.9630 11.1100 2.0943
v  2.6441 0.9958 2.0718
v  2.3134 0.9951 2.0731
v  2.0088 1.0021 1.9069
v  2.2808 0.9943 2.2550
v  2.8665 0.9988 2.3898
v  1.7040 10.0257 3.9359
v  1.7520 9.9346 3.9142
v  3.5046 1.0009 0.0051
v  3.2508 0.9999 0.2323
v  2.9115 1.0067 0.3114
v  3.3394 0.9996 0.3952
v  3.8757 1.0044 0.0989
v  4.2990 9.8304 -1.5904
v  4.4445 9.8293 -1.0540
v  4.5201 9.8167 -0.5348
v  4.2696 9.8255 1.4077
v  4.4255 9.8263 0.8741
v  4.4670 9.9503 0.7256
v  4.5115 9.8152 0.3560
v  4.3306 9.6563 1.0434
v  4.5290 9.0794 -0.0906
v  4.5209 9.4245 -0.0901
v  4.5004 9.6449 -0.0901
v  4.4779 9.4005 -0.5002
v  4.4619 9.0714 -0.3550
v  3.8244 9.8185 -2.5189
v  4.0837 9.8304 -2.0870
v  4.1219 9.6608 -1.8995
v  2.4531 9.8304 -3.8363
v  2.8875 9.8304 -3.5289
v  3.2584 9.8185 -3.1924
v  3.5276 9.6474 -2.8440
v  3.5433 9.4271 -2.8576
v  3.2450 9.4025 -3.1397
v  3.5494 9.0820 -2.8632
v  3.3313 9.0734 -3.0188
v  1.9734 9.8293 -4.0807
v  1.4927 9.8164 -4.2514
v  2.1234 9.6601 -3.9612
v  0.6062 9.8149 -4.4073
v  0.0736 9.8261 -4.4260
v  -0.4863 9.8250 -4.3805
v  1.0510 9.6447 -4.3124
v  1.0548 9.4243 -4.3331
v  0.6340 9.3990 -4.3592
v  1.0563 9.0794 -4.3415
v  0.7785 9.0703 -4.3218
v  -1.0173 9.8235 -4.2560
v  -1.4925 9.8101 -4.0731
v  -3.0325 9.8177 -2.9432
v  -2.6616 9.8187 -3.3123
v  -2.2676 9.8078 -3.6189
v  -1.8854 9.0729 -3.8552
v  -1.8816 9.4177 -3.8476
v  -1.5003 9.3942 -4.0199
v  -1.6255 9.0648 -3.9276
v  -1.8709 9.6381 -3.8294
v  -2.2178 9.3919 -3.5972
v  -2.0784 9.0630 -3.6665
v  -3.5924 9.8028 -2.0862
v  -3.3467 9.8159 -2.5232
v  -3.2010 9.6464 -2.6522
v  -4.0685 9.8111 -0.1731
v  -4.0215 9.8116 -0.7238
v  -3.9114 9.8008 -1.2349
v  -3.7333 9.6307 -1.6577
v  -3.7528 9.4104 -1.6655
v  -3.8590 9.3846 -1.2529
v  -3.7604 9.0655 -1.6688
v  -4.0321 9.8099 0.3782
v  -3.9321 9.7972 0.8913
v  -4.0048 9.6404 0.1814
v  -3.0866 9.8086 2.6165
v  -3.3925 9.8083 2.1905
v  -3.2493 9.6383 2.3218
v  -3.0502 9.6411 2.5857
v  -3.6298 9.7965 1.7490
v  -3.7894 9.0605 1.3260
v  -3.7819 9.4053 1.3237
v  -3.7621 9.6257 1.3171
v  -2.3352 9.7965 3.3070
v  -2.7231 9.8083 2.9927
v  -2.8227 9.6383 2.8243
v  -0.5680 9.8104 4.1022
v  -1.0968 9.8101 3.9676
v  -0.9030 9.6404 3.9784
v  -0.5601 9.6436 4.0548
v  -1.5686 9.7972 3.7760
v  -1.9575 9.0607 3.5483
v  -1.9534 9.4056 3.5420
v  -1.9425 9.6259 3.5246
v  -0.0091 9.8091 4.1596
v  0.5235 9.7962 4.1517
v  -0.1968 9.6409 4.0938
v  2.3810 9.8175 3.6151
v  1.8965 9.8134 3.8509
v  2.0506 9.6467 3.7313
v  2.3582 9.6510 3.5709
v  1.4128 9.7985 4.0134
v  0.9741 9.0655 4.0918
v  0.9728 9.4106 4.0844
v  0.9695 9.6300 4.0645
v  3.1982 9.8083 2.9877
v  2.8210 9.8192 3.3163
v  2.6421 9.6492 3.3811
v  3.7773 9.8106 2.3258
v  4.0447 9.8238 1.8998
v  3.4955 9.0731 2.6621
v  3.4896 9.4180 2.6575
v  3.4742 9.6383 2.6446
v  3.7227 9.3947 2.3220
v  3.6123 9.0650 2.4230
v  4.1920 6.6861 0.0999
v  4.2871 6.6866 -0.0969
v  4.3326 7.5741 -0.0951
v  4.1958 6.6868 -0.2958
v  4.2486 7.5743 -0.2980
v  4.2416 5.4408 -0.0994
v  4.1353 5.4403 0.0923
v  3.1671 6.6888 -2.8022
v  3.3588 6.6888 -2.7119
v  3.3201 5.4431 -2.6861
v  3.1233 5.4428 -2.7650
v  3.4112 6.6888 -2.5057
v  3.3614 5.4431 -2.4759
v  3.3976 7.5764 -2.7385
v  1.2061 7.9131 -4.0523
v  1.0259 7.9129 -4.1692
v  1.0317 8.1094 -4.2018
v  1.2139 8.1089 -4.0855
v  0.8061 7.9124 -4.1272
v  0.8099 8.1084 -4.1614
v  1.0221 7.5738 -4.1474
v  0.8035 7.5736 -4.1024
v  1.1997 7.5743 -4.0280
v  -1.8520 8.5631 -3.7996
v  -1.9929 8.5603 -3.6318
v  -1.8112 8.1029 -3.7318
v  -1.6351 8.5616 -3.8350
v  -3.5888 7.8989 -1.3872
v  -3.5911 7.8995 -1.6071
v  -3.5693 7.5607 -1.5995
v  -3.5638 7.5602 -1.3804
v  -3.4466 7.8997 -1.7637
v  -3.6230 8.0958 -1.6190
v  -3.4790 8.0955 -1.7776
v  -3.4841 2.7013 1.2053
v  -3.4909 4.0098 1.2111
v  -3.4421 4.0103 0.9930
v  -3.5099 5.4231 1.2205
v  -3.3171 4.0098 1.3439
v  -3.3500 5.4231 1.3624
v  -1.6136 6.6691 3.3538
v  -1.8267 6.6686 3.3328
v  -1.8029 5.4233 3.2915
v  -1.5876 5.4236 3.2999
v  -1.9458 6.6686 3.1569
v  -1.9114 5.4233 3.1079
v  -1.8510 7.5559 3.3738
v  -1.9782 7.5559 3.2025
v  -1.6389 7.5564 3.4036
v  0.9194 2.7061 3.7619
v  0.9247 4.0146 3.7750
v  0.9290 5.4279 3.7981
v  1.0892 4.0151 3.6253
v  1.0995 5.4284 3.6627
v  1.0796 2.7064 3.5972
v  3.2928 4.0217 2.2337
v  3.2619 4.0215 2.4496
v  3.2501 2.7129 2.4402
v  3.2683 2.7129 2.2155
v  3.0557 4.0207 2.5105
v  3.2786 5.4347 2.4657
v  3.0808 5.4342 2.5396
v  3.3229 5.4352 2.2570
v  3.9939 1.0229 -0.3006
v  4.1515 1.0234 -0.1075
v  4.0457 1.0075 -0.1085
v  3.9901 1.0224 0.0825
v  4.1593 1.2250 -0.1070
v  3.2536 1.0257 -2.6487
v  3.1726 1.0097 -2.5796
v  0.9953 2.7187 -4.0338
v  0.9837 1.7872 -4.0204
v  -1.7242 2.7127 -3.5843
v  -1.7252 1.7811 -3.5726
v  -3.4573 2.7058 -1.5633
v  -3.4517 1.7745 -1.5595
v  -3.4482 1.2121 -1.5557
v  -3.2584 1.0057 1.3138
v  -3.4735 1.0059 1.1911
v  -3.3687 0.9905 1.1542
v  -3.1339 0.9902 1.2599
v  -3.3862 1.0062 0.9556
v  -3.4750 1.2076 1.1929
v  -1.7940 1.0062 3.2283
v  -1.7356 0.9905 3.1349
v  -1.8722 1.0059 2.9958
v  -1.7933 1.2076 3.2326
v  0.9080 1.7745 3.7454
v  1.0674 1.7748 3.5676
v  0.8971 1.2121 3.7313
v  3.1246 1.0016 2.3448
v  3.2043 1.0173 2.4157
v  2.9631 1.0163 2.4539
v  3.2108 1.2190 2.4189
v  4.5262 9.7808 -0.0896
v  3.5473 9.7833 -2.8609
v  1.0555 9.7805 -4.3382
v  -1.8849 9.7737 -3.8522
v  -3.7586 9.7663 -1.6670
v  -3.7877 9.7615 1.3262
v  -1.9570 9.7615 3.5476
v  0.9735 9.7628 4.0915
v  3.4937 9.7742 2.6621
v  2.8872 0.9961 2.1333
v  3.7297 1.0014 -0.1116
v  2.9310 1.0034 -2.3726
v  0.8979 1.0014 -3.5784
v  -1.5013 0.9961 -3.1820
v  -3.0302 0.9900 -1.3988
v  -3.3426 0.9948 -1.5155
v  -3.0540 0.9859 1.0436
v  -2.7613 0.9862 1.0985
v  4.4812 10.0421 0.6765
v  0.8777 0.9951 3.6192
v  0.8309 0.9900 3.2994
v  0.6398 0.9897 3.0757
v  0.6669 0.9943 3.4689
v  4.3881 8.5679 -0.3036
v  4.1543 8.5623 -0.7570
v  4.2572 9.0458 -0.7835
v  3.9122 8.5565 -1.2109
v  4.0662 8.1079 -0.7410
v  3.8163 8.1064 -1.1820
v  4.3081 8.1092 -0.3006
v  3.3292 4.0293 -2.4587
v  3.2905 4.0280 -1.9554
v  3.2199 2.7187 -1.9251
v  3.2442 4.0268 -1.4494
v  3.1258 2.7170 -1.4047
v  3.3672 5.4423 -1.9881
v  3.3662 5.4415 -1.4962
v  2.2408 6.6886 -3.0585
v  2.7071 6.6886 -2.9330
v  2.6504 5.4423 -2.8587
v  2.1723 5.4415 -2.9459
v  1.9977 8.5565 -3.5342
v  1.6157 8.5623 -3.8530
v  1.2324 8.5679 -4.1634
v  1.5833 8.1077 -3.7710
v  1.9514 8.1064 -3.4484
v  0.8190 8.5671 -4.2411
v  0.3185 8.5600 -4.0933
v  0.3082 9.0435 -4.1970
v  -0.1839 8.5527 -3.9372
v  0.3213 8.1056 -4.0048
v  -0.1693 8.1029 -3.8400
v  -1.5056 4.0215 -3.5807
v  -1.0123 4.0220 -3.4532
v  -0.5174 4.0225 -3.3173
v  -1.0355 5.4360 -3.5337
v  -0.5480 5.4370 -3.4474
v  -1.5203 5.4350 -3.6118
v  -2.2962 6.6775 -2.6036
v  -2.0908 6.6785 -3.0411
v  -2.0220 5.4327 -2.9733
v  -2.1912 5.4317 -2.5146
v  -1.8813 6.6795 -3.4714
v  -1.8477 5.4340 -3.4259
v  -2.8149 8.5423 -2.4513
v  -3.1886 8.5481 -2.1320
v  -3.5544 8.5542 -1.8102
v  -3.1117 8.0943 -2.0852
v  -2.7365 8.0930 -2.3904
v  -3.0054 4.0123 -0.3906
v  -3.2167 4.0134 -0.8683
v  -3.4193 4.0141 -1.3460
v  -3.3027 5.4269 -0.8739
v  -3.4545 5.4274 -1.3525
v  -3.1428 5.4264 -0.3932
v  -3.4428 7.8957 0.0600
v  -3.5316 7.8952 0.5536
v  -3.5698 8.0889 0.5594
v  -3.4856 8.0874 0.0615
v  -3.6123 7.8949 1.0436
v  -3.6463 8.0907 1.0537
v  -2.4007 4.0101 1.7743
v  -2.8619 4.0101 1.5618
v  -2.9333 5.4236 1.6124
v  -2.5100 5.4238 1.8585
v  -2.1470 6.6691 2.7223
v  -2.0769 5.4236 2.6520
v  -2.3438 6.6694 2.2811
v  -2.2370 5.4238 2.1900
v  -2.2047 7.5561 2.7810
v  -2.4273 7.5561 2.3522
v  -0.5786 4.0118 3.0196
v  -1.0763 4.0111 3.1463
v  -1.0565 2.7021 3.0709
v  -0.5510 2.7026 2.8941
v  -1.5721 4.0103 3.2645
v  -1.5633 2.7015 3.2387
v  -1.1011 5.4246 3.2301
v  -0.6115 5.4256 3.1524
v  -0.2570 8.5375 3.6589
v  0.2419 8.5454 3.8259
v  0.7390 8.5532 3.9845
v  0.2464 8.0915 3.7361
v  0.7314 8.0948 3.9033
v  -0.2404 8.0882 3.5605
v  1.8138 6.6777 3.0304
v  1.4644 6.6759 3.3793
v  1.4282 5.4299 3.2893
v  1.7543 5.4312 2.9085
v  1.1132 6.6742 3.7206
v  1.4932 7.5635 3.4540
v  1.1256 7.5614 3.7745
v  1.8601 7.5655 3.1253
v  2.5619 4.0194 2.5485
v  2.0640 4.0179 2.5791
v  2.6079 5.4332 2.6211
v  2.1303 5.4324 2.6962
v  3.4616 6.6838 1.3346
v  3.4186 6.6823 1.8163
v  3.3353 5.4362 1.7708
v  3.3406 5.4370 1.2802
v  3.3690 6.6810 2.2929
v  4.0991 4.0268 0.0855
v  3.7386 4.0250 0.4559
v  3.3705 4.0235 0.8233
v  3.8185 5.4393 0.4822
v  3.4937 5.4380 0.8708
v  4.3832 8.5674 0.1182
v  4.4652 8.5697 -0.0921
v  4.3881 8.1094 -0.0936
v  3.5711 8.5702 -2.6158
v  3.5005 8.5722 -2.8227
v  3.3103 8.5702 -2.9315
v  3.4413 8.1120 -2.7731
v  0.7987 6.6861 -4.0500
v  1.0138 6.6863 -4.1034
v  1.0054 5.4408 -4.0607
v  1.1866 6.6868 -3.9772
v  -1.8264 4.0204 -3.3988
v  -1.7260 4.0212 -3.5916
v  -1.7358 5.4345 -3.6075
v  -3.5109 6.6729 -1.3665
v  -3.5256 6.6732 -1.5845
v  -3.4828 5.4276 -1.5701
v  -3.6189 7.8946 1.2635
v  -3.6513 8.0912 1.2754
v  -3.4778 7.8946 1.4229
v  -3.5972 7.5559 1.2554
v  -3.4537 7.5559 1.4120
v  -1.9228 8.5512 3.4917
v  -1.8808 8.0912 3.4231
v  0.7284 7.8989 3.8684
v  0.9472 7.8997 3.9149
v  0.9523 8.0960 3.9486
v  1.1312 7.9002 3.8001
v  0.9437 7.5607 3.8919
v  0.7264 7.5604 3.8423
v  3.2569 8.5608 2.7225
v  3.4474 8.5633 2.6191
v  3.5215 8.5618 2.4136
v  3.3892 8.1031 2.5667
v  3.9205 6.6876 -0.7102
v  3.9954 7.5754 -0.7269
v  3.6371 6.6881 -1.1243
v  3.7340 7.5761 -1.1562
v  1.8636 6.6881 -3.2822
v  1.5258 6.6873 -3.6336
v  1.5562 7.5751 -3.7047
v  1.9114 7.5761 -3.3733
v  0.3322 6.6853 -3.8547
v  0.3251 7.5731 -3.9326
v  -0.1361 6.6848 -3.6516
v  -0.1551 7.5726 -3.7548
v  -3.2875 4.0149 -1.6943
v  -2.8280 4.0156 -1.9033
v  -2.3630 4.0164 -2.1065
v  -3.2301 4.0111 0.5194
v  -3.0097 4.0118 0.0460
v  -0.2037 6.6719 3.3682
v  0.2601 6.6724 3.5817
v  0.2517 7.5594 3.6624
v  -0.2247 7.5587 3.4740
v  0.7226 6.6729 3.7872
v  4.2201 4.0275 -0.1020
v  4.2054 2.7187 -0.1042
v  3.0962 4.0293 -2.7418
v  3.3017 4.0298 -2.6757
v  -3.5531 6.6686 1.2382
v  -3.4034 6.6686 1.3885
v  -1.7928 4.0101 3.2711
v  -1.7907 2.7013 3.2597
v  -1.8894 4.0098 3.0765
v  0.9364 6.6734 3.8451
v  3.1205 6.6800 2.5829
v  3.3128 6.6802 2.4976
v  3.3475 7.5678 2.5290
v  3.4886 6.6886 -1.5441
v  3.4532 6.6886 -2.0273
v  2.1040 4.0268 -2.8346
v  2.6021 4.0280 -2.7919
v  2.5561 2.7187 -2.7317
v  2.0354 2.7167 -2.7294
v  -0.5799 6.6838 -3.5787
v  -1.0646 6.6823 -3.6242
v  -1.5456 6.6807 -3.6624
v  -2.0885 4.0177 -2.4270
v  -1.9608 4.0192 -2.9153
v  -3.4008 6.6724 -0.8827
v  -3.4821 7.5594 -0.8913
v  -3.2829 6.6719 -0.3965
v  -3.3925 7.5587 -0.3990
v  -3.0163 6.6689 1.6675
v  -3.0853 7.5559 1.7123
v  -2.6218 6.6694 1.9438
v  -2.7091 7.5561 2.0101
v  -2.0141 4.0101 2.5907
v  -2.1325 4.0101 2.0999
v  -1.1319 6.6701 3.3239
v  -1.1582 7.5571 3.4013
v  -0.6459 6.6711 3.2867
v  -0.6730 7.5579 3.3915
v  1.6941 4.0169 2.7873
v  1.3938 4.0159 3.2096
v  1.3594 2.7069 3.1385
v  1.6326 2.7074 2.6740
v  2.1963 6.6790 2.8144
v  2.6613 6.6795 2.7013
v  3.2199 4.0225 1.2263
v  3.2602 4.0222 1.7315
v  3.1898 2.7127 1.6956
v  3.1023 2.7127 1.1747
v  3.6172 6.6848 0.9181
v  3.9086 6.6856 0.5093
v  1.0009 4.0275 -4.0425
v  -1.7586 6.6800 -3.6450
v  -1.7821 7.5675 -3.6837
v  -3.4638 4.0144 -1.5651
v  -1.0586 1.7536 0.5523
v  -0.7987 1.7510 0.2335
v  -1.1990 1.7538 0.1538
v  -1.2329 1.7561 0.3922
v  -0.6464 1.7520 -0.1025
v  -1.1780 1.7543 -0.1465
v  -0.4501 1.7515 0.4405
v  0.2608 1.7538 -0.1452
v  -0.8539 1.7536 0.7747
v  0.4326 1.7556 -1.0472
v  0.8372 1.7566 -1.1130
v  0.8387 1.7606 -1.5198
v  0.5323 1.7601 -1.5608
v  1.1957 1.7609 -1.3080
v  1.0745 1.7637 -1.5089
v  0.9708 1.7561 -0.7309
v  1.3738 1.7609 -1.0651
v  -0.7464 1.7520 -0.3380
v  -1.1815 1.7548 -0.4210
v  -0.5698 1.7528 -0.5179
v  -1.0801 1.7553 -0.6727
v  -0.9956 1.7561 -0.9523
v  -0.5951 1.7533 -0.8799
v  -0.7274 1.7571 -1.2650
v  -0.9455 1.7591 -1.1810
v  -0.1946 1.7541 -0.9450
v  -0.4564 1.7579 -1.3988
v  1.6286 1.7720 -1.2759
v  1.4168 1.7718 -1.4917
v  1.1704 1.7718 -1.6685
v  1.5555 1.7920 -1.6531
v  1.2792 1.7920 -1.8515
v  1.7928 1.7923 -1.4112
v  0.0731 1.7553 -1.2524
v  -0.1991 1.7586 -1.5628
v  0.2249 1.7596 -1.6326
v  -0.0073 1.7619 -1.7075
v  0.0880 1.7520 0.7567
v  -0.3170 1.7510 0.8225
v  -0.3188 1.7538 1.2293
v  -0.0124 1.7543 1.2703
v  -0.6758 1.7536 1.0176
v  -0.5548 1.7561 1.2185
v  1.5785 1.7609 -0.8430
v  1.3191 1.7566 -0.5242
v  1.7189 1.7606 -0.4445
v  1.7528 1.7637 -0.6826
v  1.1671 1.7556 -0.1880
v  1.6979 1.7601 -0.1442
v  0.8944 1.7713 -1.8014
v  0.5943 1.7710 -1.8854
v  0.9695 1.7915 -2.0005
v  0.6338 1.7910 -2.0946
v  0.7152 1.7533 0.6543
v  0.4471 1.7523 0.9619
v  0.7190 1.7558 1.2723
v  0.9766 1.7566 1.1084
v  0.2950 1.7548 1.3422
v  0.5273 1.7579 1.4168
v  1.2668 1.7556 0.0476
v  1.7014 1.7596 0.1305
v  1.0904 1.7548 0.2274
v  1.6000 1.7591 0.3823
v  1.9243 1.8246 -1.5195
v  1.6665 1.8244 -1.7826
v  1.3662 1.8241 -1.9982
v  1.0300 1.8239 -2.1599
v  0.6654 1.8231 -2.2621
v  0.2808 1.8226 -2.2988
v  0.2791 1.7902 -2.1282
v  -0.1045 1.8216 -2.2697
v  -0.0762 1.7895 -2.1014
v  -0.4708 1.8208 -2.1745
v  -0.4137 1.7887 -2.0139
v  -0.8104 1.8198 -2.0192
v  -0.7261 1.7880 -1.8709
v  -1.1147 1.8188 -1.8097
v  -1.0062 1.7869 -1.6782
v  -1.3776 1.8181 -1.5519
v  -1.2481 1.7862 -1.4408
v  -1.5931 1.8171 -1.2516
v  -1.4464 1.7854 -1.1646
v  -1.7551 1.8163 -0.9154
v  -1.5954 1.7844 -0.8549
v  -1.8570 1.8153 -0.5485
v  -1.6893 1.7837 -0.5169
v  -1.8950 1.8148 -0.1662
v  -1.7242 1.7832 -0.1645
v  -1.8644 1.8140 0.2168
v  -1.6961 1.7826 0.1885
v  -1.7695 1.8138 0.5854
v  -1.6088 1.7821 0.5283
v  -1.6144 1.8135 0.9250
v  -1.4659 1.7821 0.8407
v  -1.4047 1.8135 1.2293
v  -1.2731 1.7819 1.1208
v  -1.1469 1.8135 1.4922
v  -1.0358 1.7821 1.3627
v  -0.8468 1.8138 1.7078
v  -0.7595 1.7824 1.5610
v  -0.5103 1.8143 1.8697
v  -0.4498 1.7826 1.7100
v  -0.1457 1.8148 1.9719
v  -0.1141 1.7832 1.8042
v  0.2388 1.8155 2.0086
v  0.2406 1.7839 1.8378
v  0.6242 1.8163 1.9792
v  0.5958 1.7847 1.8110
v  0.9905 1.8171 1.8844
v  0.9333 1.7854 1.7234
v  1.3300 1.8181 1.7290
v  1.2458 1.7862 1.5805
v  1.6341 1.8191 1.5193
v  1.5258 1.7872 1.3877
v  1.8973 1.8198 1.2615
v  1.7677 1.7880 1.1504
v  2.1128 1.8208 0.9614
v  1.9661 1.7887 0.8741
v  2.2745 1.8219 0.6249
v  2.1151 1.7897 0.5644
v  2.3764 1.8226 0.2581
v  2.2090 1.7905 0.2264
v  2.4144 1.8231 -0.1242
v  2.2439 1.7910 -0.1260
v  2.3840 1.8239 -0.5073
v  2.2158 1.7915 -0.4789
v  2.2892 1.8241 -0.8759
v  2.1285 1.7920 -0.8187
v  2.1338 1.8244 -1.2154
v  1.9856 1.7923 -1.1312
v  0.2770 1.7702 -1.9155
v  -0.0407 1.7697 -1.8914
v  -0.3421 1.7690 -1.8133
v  -0.6209 1.7682 -1.6860
v  -0.8706 1.7675 -1.5140
v  -1.0864 1.7665 -1.3022
v  -1.2632 1.7657 -1.0560
v  -1.3961 1.7652 -0.7797
v  -1.4801 1.7644 -0.4777
v  -1.5112 1.7639 -0.1624
v  -1.4861 1.7634 0.1533
v  -1.4082 1.7632 0.4569
v  -1.2807 1.7629 0.7357
v  -1.1089 1.7629 0.9852
v  -0.8971 1.7629 1.2010
v  -0.6507 1.7632 1.3781
v  -0.3744 1.7634 1.5109
v  -0.0746 1.7639 1.5949
v  0.2426 1.7644 1.6250
v  0.5604 1.7652 1.6010
v  0.8620 1.7659 1.5228
v  1.1405 1.7667 1.3956
v  1.3905 1.7675 1.2233
v  1.2473 1.7573 0.9746
v  1.6063 1.7682 1.0118
v  1.4651 1.7606 0.8906
v  1.7832 1.7690 0.7656
v  1.5155 1.7584 0.6619
v  1.9160 1.7697 0.4891
v  1.9997 1.7702 0.1872
v  2.0311 1.7710 -0.1280
v  2.0058 1.7713 -0.4438
v  1.9279 1.7718 -0.7474
v  1.8004 1.7720 -1.0262
v  1.1155 1.7543 0.5895
v  -2.1075 1.0596 -1.0494
v  -1.9175 1.0606 -1.4446
v  -1.7839 1.0669 -1.2721
v  -2.0035 1.0644 -1.0072
v  -1.6642 1.0616 -1.7973
v  -1.4527 1.0682 -1.6154
v  -1.9436 1.0467 -1.4601
v  -1.6873 1.0477 -1.8168
v  -2.1358 1.0457 -1.0601
v  -1.3553 1.0629 -2.1002
v  -1.1661 1.0694 -1.9942
v  -0.9978 1.0639 -2.3463
v  -0.9417 1.0687 -2.2502
v  -1.3746 1.0489 -2.1234
v  -1.0128 1.0500 -2.3726
v  -0.5991 1.0649 -2.5287
v  -0.6044 1.0710 -2.3127
v  -0.1688 1.0659 -2.6406
v  -0.1414 1.0720 -2.3580
v  -0.6092 1.0512 -2.5573
v  -0.1738 1.0522 -2.6704
v  0.2834 1.0669 -2.6747
v  0.2811 1.0730 -2.4397
v  0.7347 1.0677 -2.6317
v  0.7018 1.0737 -2.3496
v  0.2836 1.0532 -2.7051
v  0.7403 1.0540 -2.6616
v  1.1628 1.0684 -2.5115
v  1.1638 1.0745 -2.2955
v  1.5577 1.0689 -2.3215
v  1.4995 1.0735 -2.2264
v  1.1734 1.0548 -2.5399
v  1.5734 1.0550 -2.3476
v  1.9104 1.0692 -2.0683
v  1.7191 1.0750 -1.9661
v  2.2135 1.0694 -1.7594
v  1.9985 1.0750 -1.5818
v  1.9301 1.0555 -2.0913
v  2.2368 1.0555 -1.7786
v  2.4597 1.0692 -1.4019
v  2.3228 1.0750 -1.2321
v  2.6421 1.0689 -1.0031
v  2.5371 1.0735 -0.9632
v  2.4860 1.0555 -1.4168
v  2.6707 1.0553 -1.0133
v  2.7534 1.0684 -0.5703
v  2.5411 1.0745 -0.6143
v  2.7893 1.0679 -0.1207
v  2.5105 1.0737 -0.1237
v  2.7833 1.0548 -0.5753
v  2.8194 1.0540 -0.1204
v  2.7448 1.0669 0.3281
v  2.5315 1.0730 0.3679
v  2.6249 1.0661 0.7588
v  2.5209 1.0707 0.7165
v  2.7744 1.0532 0.3337
v  2.6532 1.0522 0.7694
v  2.4349 1.0651 1.1539
v  2.3013 1.0715 0.9811
v  2.1816 1.0639 1.5064
v  1.9701 1.0702 1.3242
v  2.4609 1.0512 1.1694
v  2.2047 1.0502 1.5261
v  1.8727 1.0629 1.8095
v  1.6835 1.0692 1.7032
v  1.5152 1.0618 2.0556
v  1.4588 1.0667 1.9592
v  1.8919 1.0489 1.8327
v  1.5302 1.0479 2.0819
v  1.5388 1.0234 2.0969
v  1.1324 1.0221 2.2826
v  1.1266 1.0467 2.2666
v  0.6940 1.0211 2.3964
v  0.6912 1.0457 2.3795
v  0.2335 1.0201 2.4313
v  0.2338 1.0446 2.4141
v  -0.2259 1.0193 2.3873
v  -0.2229 1.0439 2.3706
v  0.2388 0.9973 2.5310
v  -0.2441 0.9935 2.4546
v  -0.6621 1.0186 2.2651
v  -0.6560 1.0431 2.2492
v  -1.0646 1.0181 2.0713
v  -1.0560 1.0426 2.0566
v  -0.7102 0.9958 2.3549
v  -1.4239 1.0178 1.8135
v  -1.4128 1.0424 1.8006
v  -1.7326 1.0178 1.4988
v  -1.7194 1.0424 1.4879
v  -1.9835 1.0178 1.1345
v  -1.9686 1.0424 1.1261
v  -2.1692 1.0181 0.7281
v  -2.1533 1.0426 0.7226
v  -2.0787 0.9951 1.1762
v  -2.2828 1.0186 0.2874
v  -2.2659 1.0431 0.2846
v  -2.3193 1.0193 -0.1705
v  -2.3021 1.0439 -0.1703
v  -2.2740 1.0201 -0.6277
v  -2.2570 1.0446 -0.6244
v  -2.1518 1.0211 -1.0661
v  -1.9582 1.0221 -1.4689
v  -1.7002 1.0231 -1.8282
v  -1.3854 1.0244 -2.1368
v  -1.0211 1.0254 -2.3876
v  -0.6150 1.0267 -2.5735
v  -0.1766 1.0277 -2.6874
v  0.2839 1.0287 -2.7220
v  0.7436 1.0295 -2.6783
v  1.1795 1.0302 -2.5561
v  1.5820 1.0307 -2.3623
v  1.9413 1.0310 -2.1045
v  2.2499 1.0310 -1.7897
v  2.5009 1.0310 -1.4254
v  2.6869 1.0307 -1.0191
v  2.8002 1.0302 -0.5781
v  2.8366 1.0295 -0.1204
v  2.7914 1.0287 0.3367
v  2.6692 1.0277 0.7754
v  2.4756 1.0267 1.1780
v  2.2176 1.0257 1.5372
v  1.9028 1.0244 1.8459
v  1.1165 1.0606 2.2380
v  1.1218 1.0674 2.0217
v  0.6861 1.0596 2.3499
v  0.6588 1.0664 2.0668
v  0.2340 1.0586 2.3840
v  0.2363 1.0654 2.1485
v  -0.2173 1.0578 2.3410
v  -0.1844 1.0646 2.0587
v  -0.6454 1.0570 2.2208
v  -0.6464 1.0639 2.0043
v  -1.0406 1.0568 2.0308
v  -0.9824 1.0616 1.9355
v  -1.3933 1.0563 1.7776
v  -1.2018 1.0634 1.6751
v  -1.6961 1.0563 1.4687
v  -1.4811 1.0634 1.2906
v  -1.9423 1.0563 1.1112
v  -1.8057 1.0634 0.9412
v  -2.1247 1.0565 0.7125
v  -2.0200 1.0616 0.6722
v  -2.2363 1.0570 0.2796
v  -2.0238 1.0639 0.3233
v  -2.2719 1.0578 -0.1700
v  -1.9931 1.0646 -0.1675
v  -2.2274 1.0586 -0.6188
v  -2.0141 1.0654 -0.6588
v  -0.6753 1.0669 1.4236
v  -0.0989 1.0684 1.2837
v  -0.8928 1.0674 0.8033
v  0.2591 1.0715 -0.1470
v  1.9767 1.0758 -0.7590
v  1.4105 1.0753 -1.0955
v  1.7480 1.0742 -0.1316
v  1.1929 1.0758 -1.7153
v  0.6166 1.0745 -1.5759
v  1.3918 1.0720 0.8255
v  1.9643 1.0737 0.5004
v  -1.2303 1.0684 -0.1607
v  -1.4591 1.0669 0.4673
v  0.2426 1.0687 1.5157
v  0.5887 1.0697 1.2903
v  1.1620 1.0707 1.4416
v  0.2750 1.0740 -1.8077
v  -0.0711 1.0730 -1.5828
v  -0.6446 1.0722 -1.7333
v  -0.8741 1.0707 -1.1178
v  -1.4469 1.0689 -0.7921
v  4.0925 14.3912 -1.5127
v  4.2729 14.3904 -0.8119
v  4.3309 14.3894 -0.0837
v  4.4556 14.3910 -0.8430
v  4.2671 14.3917 -1.5757
v  3.3981 14.3917 -2.7380
v  3.7970 14.3917 -2.1589
v  3.9582 14.3922 -2.2510
v  3.5413 14.3922 -2.8561
v  2.3360 14.3912 -3.6485
v  2.9072 14.3917 -3.2384
v  3.0284 14.3922 -3.3793
v  2.4313 14.3917 -3.8079
v  1.0026 14.3894 -4.1510
v  1.6959 14.3904 -3.9564
v  1.7624 14.3907 -4.1297
v  1.0376 14.3897 -4.3331
v  -0.4602 14.3864 -4.1652
v  0.2720 14.3879 -4.2206
v  0.2737 14.3882 -4.4060
v  -0.4916 14.3867 -4.3481
v  -1.8029 14.3829 -3.6888
v  -1.1570 14.3846 -3.9843
v  -1.2200 14.3849 -4.1588
v  -1.8952 14.3831 -3.8502
v  -2.8827 14.3793 -2.7990
v  -2.3820 14.3811 -3.2900
v  -2.5004 14.3811 -3.4332
v  -3.0236 14.3793 -2.9201
v  -3.6007 14.3760 -1.5876
v  -3.2928 14.3775 -2.2277
v  -3.4522 14.3775 -2.3231
v  -3.7740 14.3758 -1.6541
v  -3.8669 14.3730 -0.1637
v  -3.7948 14.3745 -0.8903
v  -3.9769 14.3740 -0.9252
v  -4.0521 14.3727 -0.1655
v  -3.6285 14.3712 1.2653
v  -3.8089 14.3720 0.5642
v  -3.9916 14.3717 0.5956
v  -3.8031 14.3707 1.3283
v  -2.9341 14.3707 2.4903
v  -3.3330 14.3707 1.9112
v  -3.4942 14.3705 2.0035
v  -3.0773 14.3702 2.6087
v  -1.8720 14.3712 3.4011
v  -2.4432 14.3710 2.9907
v  -2.5644 14.3705 3.1316
v  -1.9673 14.3710 3.5605
v  -0.5386 14.3732 3.9036
v  -1.2319 14.3720 3.7090
v  -1.2984 14.3717 3.8823
v  -0.5736 14.3727 4.0855
v  0.9240 14.3760 3.9177
v  0.1920 14.3745 3.9731
v  0.1903 14.3743 4.1583
v  0.9556 14.3758 4.1004
v  2.2669 14.3796 3.4413
v  1.6210 14.3778 3.7368
v  1.6840 14.3775 3.9114
v  2.3592 14.3796 3.6025
v  3.3467 14.3831 2.5515
v  2.8460 14.3813 3.0423
v  2.9644 14.3813 3.1855
v  3.4876 14.3831 2.6727
v  4.0647 14.3867 1.3401
v  3.7568 14.3849 1.9802
v  3.9162 14.3851 2.0756
v  4.2588 14.3882 0.6429
v  -1.5600 0.9859 2.8561
v  -1.2959 0.9865 2.7167
v  -0.2527 1.7801 -3.0165
v  -0.2679 2.7127 -3.1415
v  -0.2452 1.2172 -2.9275
v  2.9366 0.9963 1.3472
v  2.8141 0.9961 0.9761
v  2.1705 1.0011 -2.5505
v  1.7887 0.9996 -2.4875
v  0.8933 1.0107 3.7262
v  0.6763 1.0100 3.6005
v  -3.4788 1.7700 1.1985
v  -1.7915 1.7700 3.2450
v  -1.5555 1.7702 3.2134
v  3.4512 1.0054 -0.6613
v  3.2551 1.0004 -0.7646
v  2.9206 0.9994 -0.9751
v  3.0054 1.0037 -0.9488
v  2.9857 1.7837 -1.1350
v  3.1132 2.7162 -1.1772
v  3.0137 1.7844 -1.3632
v  2.8918 1.2205 -1.1049
v  -2.3456 0.9859 1.2906
v  -2.6107 0.9900 1.4042
v  -1.9881 0.9857 1.4978
v  -2.1012 0.9895 1.5408
v  -3.3642 1.0097 -1.3171
v  -3.4469 1.0105 -1.5544
v  -3.2293 1.0107 -1.6728
v  -0.4339 0.9870 2.5399
v  -0.8470 0.9870 2.6049
v  1.3460 1.0211 -3.2807
v  1.3672 1.0052 -3.2065
v  1.5524 1.0191 -2.7468
v  1.5562 1.0037 -2.7127
v  3.1519 1.7867 -1.8930
v  -0.1149 1.0069 2.7478
v  -0.2958 1.0062 2.5948
v  -0.2910 0.9908 2.5793
v  -0.1161 0.9915 2.7089
v  -0.2990 1.2081 2.6274
v  -2.6780 1.0062 0.0316
v  -2.5576 1.0062 -0.1725
v  -2.5399 0.9908 -0.1725
v  -2.6740 1.0069 -0.3792
v  -2.5874 1.2078 -0.1725
v  4.3400 9.3274 -0.8210
v  4.0581 9.4311 -1.7110
v  3.9741 9.2330 -1.5570
v  2.9118 9.0471 -3.2053
v  2.9421 9.3287 -3.2895
v  2.1912 9.4306 -3.7738
v  2.2206 9.2328 -3.5997
v  0.2846 9.3249 -4.2805
v  -1.1643 9.3216 -4.0551
v  -1.1673 9.0402 -3.9567
v  -2.3362 9.0352 -3.2883
v  -2.4187 9.3168 -3.3270
v  -3.0110 9.4164 -2.6854
v  -2.8427 9.2181 -2.6823
v  -3.8438 9.3099 -0.9037
v  -3.8848 9.4104 0.0210
v  -3.7581 9.2120 -0.0982
v  -3.0600 9.4083 2.3580
v  -2.9533 9.4185 2.5022
v  -2.8918 9.2097 2.3575
v  -2.8766 9.2667 2.4361
v  -2.8275 9.4083 2.6299
v  -2.8022 9.2097 2.4635
v  -0.7299 9.4104 3.8841
v  -0.5427 9.4207 3.9266
v  -0.5951 9.2120 3.7740
v  -0.5290 9.2689 3.8254
v  -0.3436 9.4111 3.9450
v  -0.4501 9.2123 3.7981
v  2.1270 9.4185 3.5405
v  2.2957 9.4291 3.4537
v  2.1649 9.2214 3.3626
v  2.2461 9.2781 3.3619
v  2.4496 9.4195 3.3480
v  2.2884 9.2216 3.2903
v  3.7222 9.0405 1.9800
v  3.8165 9.3218 1.9997
v  4.1553 9.4266 1.1552
v  3.9873 9.2282 1.2286
v  -2.1067 1.0105 -1.8935
v  -1.8866 1.0105 -1.9663
v  -1.8727 0.9951 -1.9560
v  -1.8497 1.0115 -2.1938
v  -1.9086 1.2121 -1.9873
v  2.8268 0.9999 0.8486
v  2.7957 0.9956 0.8341
v  2.9039 0.9966 0.7357
v  2.9895 1.0009 0.7114
v  2.8455 1.0031 -1.0889
v  2.8141 0.9986 -1.0755
v  2.8354 0.9996 -1.2169
v  1.9666 1.7844 -2.6353
v  1.7401 1.7837 -2.6482
v  1.8130 2.7162 -2.7570
v  1.6850 1.2205 -2.5707
v  1.6594 1.0029 -2.5293
v  1.6453 0.9986 -2.4946
v  1.5711 0.9994 -2.6160
v  3.2296 1.7814 2.4288
v  3.2389 1.7814 2.1938
v  0.2694 0.9930 3.0853
v  0.2540 0.9887 2.8093
v  -0.1204 0.9875 2.5981
v  4.1811 1.7875 -0.1060
v  2.5060 1.7867 -2.6778
v  1.5689 1.7751 2.5750
v  1.6979 1.7753 2.3828
v  1.7733 2.7076 2.4918
v  1.6397 1.2124 2.3066
v  -1.8892 1.0047 1.8618
v  -1.9215 1.0047 1.6336
v  -1.9074 0.9892 1.6235
v  -2.1404 1.0047 1.5565
v  -1.9441 1.2063 1.6549
v  3.8097 8.5547 -1.4241
v  3.9086 8.9942 -1.4578
v  3.7581 8.5570 -1.6480
v  3.7113 8.1062 -1.3905
v  2.0852 7.5764 -3.2301
v  2.1083 7.9144 -3.2705
v  2.1300 8.1062 -3.3077
v  1.9317 7.9141 -3.4117
v  -0.3894 7.9103 -3.7320
v  -0.3795 7.5723 -3.6852
v  -0.1629 7.9106 -3.7983
v  -0.3972 8.1019 -3.7745
v  -2.4974 7.5637 -2.4830
v  -2.5353 7.9012 -2.5133
v  -2.5690 8.0925 -2.5416
v  -2.7028 7.9010 -2.3643
v  -3.4127 7.8957 -0.1700
v  -3.3631 7.5582 -0.1700
v  -3.4383 7.8964 -0.4002
v  -3.4568 8.0869 -0.1700
v  -2.5427 7.5561 2.1594
v  -2.5811 7.8936 2.1902
v  -2.7458 7.8936 2.0379
v  -2.6153 8.0849 2.2183
v  -2.4622 7.8936 2.3820
v  -0.2333 7.8964 3.5185
v  -0.4582 7.8959 3.4471
v  -0.4473 7.5584 3.3998
v  -0.6844 7.8957 3.4355
v  -0.4670 8.0869 3.4904
v  2.1318 8.5441 3.1534
v  2.1816 8.9831 3.2432
v  2.3423 8.5466 3.0651
v  2.0819 8.0955 3.0641
v  3.6010 7.5723 1.1570
v  3.6440 7.9103 1.1747
v  3.6842 8.1019 1.1906
v  2.8582 1.0186 -1.0942
v  3.0360 1.0191 -0.9407
v  3.3862 5.4413 -1.2739
v  3.2485 4.0263 -1.2243
v  1.6655 1.0186 -2.5429
v  1.8866 4.0263 -2.8789
v  1.9597 5.4413 -3.0064
v  -0.4625 1.0155 -2.9786
v  -0.2424 1.0153 -2.8956
v  -0.2378 0.9999 -2.8802
v  -0.0584 1.0163 -3.0451
v  -0.3241 5.4375 -3.4284
v  -0.2932 4.0227 -3.2817
v  -1.9701 1.7751 -2.0460
v  -2.0604 2.7074 -2.1280
v  -2.2879 5.4309 -2.3147
v  -2.1695 4.0169 -2.2193
v  -2.6709 1.7708 -0.1725
v  -2.7921 2.7028 -0.1723
v  -2.9356 4.0121 -0.1715
v  -3.0902 5.4259 -0.1708
v  -2.0986 2.7008 1.7976
v  -2.0066 1.7690 1.7141
v  -2.3296 5.4241 1.9883
v  -2.2095 4.0101 1.8907
v  -0.5321 1.7705 2.7820
v  -0.3087 1.7708 2.7180
v  -0.3261 2.7028 2.8455
v  -0.3539 4.0121 2.9882
v  -0.3871 5.4261 3.1377
v  1.6129 0.9951 2.2656
v  1.6190 1.0107 2.2793
v  1.8489 1.0115 2.2849
v  1.8214 0.9961 2.2689
v  1.9170 5.4319 2.7514
v  1.8461 4.0174 2.6181
v  2.8394 1.0153 0.8541
v  2.8728 1.2172 0.8663
v  3.0201 1.0166 0.7041
v  3.0929 2.7127 0.9477
v  3.2273 4.0227 1.0019
v  3.3639 5.4375 1.0586
v  3.5215 6.6883 -1.3227
v  3.6255 7.5766 -1.3606
v  2.0308 6.6883 -3.1327
v  -0.3552 6.6843 -3.5736
v  -2.4060 6.6767 -2.4096
v  -3.2442 6.6714 -0.1703
v  -2.4498 6.6694 2.0850
v  -0.4210 6.6716 3.2857
v  1.9858 6.6785 2.8829
v  2.0387 7.5662 2.9841
v  3.4980 6.6843 1.1142
v  3.9519 9.1584 -1.4727
v  2.2558 9.1581 -3.5203
v  2.2327 8.9942 -3.4821
v  -0.4349 8.9896 -3.9754
v  -0.4425 9.1536 -4.0199
v  -2.7610 9.1432 -2.7028
v  -2.7268 8.9793 -2.6737
v  -3.6645 8.9734 -0.1705
v  -3.7103 9.1371 -0.1708
v  -2.7757 8.9712 2.3501
v  -2.8106 9.1349 2.3792
v  -0.5085 8.9734 3.6931
v  -0.5171 9.1371 3.7378
v  2.2034 9.1470 3.2824
v  3.9147 9.1536 1.2820
v  3.8729 8.9896 1.2655
v  3.4408 1.0034 0.4329
v  3.2425 0.9981 0.5321
v  2.9652 1.0011 -1.5858
v  1.4330 1.0004 -2.9872
v  -0.2244 0.9953 -2.8407
v  -1.8350 0.9908 -1.9294
v  -2.4931 0.9865 -0.1720
v  -1.8694 0.9849 1.5977
v  -0.2768 0.9867 2.5401
v  2.9905 1.7804 1.1284
v  2.9659 1.7804 0.8999
v  0.3395 1.0193 -3.4684
v  -0.9685 1.0163 -3.2521
v  -1.8378 1.0138 -2.7600
v  -2.6684 1.0105 -1.7907
v  -3.0246 1.0082 -0.8430
v  -3.0375 1.0062 0.4883
v  -2.7000 1.0052 1.4426
v  -1.8884 1.0052 2.4281
v  -1.0416 1.7702 3.0031
v  0.2748 1.0085 3.1787
v  1.3232 1.7751 3.0737
v  2.4043 1.0140 2.3767
v  2.3332 0.9981 2.3559
v  3.1203 1.7809 1.6599
v  3.5084 1.0193 0.4000
v  3.5182 1.0211 -0.6272
v  1.3776 0.9910 2.7185
v  1.5228 0.9913 2.3504
v  1.5995 0.9908 2.2305
v  1.7429 0.9918 2.2262
v  2.1234 0.9930 2.2965
v  3.6678 8.5636 -2.1348
v  2.8544 8.5636 -3.1187
v  2.3916 8.5570 -3.3007
v  -0.6464 8.5517 -3.8610
v  -1.1431 8.5567 -3.8517
v  -2.2573 8.5519 -3.2182
v  -2.5181 8.5436 -2.7974
v  -3.5175 7.8977 -0.8954
v  -3.1157 7.8941 1.7315
v  -1.9934 7.8946 3.2242
v  -2.2297 7.8941 2.8068
v  -1.1701 7.8952 3.4350
v  -1.6511 7.8949 3.4272
v  1.8795 7.9035 3.1650
v  1.5059 7.9020 3.4866
v  2.8027 8.5537 2.8964
v  3.6253 8.5567 1.9352
v  3.7229 8.5519 1.4510
v  3.8853 8.5530 1.0168
v  4.1383 8.5600 0.5672
v  1.0451 8.5697 -4.2788
v  -1.7938 7.9065 -3.7029
v  -3.6984 8.5560 -1.6465
v  3.7753 7.9144 -1.1696
v  4.0288 7.9139 -0.7340
v  4.2739 7.9131 -0.2990
v  1.5694 7.9136 -3.7361
v  0.3226 7.9116 -3.9671
v  -3.0788 7.9005 -2.0652
v  -3.5858 8.5368 0.0648
v  -3.6597 8.5428 0.5728
v  -3.7257 8.5492 1.0775
v  0.2484 7.8977 3.6976
v  4.3549 7.9129 -0.0944
v  3.4160 7.9154 -2.7519
v  -3.7270 8.5512 1.3030
v  -1.8628 7.8949 3.3940
v  0.9642 8.5560 4.0270
v  3.3644 7.9065 2.5444
v  3.6693 7.9146 -1.3763
v  2.1811 8.5547 -3.3948
v  -0.4162 8.5502 -3.8747
v  -2.6477 8.5406 -2.6074
v  -3.5605 8.5347 -0.1703
v  -2.6955 8.5325 2.2841
v  -0.4878 8.5347 3.5913
v  2.0609 7.9043 3.0261
v  3.7783 8.5504 1.2281
# 2524 vertices

vn -0.6249 -0.0972 -0.7747
vn -0.6681 -0.0538 -0.7421
vn -0.7015 -0.0537 -0.7106
vn -0.6594 -0.1001 -0.7451
vn -0.5621 -0.0228 -0.8267
vn -0.5899 -0.0226 -0.8072
vn -0.6144 -0.0505 -0.7873
vn -0.5157 -0.0213 -0.8565
vn -0.5715 -0.0870 -0.8160
vn 0.2718 -0.0322 -0.9618
vn 0.4007 -0.0649 -0.9139
vn 0.4416 -0.0689 -0.8946
vn 0.3038 -0.0352 -0.9521
vn 0.3490 -0.1064 -0.9311
vn 0.3903 -0.1131 -0.9137
vn 0.3370 -0.0542 -0.9399
vn 0.2867 -0.0893 -0.9538
vn 0.2192 -0.0250 -0.9754
vn -0.9827 -0.0918 -0.1610
vn -0.9933 -0.0490 -0.1050
vn -0.9971 -0.0480 -0.0589
vn -0.9889 -0.0936 -0.1152
vn -0.9694 -0.0180 -0.2448
vn -0.9772 -0.0168 -0.2117
vn -0.9834 -0.0480 -0.1753
vn -0.9542 -0.0191 -0.2985
vn -0.9698 -0.0842 -0.2288
vn -0.3929 -0.0239 -0.9193
vn -0.2604 -0.0564 -0.9639
vn -0.2160 -0.0583 -0.9746
vn -0.3617 -0.0249 -0.9320
vn -0.3137 -0.0984 -0.9444
vn -0.2699 -0.1030 -0.9574
vn -0.3272 -0.0503 -0.9436
vn -0.3776 -0.0859 -0.9220
vn -0.4429 -0.0211 -0.8963
vn -0.8687 -0.0959 0.4860
vn -0.8438 -0.0534 0.5340
vn -0.8185 -0.0535 0.5721
vn -0.8454 -0.0988 0.5249
vn -0.9099 -0.0204 0.4143
vn -0.8954 -0.0198 0.4448
vn -0.8792 -0.0508 0.4737
vn -0.9313 -0.0208 0.3636
vn -0.9003 -0.0868 0.4266
vn -0.9016 -0.0190 -0.4321
vn -0.8332 -0.0516 -0.5506
vn -0.8071 -0.0516 -0.5882
vn -0.8865 -0.0183 -0.4623
vn -0.8589 -0.0943 -0.5033
vn -0.8349 -0.0971 -0.5417
vn -0.8697 -0.0492 -0.4910
vn -0.8917 -0.0854 -0.4444
vn -0.9241 -0.0195 -0.3818
vn -0.3322 -0.1015 0.9377
vn -0.2794 -0.0596 0.9583
vn -0.2352 -0.0615 0.9700
vn -0.2887 -0.1061 0.9515
vn -0.4109 -0.0269 0.9113
vn -0.3800 -0.0279 0.9246
vn -0.3457 -0.0534 0.9368
vn -0.4604 -0.0240 0.8874
vn -0.3957 -0.0889 0.9141
vn -0.9740 -0.0188 0.2259
vn -0.9951 -0.0493 0.0855
vn -0.9981 -0.0482 0.0393
vn -0.9811 -0.0174 0.1926
vn -0.9856 -0.0923 0.1416
vn -0.9910 -0.0939 0.0956
vn -0.9866 -0.0486 0.1560
vn -0.9741 -0.0849 0.2096
vn -0.9598 -0.0200 0.2799
vn 0.3154 -0.5510 0.7726
vn 0.3416 -0.6224 0.7042
vn 0.0665 -0.9873 0.1443
vn 0.0939 -0.9613 0.2590
vn 0.2282 -0.6531 0.7221
vn 0.0355 -0.9944 0.0999
vn 0.4239 -0.0718 0.9029
vn 0.2850 -0.0383 0.9578
vn 0.3722 -0.1161 0.9208
vn -0.5779 -0.0255 0.8157
vn -0.6823 -0.0562 0.7289
vn -0.7151 -0.0560 0.6968
vn -0.6052 -0.0252 0.7957
vn -0.6397 -0.0996 0.7621
vn -0.6736 -0.1025 0.7319
vn -0.6298 -0.0528 0.7750
vn -0.5874 -0.0891 0.8044
vn -0.5323 -0.0240 0.8462
vn 0.8412 -0.3443 0.4170
vn 0.8380 -0.4073 0.3631
vn 0.4051 -0.8975 0.1743
vn 0.4948 -0.8353 0.2397
vn 0.6831 -0.5951 0.4234
vn 0.1269 -0.9891 0.0746
vn 0.9075 -0.0806 0.4122
vn 0.8381 -0.0468 0.5434
vn 0.8787 -0.1260 0.4604
vn 0.0584 -0.0315 0.9978
vn -0.0836 -0.0583 0.9948
vn -0.1269 -0.0588 0.9902
vn 0.0265 -0.0328 0.9991
vn -0.0268 -0.0996 0.9947
vn -0.0703 -0.1027 0.9922
vn -0.0157 -0.0534 0.9985
vn 0.0391 -0.0884 0.9953
vn 0.1115 -0.0268 0.9934
vn 0.9162 -0.3354 -0.2191
vn 0.8788 -0.4014 -0.2580
vn 0.4288 -0.8946 -0.1261
vn 0.5426 -0.8293 -0.1339
vn 0.7976 -0.5930 -0.1104
vn 0.1485 -0.9886 -0.0231
vn 0.9611 -0.0774 -0.2651
vn 0.9919 -0.0471 -0.1176
vn 0.9700 -0.1222 -0.2102
vn 0.6997 -0.0408 0.7133
vn 0.5957 -0.0710 0.8000
vn 0.5584 -0.0749 0.8262
vn 0.6752 -0.0445 0.7363
vn 0.6364 -0.1136 0.7630
vn 0.6006 -0.1206 0.7904
vn 0.6499 -0.0591 0.7578
vn 0.6871 -0.0944 0.7204
vn 0.7374 -0.0310 0.6748
vn -0.0961 -0.9951 0.0214
vn -0.0067 -1.0000 0.0023
vn 0.0007 -1.0000 -0.0026
vn -0.0660 -0.9978 -0.0023
vn -0.0070 -0.9999 0.0103
vn 0.0982 -0.9893 -0.1076
vn -0.1153 -0.9926 0.0382
vn -0.9999 -0.0119 -0.0098
vn -0.9862 -0.0122 0.1649
vn -0.9863 -0.0016 0.1649
vn -1.0000 -0.0014 -0.0097
vn -0.9425 -0.0124 0.3338
vn -0.9426 -0.0018 0.3339
vn -0.9862 -0.0159 0.1648
vn -0.9425 -0.0161 0.3338
vn -0.9998 -0.0156 -0.0098
vn -0.7590 -0.0104 -0.6510
vn -0.8599 -0.0108 -0.5103
vn -0.8600 -0.0003 -0.5103
vn -0.7591 0.0001 -0.6510
vn -0.9359 -0.0112 -0.3522
vn -0.9359 -0.0007 -0.3522
vn -0.8599 -0.0146 -0.5103
vn -0.9358 -0.0150 -0.3522
vn -0.7590 -0.0141 -0.6510
vn -0.0026 -1.0000 -0.0036
vn 0.0011 -1.0000 0.0029
vn -0.0991 -0.9891 -0.1089
vn -0.0605 -0.9948 -0.0823
vn -0.0009 -1.0000 0.0075
vn -0.1573 -0.9672 -0.1995
vn 0.0150 -0.9924 0.1224
vn 0.0254 -0.9898 0.1402
vn -0.0089 -0.9977 0.0670
vn -0.4937 -0.0248 -0.8693
vn -0.3327 -0.0152 -0.9429
vn -0.3221 -0.0110 -0.9467
vn -0.4944 -0.0864 -0.8649
vn -0.1636 -0.0121 -0.9865
vn -0.1612 -0.0093 -0.9869
vn -0.3348 -0.0128 -0.9422
vn -0.1640 -0.0124 -0.9864
vn -0.4934 -0.0132 -0.8697
vn -0.4934 -0.0095 -0.8697
vn -0.6360 -0.0100 -0.7716
vn -0.6361 0.0006 -0.7716
vn -0.4935 0.0010 -0.8698
vn -0.6360 -0.0137 -0.7716
vn 0.0988 -0.9925 0.0725
vn 0.0062 -1.0000 -0.0003
vn 0.0104 -0.9999 -0.0004
vn 0.1077 -0.9902 0.0890
vn -0.0348 -0.9879 -0.1514
vn -0.0809 -0.9647 -0.2505
vn 0.0028 -1.0000 -0.0073
vn -0.0329 -0.9944 -0.1002
vn 0.0677 -0.9974 0.0232
vn -0.0010 -1.0000 0.0029
vn 0.0060 -1.0000 -0.0000
vn -0.1206 -0.9895 0.0798
vn -0.0877 -0.9951 0.0462
vn 0.0090 -1.0000 0.0024
vn -0.2164 -0.9689 0.1202
vn 0.1226 -0.9924 0.0070
vn 0.1391 -0.9903 -0.0003
vn -0.1190 -0.9892 -0.0855
vn 0.0061 -1.0000 -0.0032
vn -0.0009 -1.0000 -0.0062
vn -0.0867 -0.9949 -0.0512
vn 0.1227 -0.9924 -0.0079
vn 0.0682 -0.9974 -0.0252
vn 0.0091 -0.9999 -0.0055
vn -0.2141 -0.9684 -0.1277
vn -0.0577 -0.9953 0.0783
vn -0.0020 -1.0000 0.0069
vn 0.0004 -1.0000 -0.0016
vn -0.0504 -0.9979 0.0416
vn 0.0030 -0.9999 0.0116
vn 0.0050 -0.9900 -0.1407
vn -0.0571 -0.9938 0.0952
vn -0.7459 -0.6486 -0.1512
vn -0.3282 -0.7483 -0.5765
vn -0.0315 -0.9976 -0.0617
vn -0.0986 -0.9949 -0.0203
vn 0.2424 -0.6507 -0.7196
vn 0.0375 -0.9940 -0.1025
vn -0.4987 -0.0205 -0.8665
vn -0.1458 -0.9893 0.0078
vn 0.0042 -1.0000 -0.0055
vn -0.0032 -1.0000 -0.0035
vn -0.0989 -0.9950 0.0151
vn 0.0918 -0.9922 -0.0844
vn 0.0383 -0.9973 -0.0629
vn 0.0054 -0.9999 -0.0098
vn 0.1094 -0.9899 -0.0901
vn -0.2452 -0.9689 0.0344
vn 0.9942 -0.0381 0.1005
vn 0.7687 -0.0318 -0.6389
vn 0.7687 -0.0211 -0.6393
vn 0.9986 -0.0291 0.0449
vn 0.0798 -0.0308 -0.9963
vn 0.1343 -0.0247 -0.9906
vn 0.7690 -0.0368 -0.6382
vn 0.0464 -0.0329 -0.9984
vn 0.9899 -0.0416 0.1357
vn 0.4938 -0.0101 0.8695
vn 0.6362 -0.0099 0.7715
vn 0.6361 0.0007 0.7716
vn 0.4936 0.0003 0.8697
vn 0.7591 -0.0095 0.6509
vn 0.7591 0.0011 0.6510
vn 0.6362 -0.0136 0.7714
vn 0.7590 -0.0132 0.6509
vn 0.4941 -0.0138 0.8693
vn -0.0373 -0.9950 -0.0931
vn -0.0033 -1.0000 -0.0094
vn 0.0032 -1.0000 -0.0030
vn -0.0076 -0.9975 -0.0705
vn -0.0136 -0.9999 -0.0094
vn -0.0550 -0.9935 -0.0992
vn -0.1836 -0.0117 0.9829
vn -0.0102 -0.0110 0.9999
vn -0.0099 -0.0008 1.0000
vn -0.1834 -0.0012 0.9830
vn 0.1641 -0.0105 0.9864
vn 0.1641 -0.0003 0.9864
vn -0.0105 -0.0147 0.9998
vn 0.1641 -0.0141 0.9863
vn -0.1838 -0.0154 0.9828
vn -0.0878 -0.9950 -0.0471
vn -0.0072 -1.0000 -0.0042
vn 0.0017 -1.0000 -0.0032
vn -0.0495 -0.9977 -0.0458
vn -0.0164 -0.9999 0.0027
vn -0.1142 -0.9925 -0.0436
vn -0.5105 -0.0280 0.8594
vn -0.6526 -0.0258 0.7573
vn -0.6592 -0.0510 0.7503
vn -0.5110 -0.0898 0.8549
vn -0.7713 -0.0186 0.6362
vn -0.7702 -0.0221 0.6374
vn -0.6509 -0.0162 0.7590
vn -0.7715 -0.0162 0.6360
vn -0.5102 -0.0161 0.8599
vn -0.9179 0.2273 0.3253
vn -0.9605 0.2273 0.1609
vn -0.9674 0.1948 0.1620
vn -0.9245 0.1948 0.3276
vn -0.9737 0.2275 -0.0091
vn -0.9807 0.1951 -0.0092
vn -0.9227 0.3531 0.1547
vn -0.9354 0.3534 -0.0085
vn -0.8818 0.3531 0.3126
vn -0.7514 0.2273 0.6194
vn -0.8470 0.2273 0.4806
vn -0.8531 0.1948 0.4841
vn -0.7568 0.1948 0.6239
vn -0.8137 0.3531 0.4618
vn -0.7219 0.3531 0.5951
vn -0.4971 0.2274 0.8374
vn -0.6340 0.2273 0.7391
vn -0.6386 0.1949 0.7445
vn -0.5007 0.1950 0.8434
vn -0.6092 0.3531 0.7101
vn -0.4777 0.3532 0.8044
vn -0.1788 0.2277 0.9572
vn -0.3442 0.2276 0.9109
vn -0.3466 0.1951 0.9175
vn -0.1800 0.1953 0.9641
vn -0.3308 0.3534 0.8750
vn -0.1720 0.3536 0.9195
vn 0.1592 0.2285 0.9604
vn -0.0099 0.2279 0.9736
vn -0.0099 0.1955 0.9807
vn 0.1604 0.1961 0.9674
vn -0.0098 0.3537 0.9353
vn 0.1526 0.3543 0.9226
vn 0.4798 0.2297 0.8468
vn 0.3255 0.2291 0.9174
vn 0.3279 0.1966 0.9240
vn 0.4833 0.1972 0.8529
vn 0.3123 0.3548 0.8813
vn 0.4605 0.3554 0.8134
vn 0.7382 0.2307 0.6339
vn 0.6186 0.2302 0.7513
vn 0.6231 0.1977 0.7567
vn 0.7437 0.1982 0.6385
vn 0.5937 0.3558 0.7217
vn 0.7087 0.3563 0.6090
vn 0.9103 0.2314 0.3431
vn 0.8364 0.2311 0.4970
vn 0.8426 0.1986 0.5005
vn 0.9171 0.1990 0.3455
vn 0.8030 0.3567 0.4775
vn 0.8740 0.3570 0.3297
vn 0.9727 0.2320 0.0099
vn 0.9561 0.2316 0.1795
vn 0.9631 0.1992 0.1808
vn 0.9798 0.1995 0.0099
vn 0.9179 0.3572 0.1726
vn 0.9338 0.3576 0.0097
vn 0.9168 0.2326 -0.3245
vn 0.9594 0.2322 -0.1601
vn 0.9665 0.1998 -0.1613
vn 0.9236 0.2002 -0.3270
vn 0.9211 0.3578 -0.1535
vn 0.8802 0.3582 -0.3114
vn 0.7504 0.2329 -0.6186
vn 0.8459 0.2328 -0.4798
vn 0.8522 0.2004 -0.4834
vn 0.7560 0.2004 -0.6232
vn 0.8121 0.3583 -0.4605
vn 0.7203 0.3584 -0.5938
vn 0.4961 0.2326 -0.8365
vn 0.6330 0.2328 -0.7383
vn 0.6377 0.2004 -0.7437
vn 0.4998 0.2002 -0.8427
vn 0.6076 0.3583 -0.7088
vn 0.4762 0.3582 -0.8031
vn 0.1779 0.2319 -0.9563
vn 0.3432 0.2323 -0.9101
vn 0.3458 0.1999 -0.9168
vn 0.1792 0.1994 -0.9634
vn 0.3293 0.3579 -0.8738
vn 0.1705 0.3575 -0.9182
vn -0.1601 0.2311 -0.9597
vn 0.0090 0.2313 -0.9728
vn 0.0091 0.1989 -0.9800
vn -0.1612 0.1987 -0.9667
vn 0.0084 0.3570 -0.9341
vn -0.1540 0.3568 -0.9214
vn -0.4807 0.2304 -0.8461
vn -0.3264 0.2308 -0.9166
vn -0.3287 0.1983 -0.9234
vn -0.4841 0.1980 -0.8523
vn -0.3137 0.3564 -0.8801
vn -0.4619 0.3561 -0.8123
vn -0.7392 0.2295 -0.6332
vn -0.6195 0.2300 -0.7506
vn -0.6240 0.1975 -0.7561
vn -0.7445 0.1970 -0.6379
vn -0.5952 0.3556 -0.7206
vn -0.7102 0.3552 -0.6079
vn -0.9114 0.2284 -0.3424
vn -0.8374 0.2290 -0.4963
vn -0.8435 0.1965 -0.4999
vn -0.9179 0.1960 -0.3449
vn -0.8045 0.3547 -0.4764
vn -0.8755 0.3542 -0.3286
vn -0.9571 0.2279 -0.1788
vn -0.9640 0.1954 -0.1801
vn -0.9195 0.3536 -0.1715
vn -0.9271 0.1805 0.3285
vn -0.9701 0.1806 0.1624
vn -0.9701 0.1801 0.1624
vn -0.9272 0.1801 0.3286
vn -0.9835 0.1808 -0.0093
vn -0.9836 0.1804 -0.0093
vn -0.7589 0.1806 0.6256
vn -0.8554 0.1805 0.4854
vn -0.8555 0.1800 0.4855
vn -0.7590 0.1801 0.6257
vn -0.5020 0.1807 0.8457
vn -0.6404 0.1806 0.7465
vn -0.6404 0.1801 0.7466
vn -0.5021 0.1803 0.8458
vn -0.1805 0.1810 0.9668
vn -0.3476 0.1808 0.9200
vn -0.3476 0.1804 0.9201
vn -0.1805 0.1806 0.9668
vn 0.1609 0.1818 0.9701
vn -0.0099 0.1813 0.9834
vn -0.0099 0.1808 0.9835
vn 0.1609 0.1814 0.9701
vn 0.4847 0.1830 0.8553
vn 0.3289 0.1824 0.9266
vn 0.3289 0.1820 0.9267
vn 0.4848 0.1826 0.8554
vn 0.7458 0.1840 0.6402
vn 0.6249 0.1835 0.7588
vn 0.6250 0.1831 0.7589
vn 0.7459 0.1836 0.6403
vn 0.9197 0.1847 0.3465
vn 0.8450 0.1844 0.5019
vn 0.8451 0.1841 0.5020
vn 0.9197 0.1844 0.3465
vn 0.9826 0.1853 0.0099
vn 0.9659 0.1850 0.1812
vn 0.9659 0.1847 0.1812
vn 0.9827 0.1850 0.0099
vn 0.9262 0.1859 -0.3279
vn 0.9692 0.1856 -0.1618
vn 0.9693 0.1853 -0.1618
vn 0.9263 0.1857 -0.3279
vn 0.7581 0.1862 -0.6250
vn 0.8546 0.1861 -0.4848
vn 0.8547 0.1859 -0.4848
vn 0.7582 0.1859 -0.6250
vn 0.5013 0.1859 -0.8451
vn 0.6396 0.1861 -0.7459
vn 0.6396 0.1858 -0.7459
vn 0.5013 0.1856 -0.8451
vn 0.1798 0.1852 -0.9661
vn 0.3468 0.1856 -0.9194
vn 0.3468 0.1853 -0.9194
vn 0.1798 0.1849 -0.9662
vn -0.1617 0.1844 -0.9695
vn 0.0092 0.1847 -0.9828
vn 0.0092 0.1844 -0.9828
vn -0.1617 0.1841 -0.9695
vn -0.4855 0.1837 -0.8547
vn -0.3296 0.1841 -0.9260
vn -0.3296 0.1837 -0.9261
vn -0.4855 0.1833 -0.8548
vn -0.7466 0.1828 -0.6397
vn -0.6257 0.1832 -0.7582
vn -0.6257 0.1828 -0.7583
vn -0.7467 0.1823 -0.6397
vn -0.9205 0.1817 -0.3459
vn -0.8458 0.1823 -0.5014
vn -0.8459 0.1818 -0.5014
vn -0.9206 0.1813 -0.3460
vn -0.9667 0.1812 -0.1807
vn -0.9668 0.1807 -0.1807
vn -0.9231 0.2023 0.3271
vn -0.9659 0.2023 0.1617
vn -0.9527 0.2587 0.1596
vn -0.9105 0.2587 0.3227
vn -0.9792 0.2026 -0.0092
vn -0.9659 0.2589 -0.0090
vn -0.7557 0.2024 0.6229
vn -0.8517 0.2023 0.4833
vn -0.8401 0.2587 0.4768
vn -0.7453 0.2588 0.6144
vn -0.4999 0.2026 0.8421
vn -0.6376 0.2024 0.7433
vn -0.6289 0.2588 0.7331
vn -0.4931 0.2589 0.8305
vn -0.1798 0.2029 0.9626
vn -0.3461 0.2027 0.9160
vn -0.3414 0.2590 0.9035
vn -0.1774 0.2592 0.9494
vn 0.1602 0.2038 0.9658
vn -0.0099 0.2032 0.9791
vn -0.0099 0.2594 0.9657
vn 0.1578 0.2600 0.9526
vn 0.4825 0.2050 0.8515
vn 0.3273 0.2044 0.9225
vn 0.3227 0.2606 0.9099
vn 0.4757 0.2612 0.8399
vn 0.7424 0.2061 0.6374
vn 0.6221 0.2056 0.7555
vn 0.6134 0.2618 0.7451
vn 0.7321 0.2623 0.6287
vn 0.9155 0.2070 0.3450
vn 0.8412 0.2066 0.4997
vn 0.8295 0.2627 0.4929
vn 0.9028 0.2630 0.3403
vn 0.9782 0.2075 0.0099
vn 0.9615 0.2072 0.1805
vn 0.9482 0.2632 0.1781
vn 0.9646 0.2635 0.0098
vn 0.9220 0.2082 -0.3264
vn 0.9648 0.2078 -0.1610
vn 0.9514 0.2638 -0.1587
vn 0.9092 0.2642 -0.3218
vn 0.7547 0.2085 -0.6221
vn 0.8507 0.2084 -0.4826
vn 0.8389 0.2644 -0.4758
vn 0.7441 0.2645 -0.6134
vn 0.4990 0.2082 -0.8412
vn 0.6366 0.2084 -0.7425
vn 0.6277 0.2644 -0.7321
vn 0.4920 0.2642 -0.8295
vn 0.1789 0.2073 -0.9618
vn 0.3452 0.2078 -0.9152
vn 0.3403 0.2639 -0.9025
vn 0.1763 0.2634 -0.9484
vn -0.1610 0.2065 -0.9651
vn 0.0091 0.2068 -0.9783
vn 0.0089 0.2628 -0.9648
vn -0.1589 0.2626 -0.9517
vn -0.4834 0.2057 -0.8509
vn -0.3282 0.2061 -0.9219
vn -0.3238 0.2623 -0.9091
vn -0.4768 0.2619 -0.8391
vn -0.7433 0.2047 -0.6368
vn -0.6230 0.2052 -0.7549
vn -0.6145 0.2615 -0.7443
vn -0.7332 0.2610 -0.6279
vn -0.9165 0.2036 -0.3444
vn -0.8421 0.2041 -0.4991
vn -0.8306 0.2605 -0.4921
vn -0.9040 0.2599 -0.3395
vn -0.9625 0.2030 -0.1798
vn -0.9494 0.2593 -0.1773
vn -0.9099 0.2610 0.3225
vn -0.9521 0.2609 0.1595
vn -0.9750 0.1509 0.1632
vn -0.9318 0.1509 0.3302
vn -0.9653 0.2612 -0.0090
vn -0.9885 0.1512 -0.0094
vn -0.7449 0.2610 0.6140
vn -0.8396 0.2610 0.4765
vn -0.8598 0.1508 0.4879
vn -0.7628 0.1508 0.6288
vn -0.4928 0.2611 0.8300
vn -0.6285 0.2611 0.7327
vn -0.6436 0.1509 0.7503
vn -0.5046 0.1510 0.8501
vn -0.1773 0.2613 0.9488
vn -0.3412 0.2612 0.9030
vn -0.3493 0.1511 0.9248
vn -0.1814 0.1512 0.9717
vn 0.1578 0.2620 0.9521
vn -0.0099 0.2614 0.9652
vn -0.0099 0.1514 0.9884
vn 0.1618 0.1519 0.9751
vn 0.4755 0.2632 0.8394
vn 0.3225 0.2626 0.9094
vn 0.3306 0.1524 0.9314
vn 0.4873 0.1529 0.8597
vn 0.7317 0.2641 0.6284
vn 0.6131 0.2637 0.7447
vn 0.6283 0.1534 0.7627
vn 0.7498 0.1538 0.6435
vn 0.9023 0.2648 0.3402
vn 0.8290 0.2645 0.4927
vn 0.8495 0.1542 0.5045
vn 0.9246 0.1545 0.3483
vn 0.9641 0.2652 0.0098
vn 0.9477 0.2649 0.1780
vn 0.9710 0.1548 0.1821
vn 0.9879 0.1551 0.0099
vn 0.9088 0.2659 -0.3217
vn 0.9510 0.2655 -0.1586
vn 0.9744 0.1553 -0.1627
vn 0.9312 0.1557 -0.3297
vn 0.7438 0.2662 -0.6131
vn 0.8385 0.2661 -0.4756
vn 0.8592 0.1559 -0.4874
vn 0.7622 0.1559 -0.6283
vn 0.4917 0.2660 -0.8291
vn 0.6274 0.2661 -0.7318
vn 0.6430 0.1559 -0.7498
vn 0.5040 0.1557 -0.8496
vn 0.1762 0.2652 -0.9479
vn 0.3402 0.2656 -0.9021
vn 0.3487 0.1555 -0.9243
vn 0.1808 0.1551 -0.9712
vn -0.1588 0.2645 -0.9512
vn 0.0089 0.2647 -0.9643
vn 0.0093 0.1547 -0.9879
vn -0.1624 0.1544 -0.9746
vn -0.4765 0.2639 -0.8386
vn -0.3236 0.2642 -0.9086
vn -0.3312 0.1541 -0.9309
vn -0.4879 0.1538 -0.8592
vn -0.7328 0.2631 -0.6276
vn -0.6141 0.2635 -0.7439
vn -0.6289 0.1534 -0.7622
vn -0.7504 0.1529 -0.6430
vn -0.9034 0.2621 -0.3393
vn -0.8301 0.2626 -0.4918
vn -0.8501 0.1525 -0.5040
vn -0.9252 0.1520 -0.3478
vn -0.9488 0.2615 -0.1771
vn -0.9716 0.1515 -0.1816
vn -0.9418 0.0421 0.3336
vn -0.9854 0.0423 0.1648
vn -0.9863 -0.0003 0.1649
vn -0.9426 -0.0005 0.3339
vn -0.9990 0.0425 -0.0097
vn -1.0000 0.0000 -0.0097
vn -0.7709 0.0420 0.6355
vn -0.8690 0.0421 0.4930
vn -0.8698 -0.0006 0.4935
vn -0.7716 -0.0006 0.6361
vn -0.5099 0.0422 0.8592
vn -0.6504 0.0421 0.7584
vn -0.6510 -0.0006 0.7591
vn -0.5103 -0.0005 0.8600
vn -0.1831 0.0426 0.9822
vn -0.3529 0.0423 0.9347
vn -0.3532 -0.0003 0.9356
vn -0.1832 0.0000 0.9831
vn 0.1638 0.0433 0.9855
vn -0.0098 0.0429 0.9990
vn -0.0097 0.0003 1.0000
vn 0.1641 0.0007 0.9864
vn 0.4929 0.0442 0.8690
vn 0.3345 0.0437 0.9414
vn 0.3349 0.0011 0.9423
vn 0.4935 0.0015 0.8698
vn 0.7582 0.0451 0.6504
vn 0.6354 0.0446 0.7709
vn 0.6361 0.0020 0.7716
vn 0.7591 0.0024 0.6510
vn 0.9349 0.0459 0.3519
vn 0.8590 0.0455 0.5099
vn 0.8600 0.0028 0.5103
vn 0.9359 0.0033 0.3522
vn 0.9989 0.0465 0.0098
vn 0.9818 0.0462 0.1840
vn 0.9829 0.0036 0.1841
vn 0.9999 0.0039 0.0097
vn 0.9416 0.0470 -0.3335
vn 0.9852 0.0468 -0.1646
vn 0.9863 0.0042 -0.1649
vn 0.9426 0.0044 -0.3339
vn 0.7708 0.0472 -0.6354
vn 0.8688 0.0471 -0.4929
vn 0.8698 0.0045 -0.4935
vn 0.7716 0.0045 -0.6361
vn 0.5097 0.0470 -0.8591
vn 0.6503 0.0471 -0.7583
vn 0.6510 0.0045 -0.7591
vn 0.5103 0.0044 -0.8600
vn 0.1830 0.0465 -0.9820
vn 0.3527 0.0468 -0.9346
vn 0.3532 0.0042 -0.9356
vn 0.1832 0.0039 -0.9831
vn -0.1640 0.0458 -0.9854
vn 0.0096 0.0461 -0.9989
vn 0.0097 0.0036 -0.9999
vn -0.1641 0.0032 -0.9864
vn -0.4931 0.0450 -0.8688
vn -0.3346 0.0454 -0.9412
vn -0.3349 0.0028 -0.9423
vn -0.4935 0.0024 -0.8698
vn -0.7584 0.0441 -0.6503
vn -0.6355 0.0446 -0.7708
vn -0.6361 0.0019 -0.7716
vn -0.7591 0.0015 -0.6510
vn -0.9351 0.0433 -0.3518
vn -0.8592 0.0437 -0.5097
vn -0.8600 0.0011 -0.5103
vn -0.9359 0.0006 -0.3522
vn -0.9820 0.0429 -0.1838
vn -0.9829 0.0003 -0.1841
vn -0.9426 -0.0099 0.3339
vn -0.9863 -0.0097 0.1649
vn -0.9862 0.0171 0.1649
vn -0.9425 0.0169 0.3339
vn -0.9999 -0.0095 -0.0097
vn -0.9998 0.0174 -0.0097
vn -0.7716 -0.0101 0.6361
vn -0.8697 -0.0100 0.4934
vn -0.8696 0.0168 0.4934
vn -0.7715 0.0167 0.6360
vn -0.5103 -0.0099 0.8600
vn -0.6510 -0.0100 0.7590
vn -0.6509 0.0168 0.7590
vn -0.5102 0.0169 0.8599
vn -0.1832 -0.0094 0.9830
vn -0.3531 -0.0097 0.9355
vn -0.3531 0.0171 0.9354
vn -0.1833 0.0174 0.9829
vn 0.1641 -0.0087 0.9864
vn -0.0097 -0.0091 0.9999
vn -0.0098 0.0177 0.9998
vn 0.1640 0.0181 0.9863
vn 0.4935 -0.0079 0.8697
vn 0.3349 -0.0083 0.9422
vn 0.3348 0.0185 0.9421
vn 0.4933 0.0189 0.8696
vn 0.7591 -0.0070 0.6510
vn 0.6361 -0.0075 0.7716
vn 0.6359 0.0193 0.7715
vn 0.7589 0.0198 0.6509
vn 0.9359 -0.0062 0.3522
vn 0.8600 -0.0066 0.5103
vn 0.8598 0.0202 0.5102
vn 0.9357 0.0206 0.3521
vn 0.9999 -0.0055 0.0097
vn 0.9829 -0.0058 0.1840
vn 0.9827 0.0210 0.1841
vn 0.9997 0.0213 0.0098
vn 0.9426 -0.0051 -0.3339
vn 0.9863 -0.0052 -0.1649
vn 0.9861 0.0216 -0.1648
vn 0.9424 0.0218 -0.3338
vn 0.7716 -0.0049 -0.6361
vn 0.8698 -0.0049 -0.4935
vn 0.8696 0.0219 -0.4933
vn 0.7714 0.0219 -0.6359
vn 0.5103 -0.0051 -0.8600
vn 0.6510 -0.0050 -0.7591
vn 0.6508 0.0219 -0.7589
vn 0.5102 0.0217 -0.8598
vn 0.1833 -0.0055 -0.9831
vn 0.3532 -0.0053 -0.9355
vn 0.3531 0.0216 -0.9353
vn 0.1832 0.0213 -0.9828
vn -0.1640 -0.0062 -0.9864
vn 0.0097 -0.0058 -0.9999
vn 0.0097 0.0210 -0.9997
vn -0.1641 0.0206 -0.9862
vn -0.4934 -0.0071 -0.8698
vn -0.3349 -0.0066 -0.9422
vn -0.3349 0.0202 -0.9420
vn -0.4934 0.0198 -0.8696
vn -0.7590 -0.0080 -0.6510
vn -0.6361 -0.0075 -0.7716
vn -0.6360 0.0193 -0.7714
vn -0.7590 0.0189 -0.6508
vn -0.9359 -0.0088 -0.3522
vn -0.8600 -0.0084 -0.5103
vn -0.8599 0.0184 -0.5102
vn -0.9358 0.0180 -0.3521
vn -0.9829 -0.0091 -0.1841
vn -0.9828 0.0177 -0.1840
vn -0.0020 1.0000 0.0016
vn 0.3996 0.9143 -0.0656
vn 0.3816 0.9145 -0.1343
vn 0.4052 0.9142 0.0054
vn -0.4033 0.9125 0.0686
vn -0.4088 0.9126 -0.0025
vn -0.3852 0.9126 0.1373
vn 0.3518 0.9147 -0.1991
vn 0.3118 0.9147 -0.2571
vn -0.3554 0.9126 0.2021
vn -0.3155 0.9126 0.2600
vn 0.2628 0.9147 -0.3071
vn 0.2056 0.9146 -0.3482
vn -0.2664 0.9126 0.3100
vn -0.2093 0.9126 0.3511
vn 0.1418 0.9145 -0.3790
vn 0.0727 0.9143 -0.3985
vn -0.1455 0.9126 0.3820
vn -0.0764 0.9127 0.4015
vn 0.0021 0.9140 -0.4057
vn -0.0686 0.9140 -0.3999
vn -0.0058 0.9127 0.4086
vn 0.0649 0.9129 0.4029
vn -0.1380 0.9139 -0.3818
vn -0.2024 0.9138 -0.3521
vn 0.1344 0.9132 0.3847
vn 0.1988 0.9135 0.3551
vn -0.2604 0.9136 -0.3122
vn -0.3104 0.9135 -0.2631
vn 0.2567 0.9137 0.3151
vn 0.3067 0.9138 0.2661
vn -0.3515 0.9133 -0.2060
vn -0.3825 0.9130 -0.1417
vn 0.3478 0.9140 0.2089
vn 0.3788 0.9141 0.1447
vn -0.4019 0.9127 -0.0734
vn 0.3982 0.9141 0.0764
vn 0.9425 0.0173 -0.3338
vn 0.9862 0.0171 -0.1648
vn 0.9863 0.0029 -0.1649
vn 0.9426 0.0030 -0.3339
vn 0.9998 0.0168 0.0098
vn 0.9999 0.0026 0.0097
vn 0.9848 0.0556 -0.1646
vn 0.9984 0.0554 0.0098
vn 0.9412 0.0558 -0.3333
vn 0.7715 0.0174 -0.6360
vn 0.8696 0.0174 -0.4934
vn 0.8698 0.0032 -0.4935
vn 0.7716 0.0032 -0.6361
vn 0.8684 0.0559 -0.4927
vn 0.7704 0.0560 -0.6351
vn 0.5102 0.0173 -0.8599
vn 0.6509 0.0174 -0.7590
vn 0.6510 0.0031 -0.7591
vn 0.5103 0.0030 -0.8600
vn 0.6500 0.0559 -0.7579
vn 0.5095 0.0558 -0.8587
vn 0.1832 0.0168 -0.9829
vn 0.3531 0.0171 -0.9354
vn 0.3532 0.0028 -0.9356
vn 0.1832 0.0026 -0.9831
vn 0.3526 0.0556 -0.9341
vn 0.1829 0.0554 -0.9816
vn -0.1641 0.0161 -0.9863
vn 0.0097 0.0165 -0.9998
vn 0.0097 0.0023 -1.0000
vn -0.1641 0.0019 -0.9864
vn 0.0096 0.0550 -0.9984
vn -0.1639 0.0547 -0.9850
vn -0.4934 0.0153 -0.8696
vn -0.3349 0.0157 -0.9421
vn -0.3349 0.0015 -0.9423
vn -0.3345 0.0543 -0.9408
vn -0.4929 0.0538 -0.8684
vn -0.7590 0.0144 -0.6509
vn -0.6361 0.0148 -0.7715
vn -0.6353 0.0534 -0.7704
vn -0.7581 0.0529 -0.6500
vn -0.9359 0.0136 -0.3521
vn -0.8599 0.0140 -0.5102
vn -0.8589 0.0525 -0.5095
vn -0.9347 0.0521 -0.3516
vn -0.9999 0.0129 -0.0097
vn -0.9828 0.0132 -0.1840
vn -0.9829 -0.0011 -0.1841
vn -0.9816 0.0517 -0.1837
vn -0.9986 0.0514 -0.0096
vn -0.9425 0.0124 0.3339
vn -0.9862 0.0126 0.1649
vn -0.9850 0.0511 0.1647
vn -0.9414 0.0510 0.3335
vn -0.7716 0.0123 0.6360
vn -0.8697 0.0123 0.4934
vn -0.8698 -0.0019 0.4935
vn -0.7716 -0.0020 0.6361
vn -0.8686 0.0509 0.4928
vn -0.7706 0.0508 0.6353
vn -0.5103 0.0124 0.8599
vn -0.6510 0.0123 0.7590
vn -0.6510 -0.0019 0.7591
vn -0.5103 -0.0018 0.8600
vn -0.6502 0.0509 0.7581
vn -0.5097 0.0510 0.8589
vn -0.1833 0.0129 0.9830
vn -0.3532 0.0126 0.9355
vn -0.3532 -0.0016 0.9355
vn -0.3528 0.0512 0.9343
vn -0.1831 0.0514 0.9818
vn 0.1640 0.0137 0.9864
vn -0.0098 0.0133 0.9999
vn -0.0098 0.0517 0.9986
vn 0.1637 0.0521 0.9851
vn 0.4934 0.0145 0.8697
vn 0.3349 0.0141 0.9422
vn 0.3351 0.0000 0.9422
vn 0.3343 0.0525 0.9410
vn 0.4927 0.0530 0.8686
vn 0.7590 0.0153 0.6509
vn 0.6360 0.0149 0.7715
vn 0.6351 0.0534 0.7706
vn 0.7579 0.0539 0.6502
vn 0.9358 0.0162 0.3522
vn 0.8599 0.0158 0.5103
vn 0.8600 0.0015 0.5103
vn 0.9359 0.0019 0.3522
vn 0.8587 0.0543 0.5097
vn 0.9345 0.0547 0.3518
vn 0.9828 0.0165 0.1841
vn 0.9829 0.0023 0.1841
vn 0.9814 0.0550 0.1839
vn 0.9426 -0.0124 -0.3337
vn 0.9858 -0.0161 -0.1673
vn 0.9837 -0.0253 -0.1780
vn 0.9429 -0.0127 -0.3329
vn 0.9998 -0.0188 0.0097
vn 0.9975 -0.0705 0.0096
vn 0.9862 -0.0114 -0.1649
vn 0.9999 -0.0117 0.0097
vn 0.9426 -0.0112 -0.3339
vn 0.7716 -0.0074 -0.6361
vn 0.8697 -0.0074 -0.4935
vn 0.8697 -0.0111 -0.4934
vn 0.7716 -0.0111 -0.6361
vn 0.9426 -0.0075 -0.3339
vn 0.5106 -0.0123 -0.8597
vn 0.6491 -0.0201 -0.7604
vn 0.6415 -0.0427 -0.7660
vn 0.5125 -0.0126 -0.8586
vn 0.7712 -0.0231 -0.6361
vn 0.7675 -0.0852 -0.6354
vn 0.6510 -0.0111 -0.7590
vn 0.5103 -0.0112 -0.8599
vn 0.1833 -0.0080 -0.9830
vn 0.3532 -0.0077 -0.9355
vn 0.3532 -0.0114 -0.9355
vn 0.1833 -0.0117 -0.9830
vn 0.5103 -0.0075 -0.8600
vn 0.0075 -0.0188 -0.9998
vn -0.0020 -0.0375 -0.9993
vn 0.1831 -0.0192 -0.9829
vn 0.1810 -0.0724 -0.9808
vn 0.0098 -0.0120 -0.9999
vn -0.3349 -0.0091 -0.9422
vn -0.1640 -0.0087 -0.9864
vn -0.7588 -0.0165 -0.6512
vn -0.6377 -0.0232 -0.7699
vn -0.6444 -0.0485 -0.7631
vn -0.7576 -0.0199 -0.6524
vn -0.9356 -0.0248 -0.3522
vn -0.8585 -0.0191 -0.5124
vn -0.8525 -0.0252 -0.5221
vn -0.9326 -0.0829 -0.3513
vn -0.9831 -0.0207 -0.1818
vn -0.9847 -0.0305 -0.1718
vn -0.9999 -0.0136 -0.0098
vn -0.9828 -0.0153 -0.1841
vn -0.9423 -0.0259 0.3338
vn -0.9865 -0.0212 0.1626
vn -0.9878 -0.0310 0.1525
vn -0.9392 -0.0840 0.3328
vn -0.8684 -0.0207 0.4955
vn -0.8625 -0.0269 0.5053
vn -0.8697 -0.0162 0.4934
vn -0.5103 -0.0124 0.8599
vn -0.6509 -0.0125 0.7590
vn -0.7716 -0.0125 0.6360
vn -0.1835 -0.0168 0.9829
vn -0.3511 -0.0194 0.9361
vn -0.3403 -0.0173 0.9402
vn -0.1811 -0.0177 0.9833
vn -0.3533 -0.0158 0.9354
vn 0.1639 -0.0231 0.9862
vn -0.0131 -0.0231 0.9996
vn -0.0228 -0.0454 0.9987
vn 0.1619 -0.0814 0.9834
vn 0.3354 -0.0102 0.9420
vn 0.3358 -0.0139 0.9418
vn 0.7587 -0.0253 0.6510
vn 0.6343 -0.0234 0.7727
vn 0.6264 -0.0479 0.7781
vn 0.7548 -0.0876 0.6501
vn 0.4945 -0.0165 0.8690
vn 0.4964 -0.0201 0.8679
vn 0.9359 -0.0131 0.3520
vn 0.8611 -0.0175 0.5082
vn 0.8665 -0.0212 0.4987
vn 0.9362 -0.0126 0.3511
vn 0.8599 -0.0128 0.5102
vn 0.9359 -0.0124 0.3521
vn 0.9999 -0.0079 0.0097
vn 0.9829 -0.0083 0.1840
vn 0.9828 -0.0120 0.1840
vn 0.9359 -0.0086 0.3521
vn 0.9026 -0.3614 -0.2340
vn 0.8268 -0.4909 -0.2745
vn 0.8037 -0.5267 -0.2768
vn 0.8752 -0.3766 -0.3036
vn 0.8155 -0.4762 -0.3290
vn 0.7854 -0.5567 -0.2706
vn 0.8591 -0.3850 -0.3372
vn 0.8532 -0.3181 -0.4134
vn 0.9542 -0.2357 -0.1842
vn 0.8968 -0.1408 -0.4194
vn 0.9152 -0.3075 -0.2606
vn 0.9385 -0.2637 -0.2230
vn 0.9238 -0.1654 -0.3453
vn 0.8783 -0.3934 -0.2718
vn 0.9234 -0.3236 -0.2064
vn 0.8551 -0.2357 -0.4618
vn 0.5470 -0.3738 -0.7491
vn 0.4630 -0.4956 -0.7348
vn 0.4468 -0.5335 -0.7182
vn 0.4843 -0.3824 -0.7869
vn 0.4159 -0.4785 -0.7733
vn 0.4354 -0.5632 -0.7023
vn 0.4401 -0.3842 -0.8116
vn 0.3833 -0.3142 -0.8685
vn 0.6105 -0.2424 -0.7541
vn 0.4223 -0.1452 -0.8947
vn 0.5393 -0.3157 -0.7807
vn 0.5819 -0.2669 -0.7682
vn 0.4916 -0.1677 -0.8545
vn 0.5050 -0.4012 -0.7642
vn 0.5825 -0.3250 -0.7451
vn 0.3643 -0.2370 -0.9006
vn -0.0595 -0.3667 -0.9284
vn -0.1092 -0.4879 -0.8660
vn -0.1183 -0.5245 -0.8432
vn -0.1349 -0.3728 -0.9181
vn -0.1670 -0.4730 -0.8651
vn -0.1161 -0.5553 -0.8235
vn -0.1704 -0.3767 -0.9105
vn -0.2461 -0.3122 -0.9176
vn -0.0130 -0.2374 -0.9713
vn -0.1168 -0.3979 -0.9100
vn -0.1425 -0.4918 -0.8590
vn -0.0873 -0.4788 -0.8736
vn -0.0448 -0.3253 -0.9446
vn -0.2234 -0.3480 -0.9105
vn -0.3109 -0.2346 -0.9210
vn -0.6452 -0.3669 -0.6702
vn -0.6474 -0.4851 -0.5878
vn -0.6378 -0.5212 -0.5671
vn -0.6954 -0.3754 -0.6128
vn -0.6920 -0.4702 -0.5478
vn -0.6245 -0.5504 -0.5541
vn -0.7222 -0.3787 -0.5788
vn -0.7859 -0.3146 -0.5323
vn -0.6373 -0.2394 -0.7325
vn -0.8085 -0.1396 -0.5716
vn -0.6808 -0.3081 -0.6645
vn -0.6602 -0.2652 -0.7027
vn -0.7587 -0.1669 -0.6297
vn -0.6719 -0.3917 -0.6286
vn -0.6378 -0.3225 -0.6994
vn -0.8237 -0.2364 -0.5154
vn -0.9301 -0.3550 -0.0944
vn -0.8745 -0.4841 -0.0301
vn -0.8557 -0.5175 -0.0092
vn -0.9295 -0.3688 -0.0097
vn -0.8814 -0.4716 0.0269
vn -0.8364 -0.5481 -0.0091
vn -0.9232 -0.3841 0.0114
vn -0.9436 -0.3198 0.0857
vn -0.9582 -0.2358 -0.1622
vn -0.9869 -0.1338 0.0904
vn -0.9533 -0.2971 -0.0550
vn -0.9610 -0.2596 -0.0949
vn -0.9863 -0.1640 0.0182
vn -0.9228 -0.3841 -0.0306
vn -0.9417 -0.3195 -0.1051
vn -0.9611 -0.2363 0.1428
vn -0.6738 -0.2675 0.6888
vn -0.6936 -0.3102 0.6501
vn -0.8195 -0.1414 0.5553
vn -0.7708 -0.1690 0.6143
vn -0.6840 -0.3937 0.6141
vn -0.8336 -0.2381 0.4985
vn -0.6513 -0.3248 0.6858
vn -0.7103 -0.1298 0.6918
vn -0.7763 -0.2900 0.5598
vn -0.8072 -0.2555 0.5322
vn -0.7547 -0.1612 0.6360
vn -0.7333 -0.3806 0.5634
vn -0.7961 -0.3163 0.5159
vn -0.6514 -0.2418 0.7192
vn -0.0803 -0.2714 0.9591
vn -0.1202 -0.3188 0.9402
vn -0.2826 -0.1477 0.9478
vn -0.2051 -0.1720 0.9635
vn -0.1326 -0.4009 0.9065
vn -0.3274 -0.2377 0.9145
vn -0.0614 -0.3283 0.9426
vn -0.0938 -0.1291 0.9872
vn -0.2256 -0.2862 0.9312
vn -0.2648 -0.2519 0.9308
vn -0.1620 -0.1594 0.9738
vn -0.1900 -0.3803 0.9051
vn -0.2656 -0.3151 0.9111
vn -0.0334 -0.2447 0.9690
vn 0.5675 -0.2696 0.7780
vn 0.5250 -0.3193 0.7890
vn 0.4063 -0.1494 0.9014
vn 0.4763 -0.1708 0.8625
vn 0.4912 -0.4051 0.7711
vn 0.3481 -0.2455 0.9047
vn 0.5683 -0.3272 0.7550
vn 0.5552 -0.1334 0.8209
vn 0.4092 -0.2943 0.8637
vn 0.3760 -0.2554 0.8907
vn 0.4903 -0.1606 0.8566
vn 0.4214 -0.3884 0.8195
vn 0.3625 -0.3181 0.8760
vn 0.5948 -0.2452 0.7656
vn 0.8435 -0.3638 0.3951
vn 0.8088 -0.5021 0.3063
vn 0.7924 -0.5375 0.2885
vn 0.8661 -0.3854 0.3183
vn 0.8362 -0.4857 0.2546
vn 0.7738 -0.5675 0.2815
vn 0.8717 -0.4005 0.2824
vn 0.9207 -0.3241 0.2173
vn 0.8456 -0.2417 0.4760
vn 0.9542 -0.1370 0.2661
vn 0.8693 -0.2994 0.3933
vn 0.8632 -0.2571 0.4345
vn 0.9277 -0.1620 0.3363
vn 0.8484 -0.3923 0.3554
vn 0.8427 -0.3194 0.4334
vn 0.9490 -0.2410 0.2033
vn 0.7540 -0.0811 -0.6519
vn 0.7241 -0.0511 -0.6878
vn 0.6643 -0.0567 -0.7453
vn 0.7006 -0.0920 -0.7076
vn 0.7945 -0.0252 -0.6068
vn 0.7503 -0.0288 -0.6605
vn 0.7800 -0.0605 -0.6228
vn 0.8370 -0.0362 -0.5461
vn 0.8018 -0.0882 -0.5911
vn 0.9670 -0.1197 -0.2250
vn 0.9791 -0.1398 -0.1480
vn 0.9883 -0.0898 -0.1232
vn 0.9765 -0.0689 -0.2042
vn 0.9721 -0.1645 -0.1673
vn 0.9827 -0.1136 -0.1465
vn 0.9691 -0.1835 -0.1650
vn 0.9611 -0.2087 -0.1812
vn 0.9571 -0.1641 -0.2388
vn 0.3531 -0.1618 -0.9215
vn 0.3349 -0.1377 -0.9322
vn 0.3110 -0.0881 -0.9463
vn 0.3335 -0.1136 -0.9359
vn 0.4075 -0.1182 -0.9055
vn 0.3880 -0.0660 -0.9193
vn 0.3486 -0.1808 -0.9197
vn 0.4182 -0.1637 -0.8935
vn 0.3639 -0.2037 -0.9089
vn 0.7565 -0.0249 -0.6535
vn 0.8225 -0.0509 -0.5665
vn 0.8664 -0.0576 -0.4960
vn 0.8003 -0.0290 -0.5989
vn 0.7922 -0.0808 -0.6049
vn 0.8360 -0.0924 -0.5409
vn 0.7699 -0.0601 -0.6353
vn 0.7419 -0.0878 -0.6648
vn 0.7050 -0.0358 -0.7083
vn -0.5045 -0.0824 -0.8595
vn -0.5446 -0.0511 -0.8372
vn -0.4527 -0.0236 -0.8913
vn -0.4673 -0.0626 -0.8819
vn -0.3824 -0.0364 -0.9233
vn -0.4331 -0.0916 -0.8967
vn -0.0655 -0.1193 -0.9907
vn 0.0113 -0.1389 -0.9902
vn 0.0388 -0.0891 -0.9953
vn -0.0422 -0.0664 -0.9969
vn -0.0064 -0.1632 -0.9866
vn 0.0172 -0.1150 -0.9932
vn -0.0060 -0.1822 -0.9832
vn -0.0210 -0.2050 -0.9785
vn -0.0796 -0.1654 -0.9830
vn -0.8428 -0.1669 -0.5117
vn -0.8564 -0.1423 -0.4963
vn -0.8756 -0.0924 -0.4742
vn -0.8613 -0.1193 -0.4939
vn -0.8178 -0.1220 -0.5624
vn -0.8358 -0.0685 -0.5447
vn -0.8412 -0.1857 -0.5078
vn -0.8035 -0.1686 -0.5709
vn -0.8282 -0.2083 -0.5203
vn -0.6285 -0.0533 -0.7760
vn -0.5561 -0.0774 -0.8275
vn -0.4879 -0.0615 -0.8707
vn -0.5728 -0.0362 -0.8189
vn -0.5805 -0.1052 -0.8074
vn -0.5222 -0.0907 -0.8480
vn -0.6009 -0.0912 -0.7941
vn -0.6183 -0.1179 -0.7770
vn -0.6648 -0.0678 -0.7439
vn -0.9697 -0.2207 0.1050
vn -0.9735 -0.2003 0.1107
vn -0.9731 -0.1878 0.1334
vn -0.9704 -0.2103 0.1190
vn -0.9846 -0.1721 0.0320
vn -0.9833 -0.1705 0.0632
vn -0.9627 -0.2598 0.0754
vn -0.9857 -0.1639 -0.0380
vn -0.9839 -0.0549 -0.1699
vn -0.9641 -0.0799 -0.2532
vn -0.9418 -0.0637 -0.3300
vn -0.9705 -0.0376 -0.2382
vn -0.9681 -0.1081 -0.2259
vn -0.9512 -0.0933 -0.2942
vn -0.9755 -0.0936 -0.1993
vn -0.9765 -0.1207 -0.1787
vn -0.9900 -0.0695 -0.1224
vn -0.6618 -0.2210 0.7164
vn -0.6590 -0.2011 0.7248
vn -0.6433 -0.1871 0.7424
vn -0.6534 -0.2098 0.7274
vn -0.7217 -0.1731 0.6702
vn -0.6992 -0.1703 0.6943
vn -0.7961 -0.1717 0.5803
vn -0.8370 -0.1993 0.5096
vn -0.8509 -0.1874 0.4907
vn -0.8145 -0.1705 0.5546
vn -0.8288 -0.2199 0.5146
vn -0.8382 -0.2100 0.5034
vn -0.0515 -0.2201 0.9741
vn -0.0463 -0.2002 0.9787
vn -0.0231 -0.1853 0.9824
vn -0.0384 -0.2081 0.9773
vn -0.1299 -0.1723 0.9764
vn -0.0970 -0.1685 0.9809
vn -0.4706 -0.0263 0.8820
vn -0.5615 -0.0533 0.8258
vn -0.5219 -0.0844 0.8488
vn -0.4858 -0.0651 0.8716
vn -0.4518 -0.0940 0.8871
vn -0.4016 -0.0393 0.9150
vn 0.5962 -0.2177 0.7728
vn 0.6055 -0.1977 0.7709
vn 0.6252 -0.1828 0.7587
vn 0.6080 -0.2059 0.7668
vn 0.5417 -0.1698 0.8233
vn 0.5693 -0.1659 0.8052
vn 0.3865 -0.1209 0.9144
vn 0.3122 -0.1404 0.9396
vn 0.2878 -0.0911 0.9534
vn 0.3665 -0.0687 0.9279
vn 0.3311 -0.1646 0.9291
vn 0.3109 -0.1165 0.9433
vn 0.3265 -0.1834 0.9272
vn 0.3425 -0.2063 0.9166
vn 0.3976 -0.1664 0.9024
vn 0.9694 -0.1613 0.1851
vn 0.9765 -0.1373 0.1659
vn 0.9861 -0.0879 0.1408
vn 0.9800 -0.1128 0.1640
vn 0.9628 -0.1184 0.2431
vn 0.9727 -0.0666 0.2222
vn 0.9667 -0.1803 0.1816
vn 0.9528 -0.1635 0.2557
vn 0.9589 -0.2034 0.1979
vn 0.8868 -0.1192 0.4466
vn 0.8485 -0.1389 0.5106
vn 0.8398 -0.0896 0.5355
vn 0.8808 -0.0674 0.4686
vn 0.8555 -0.1629 0.4916
vn 0.8500 -0.1144 0.5141
vn 0.8510 -0.1820 0.4926
vn 0.8556 -0.2050 0.4753
vn 0.8873 -0.1643 0.4308
vn 0.6508 -0.1111 -0.7511
vn 0.6110 -0.0684 -0.7887
vn 0.5743 -0.0722 -0.8155
vn 0.6157 -0.1180 -0.7791
vn 0.7133 -0.0385 -0.6998
vn 0.6893 -0.0421 -0.7232
vn 0.7973 -0.5907 0.1241
vn 0.8747 -0.3999 0.2737
vn 0.4268 -0.8948 0.1315
vn 0.1483 -0.9887 0.0228
vn 0.9123 -0.3348 0.2358
vn 0.5404 -0.8294 0.1419
vn 0.9565 -0.0745 0.2821
vn 0.9662 -0.1214 0.2274
vn -0.0652 -0.3749 -0.9248
vn -0.1098 -0.4303 -0.8960
vn -0.0458 -0.9177 -0.3945
vn -0.0357 -0.8678 -0.4956
vn 0.0244 -0.5966 -0.8022
vn -0.1068 -0.0616 -0.9924
vn -0.0501 -0.1064 -0.9931
vn 0.8310 -0.0398 -0.5548
vn 0.8975 -0.0717 -0.4351
vn 0.9159 -0.0771 -0.3939
vn 0.8489 -0.0444 -0.5266
vn 0.8683 -0.1132 -0.4830
vn 0.8884 -0.1216 -0.4427
vn -0.3532 -0.0121 0.9355
vn 0.0017 -1.0000 -0.0000
vn -0.0073 -1.0000 0.0008
vn -0.0887 -0.9952 0.0421
vn -0.0163 -0.9998 -0.0063
vn 0.0032 -1.0000 -0.0002
vn -0.0035 -1.0000 0.0060
vn -0.0391 -0.9953 0.0891
vn -0.0138 -0.9999 0.0059
vn 0.1285 -0.9888 -0.0754
vn -0.9828 -0.0116 -0.1841
vn 0.0695 -0.9868 -0.1463
vn 0.0045 -1.0000 0.0022
vn 0.0062 -1.0000 -0.0056
vn 0.0299 -0.9923 0.1201
vn 0.0371 -0.9975 0.0604
vn 0.0082 -1.0000 0.0049
vn 0.0991 -0.9603 -0.2606
vn -0.0033 -1.0000 0.0002
vn 0.0041 -1.0000 0.0023
vn -0.1456 -0.9893 -0.0139
vn 0.0052 -1.0000 0.0066
vn -0.2445 -0.9687 -0.0423
vn 0.0902 -0.9925 0.0829
vn 0.3555 -0.0127 -0.9346
vn 0.3668 -0.0082 -0.9303
vn 0.0098 -0.0083 -0.9999
vn 0.8708 -0.0162 -0.4914
vn 0.8761 -0.0206 -0.4817
vn -0.8697 -0.0125 0.4934
vn 0.6510 -0.0074 -0.7591
vn 0.8211 0.4792 0.3101
vn 0.8625 0.4793 0.1625
vn 0.8774 0.4796 0.0093
vn 0.9863 -0.0077 -0.1649
vn -0.4560 -0.6500 -0.6079
vn 0.1334 -0.7415 -0.6576
vn 0.0175 -0.9969 -0.0768
vn 0.6916 -0.5934 -0.4119
vn 0.1903 -0.0309 -0.9812
vn 0.8600 -0.0090 0.5103
vn 0.0004 -1.0000 -0.0017
vn -0.0019 -0.9999 -0.0102
vn -0.0562 -0.9950 -0.0827
vn 0.0033 -0.9999 -0.0147
vn 0.0024 -0.9905 0.1376
vn 0.3384 -0.0168 0.9409
vn 0.3499 -0.0160 0.9366
vn 0.0007 -1.0000 -0.0006
vn -0.0066 -1.0000 -0.0057
vn -0.0956 -0.9951 -0.0266
vn -0.0067 -0.9999 -0.0137
vn 0.0961 -0.9897 0.1062
vn 0.9354 -0.1323 -0.3278
vn 0.9695 -0.1358 -0.2042
vn 0.9792 -0.1840 -0.0854
vn 0.9286 -0.1353 0.3455
vn 0.9650 -0.1387 0.2224
vn 0.9801 -0.0254 0.1970
vn 0.9771 -0.1858 0.1040
vn 0.8950 -0.3697 0.2498
vn 0.9952 -0.0977 0.0110
vn 0.9999 0.0041 0.0108
vn 0.9949 -0.1000 0.0100
vn 0.9604 -0.1336 -0.2446
vn 0.9354 -0.1605 -0.3151
vn 0.8108 -0.1834 -0.5559
vn 0.8839 -0.1251 -0.4507
vn 0.8535 -0.3556 -0.3809
vn 0.5126 -0.1345 -0.8480
vn 0.6152 -0.1585 -0.7723
vn 0.6912 -0.2075 -0.6922
vn 0.7604 -0.1006 -0.6416
vn 0.7648 0.0052 -0.6442
vn 0.5723 -0.1298 -0.8097
vn 0.7640 -0.0968 -0.6379
vn 0.5088 -0.1573 -0.8464
vn 0.3953 -0.1133 -0.9115
vn 0.2690 -0.1722 -0.9476
vn 0.4183 -0.3559 -0.8357
vn 0.0840 -0.2007 -0.9760
vn -0.0252 -0.1520 -0.9881
vn -0.1535 -0.1272 -0.9799
vn 0.1714 -0.0996 -0.9801
vn 0.1744 0.0061 -0.9846
vn -0.0735 -0.1249 -0.9894
vn 0.1814 -0.0972 -0.9786
vn -0.1417 -0.1558 -0.9776
vn -0.2892 -0.1107 -0.9508
vn -0.4102 -0.1794 -0.8942
vn -0.7475 -0.1382 -0.6497
vn -0.6547 -0.1615 -0.7384
vn -0.5632 -0.2133 -0.7983
vn -0.4984 -0.0980 -0.8614
vn -0.5064 0.0066 -0.8623
vn -0.2653 -0.1440 -0.9534
vn -0.1878 -0.1684 -0.9677
vn -0.5048 -0.1010 -0.8573
vn -0.6967 -0.1275 -0.7059
vn -0.7422 -0.1590 -0.6511
vn -0.8820 -0.1907 -0.4309
vn -0.8290 -0.1295 -0.5440
vn -0.7541 -0.3538 -0.5533
vn -0.9916 -0.1291 -0.0099
vn -0.9802 -0.1363 -0.1439
vn -0.9456 -0.1969 -0.2590
vn -0.9314 -0.1016 -0.3496
vn -0.9359 0.0061 -0.3521
vn -0.9849 -0.1334 -0.1100
vn -0.9302 -0.0996 -0.3532
vn -0.9828 -0.1367 0.1243
vn -0.9505 -0.1977 0.2399
vn -0.9317 -0.3553 0.0750
vn -0.7600 -0.1403 0.6346
vn -0.8395 -0.1313 0.5273
vn -0.7647 -0.3556 0.5373
vn -0.7072 -0.3774 0.5979
vn -0.8902 -0.1921 0.4131
vn -0.9369 -0.1007 0.3347
vn -0.9426 0.0050 0.3339
vn -0.9380 -0.1027 0.3311
vn -0.5786 -0.2158 0.7865
vn -0.6690 -0.1638 0.7250
vn -0.6581 -0.3690 0.6563
vn -0.1731 -0.1370 0.9753
vn -0.3067 -0.1173 0.9445
vn -0.2393 -0.3521 0.9049
vn -0.1531 -0.3788 0.9127
vn -0.4267 -0.1828 0.8857
vn -0.5146 -0.1009 0.8515
vn -0.5227 0.0037 0.8525
vn -0.5211 -0.1038 0.8471
vn -0.0464 -0.1618 0.9857
vn 0.0638 -0.2127 0.9750
vn -0.0798 -0.3733 0.9243
vn 0.4964 -0.1437 0.8561
vn 0.3790 -0.1239 0.9171
vn 0.4032 -0.3644 0.8394
vn 0.4686 -0.3891 0.7931
vn 0.2516 -0.1849 0.9500
vn 0.1630 -0.1007 0.9815
vn 0.1559 0.0022 0.9878
vn 0.1527 -0.1087 0.9823
vn 0.6772 -0.2102 0.7051
vn 0.5994 -0.1639 0.7835
vn 0.5311 -0.3775 0.7586
vn 0.7995 -0.1865 0.5709
vn 0.8746 -0.1281 0.4675
vn 0.7519 -0.0990 0.6518
vn 0.7525 0.0027 0.6586
vn 0.7478 -0.1033 0.6558
vn 0.8896 -0.1448 0.4332
vn 0.9183 -0.1669 0.3591
vn 0.8602 -0.0537 0.5072
vn 0.9987 -0.0493 0.0096
vn 0.9979 -0.0638 0.0096
vn 0.8698 -0.0521 -0.4906
vn 0.8898 -0.0659 -0.4516
vn 0.9994 -0.0318 0.0096
vn 0.8263 -0.0380 0.5620
vn 0.3454 -0.0519 -0.9370
vn 0.7703 -0.0502 -0.6357
vn 0.7698 -0.0319 -0.6374
vn 0.2810 -0.0355 -0.9590
vn 0.9852 -0.0550 -0.1621
vn 0.9943 -0.0383 -0.0992
vn 0.7703 -0.0650 -0.6343
vn 0.5997 -0.1178 -0.7915
vn 0.1915 -0.1212 -0.9740
vn 0.1900 -0.1712 -0.9667
vn 0.5840 -0.1633 -0.7951
vn -0.2516 -0.1202 -0.9604
vn -0.2361 -0.1663 -0.9574
vn 0.1925 -0.0631 -0.9793
vn -0.2751 -0.0671 -0.9591
vn 0.6208 -0.0656 -0.7812
vn -0.4889 -0.1628 -0.8570
vn -0.7847 -0.1697 -0.5962
vn -0.4866 -0.1736 -0.8562
vn -0.1126 -0.1691 -0.9792
vn -0.9892 -0.1237 0.0783
vn -0.9260 -0.1247 -0.3565
vn -0.9312 -0.0653 -0.3586
vn -0.9922 -0.0699 0.1029
vn -0.6795 -0.1214 -0.7236
vn -0.9187 -0.1758 -0.3536
vn -0.6856 -0.1680 -0.7084
vn -0.9397 -0.0137 0.3417
vn -0.9397 -0.0173 0.3416
vn -0.9492 -0.0237 -0.3138
vn -0.9394 -0.0326 0.3413
vn -0.5234 -0.0258 0.8517
vn -0.5887 -0.0389 0.8075
vn -0.0129 -0.0554 0.9984
vn -0.5108 -0.0517 0.8581
vn -0.5123 -0.0334 0.8581
vn 0.0547 -0.0388 0.9977
vn -0.8719 -0.0557 0.4865
vn -0.9050 -0.0385 0.4236
vn -0.5097 -0.0668 0.8577
vn -0.8463 -0.0702 0.5281
vn -0.0596 -0.0696 0.9958
vn 0.1718 -0.0215 0.9849
vn 0.1724 -0.0199 0.9848
vn 0.1730 -0.0335 0.9844
vn 0.7428 -0.0272 0.6690
vn 0.6907 -0.0382 0.7222
vn 0.7874 -0.0312 0.6156
vn 0.9989 -0.0262 0.0393
vn 0.7568 -0.0202 0.6534
vn 0.7563 -0.0243 0.6538
vn 0.9991 -0.0309 -0.0305
vn 0.1822 -0.0267 0.9829
vn 0.7572 -0.0329 0.6523
vn 0.2579 -0.0387 0.9654
vn 0.9928 -0.0369 0.1138
vn 0.5439 -0.5959 -0.5908
vn 0.6761 -0.7368 0.0054
vn 0.0873 -0.9962 -0.0008
vn 0.5323 -0.5979 0.5993
vn 0.9989 -0.0451 0.0096
vn 0.5215 -0.7365 -0.4308
vn 0.0678 -0.9962 -0.0549
vn 0.1910 -0.0183 -0.9814
vn 0.1905 -0.0269 -0.9813
vn -0.4981 -0.0143 -0.8670
vn -0.4986 -0.0185 -0.8667
vn -0.9329 -0.0126 -0.3600
vn -0.9328 -0.0141 -0.3600
vn -0.9328 -0.0147 -0.3600
vn -0.2771 -0.6514 0.7063
vn -0.6231 -0.7486 0.2266
vn -0.0617 -0.9978 0.0222
vn -0.0348 -0.9947 0.0963
vn -0.6684 -0.6492 -0.3629
vn -0.9397 -0.0159 0.3416
vn -0.3394 -0.7501 0.5676
vn -0.0326 -0.9978 0.0578
vn -0.7487 -0.6491 0.1346
vn -0.5155 -0.0233 0.8565
vn 0.1713 -0.0301 0.9848
vn 0.8193 -0.0421 0.5718
vn 0.1712 -0.0341 0.9846
vn 0.0667 -0.9964 0.0530
vn 0.5123 -0.7388 0.4378
vn 0.0089 -0.5977 0.8016
vn 0.7564 -0.0421 0.6527
vn 0.9708 -0.2396 0.0093
vn 0.7412 -0.2472 -0.6242
vn 0.1677 -0.2433 -0.9553
vn -0.4897 -0.2518 -0.8347
vn -0.9060 -0.2520 -0.3402
vn -0.9124 -0.2531 0.3217
vn -0.5057 -0.2545 0.8243
vn 0.1490 -0.2576 0.9547
vn 0.7287 -0.2498 0.6377
vn 0.0060 -1.0000 0.0017
vn 0.0072 -1.0000 -0.0016
vn 0.0060 -1.0000 -0.0049
vn 0.0007 -1.0000 -0.0080
vn -0.0013 -1.0000 -0.0077
vn -0.0043 -1.0000 -0.0042
vn -0.0612 -0.9978 -0.0267
vn -0.0044 -1.0000 0.0008
vn 0.0027 -1.0000 0.0040
vn 0.9823 -0.0165 0.1864
vn 0.0161 -0.9971 0.0738
vn 0.0006 -1.0000 0.0047
vn -0.0026 -1.0000 0.0002
vn -0.0620 -0.9950 0.0778
vn 0.9089 -0.1664 -0.3824
vn 0.8701 -0.1960 -0.4523
vn 0.8736 -0.2556 -0.4141
vn 0.8695 -0.2187 -0.4428
vn 0.8606 -0.1835 -0.4751
vn 0.8643 -0.2084 -0.4577
vn 0.8959 -0.1642 -0.4128
vn 0.9993 -0.0264 -0.0256
vn 0.9951 -0.0520 0.0840
vn 0.9842 -0.0578 0.1671
vn 0.9960 -0.0814 0.0365
vn 0.9891 -0.0932 0.1143
vn 0.9981 -0.0617 -0.0011
vn 0.9953 -0.0884 -0.0402
vn 0.2896 -0.1016 -0.9517
vn 0.2599 -0.0749 -0.9627
vn 0.1832 -0.0601 -0.9812
vn 0.2228 -0.0884 -0.9709
vn 0.6111 -0.2152 -0.7617
vn 0.6201 -0.1952 -0.7598
vn 0.5565 -0.1671 -0.8139
vn 0.6398 -0.1803 -0.7471
vn 0.6230 -0.2033 -0.7553
vn -0.2068 -0.1670 -0.9640
vn -0.2804 -0.1951 -0.9398
vn -0.2450 -0.2483 -0.9372
vn -0.2726 -0.2161 -0.9375
vn -0.3023 -0.1841 -0.9353
vn -0.2868 -0.2067 -0.9354
vn 0.1493 -0.0237 -0.9885
vn 0.2566 -0.0502 -0.9652
vn 0.2110 -0.0806 -0.9742
vn 0.1701 -0.0606 -0.9836
vn 0.1323 -0.0890 -0.9872
vn 0.0727 -0.0357 -0.9967
vn -0.8859 -0.1069 -0.4514
vn -0.9021 -0.0789 -0.4242
vn -0.9350 -0.0630 -0.3490
vn -0.9177 -0.0924 -0.3864
vn -0.8623 -0.0540 -0.5036
vn -0.8966 -0.0370 -0.4412
vn -0.6477 -0.2186 -0.7298
vn -0.6448 -0.1987 -0.7381
vn -0.7085 -0.1709 -0.6847
vn -0.6287 -0.1846 -0.7554
vn -0.6391 -0.2074 -0.7407
vn -0.9319 -0.0837 0.3530
vn -0.9166 -0.0524 0.3963
vn -0.9551 -0.0247 0.2952
vn -0.9481 -0.0648 0.3114
vn -0.9750 -0.0384 0.2191
vn -0.9567 -0.0942 0.2753
vn -0.9736 -0.1685 -0.1540
vn -0.9748 -0.1438 -0.1708
vn -0.9703 -0.1873 -0.1529
vn -0.9679 -0.2099 -0.1385
vn -0.9875 -0.1234 -0.0979
vn -0.9819 -0.1702 -0.0829
vn -0.4683 -0.0835 0.8796
vn -0.4249 -0.0526 0.9037
vn -0.5048 -0.0643 0.8608
vn -0.5387 -0.0934 0.8373
vn -0.9102 -0.0803 0.4063
vn -0.9416 -0.0641 0.3305
vn -0.8945 -0.1083 0.4337
vn -0.9250 -0.0936 0.3682
vn -0.8846 -0.0940 0.4567
vn -0.8707 -0.1209 0.4766
vn 0.1927 -0.0831 0.9777
vn 0.2385 -0.0530 0.9697
vn 0.3187 -0.0570 0.9461
vn 0.2682 -0.0919 0.9590
vn 0.1307 -0.0268 0.9911
vn 0.2003 -0.0281 0.9793
vn 0.1524 -0.0635 0.9863
vn 0.1144 -0.0918 0.9892
vn -0.2924 -0.2192 0.9308
vn -0.3004 -0.1982 0.9330
vn -0.2270 -0.1702 0.9589
vn -0.3223 -0.1870 0.9280
vn -0.2563 -0.1694 0.9517
vn -0.3065 -0.2097 0.9285
vn 0.6799 -0.1033 0.7260
vn 0.7043 -0.0770 0.7058
vn 0.7560 -0.0623 0.6516
vn 0.7274 -0.0902 0.6803
vn 0.6415 -0.0543 0.7652
vn 0.6661 -0.0901 0.7404
vn 0.6060 -0.0682 0.7926
vn 0.6457 -0.1154 0.7548
vn 0.0695 -0.0525 0.9962
vn 0.1186 -0.0828 0.9895
vn 0.1588 -0.0633 0.9853
vn 0.1990 -0.0914 0.9757
vn 0.9877 -0.1007 0.1198
vn 0.9932 -0.0749 0.0896
vn 0.9981 -0.0605 0.0145
vn 0.9947 -0.0879 0.0538
vn 0.9825 -0.0528 0.1785
vn 0.7826 -0.0272 0.6219
vn 0.7108 -0.0534 0.7014
vn 0.7416 -0.0833 0.6656
vn 0.7679 -0.0626 0.6375
vn 0.7905 -0.0901 0.6058
vn 0.9003 -0.1666 0.4021
vn 0.9871 -0.1599 0.0106
vn 0.9853 -0.1704 0.0099
vn 0.9475 -0.1674 -0.2723
vn 0.7608 -0.1596 -0.6291
vn 0.4466 -0.1653 -0.8793
vn 0.7607 -0.1702 -0.6264
vn -0.3191 -0.0530 -0.9463
vn 0.1925 -0.0482 -0.9801
vn 0.1923 -0.0303 -0.9809
vn 0.6562 -0.0517 -0.7528
vn -0.9295 -0.0234 -0.3680
vn -0.4973 -0.0159 -0.8674
vn -0.4961 -0.0306 -0.8677
vn -0.9871 -0.0554 0.1505
vn -0.9320 -0.0500 -0.3591
vn -0.9326 -0.0314 -0.3596
vn -0.9327 -0.1258 0.3380
vn -0.9254 -0.1769 0.3351
vn -0.6934 -0.1237 0.7098
vn -0.9380 -0.0664 0.3401
vn -0.6792 -0.0702 0.7306
vn -0.5049 -0.1656 0.8472
vn -0.5025 -0.1764 0.8464
vn -0.2719 -0.1232 0.9544
vn 0.1727 -0.1244 0.9771
vn 0.1714 -0.1744 0.9696
vn 0.5849 -0.1204 0.8021
vn 0.1735 -0.0663 0.9826
vn -0.2955 -0.0702 0.9528
vn 0.4267 -0.1681 0.8886
vn 0.7484 -0.1616 0.6432
vn 0.9431 -0.1671 0.2874
vn 0.7478 -0.1720 0.6412
vn 0.8234 -0.0749 -0.5625
vn 0.8500 -0.0881 -0.5194
vn 0.8379 -0.1010 -0.5364
vn 0.8598 -0.1132 -0.4980
vn 0.6948 -0.1008 -0.7121
vn 0.7187 -0.0746 -0.6913
vn 0.6808 -0.0877 -0.7272
vn 0.6609 -0.1129 -0.7420
vn -0.3968 -0.0777 -0.9146
vn -0.3473 -0.0909 -0.9333
vn -0.3700 -0.1051 -0.9231
vn -0.3266 -0.1171 -0.9379
vn -0.5066 -0.0230 -0.8619
vn -0.4071 -0.0497 -0.9120
vn -0.4510 -0.0807 -0.8889
vn -0.9087 -0.0511 -0.4143
vn -0.9248 -0.0826 -0.3714
vn -0.3896 -0.1079 0.9146
vn -0.4164 -0.0806 0.9056
vn -0.3674 -0.0939 0.9253
vn -0.3465 -0.1201 0.9303
vn -0.3391 -0.0560 0.9391
vn 0.9998 -0.0195 0.0096
vn 0.9996 -0.0248 0.0096
vn 0.2056 -0.0237 -0.9784
vn 0.7692 -0.0182 -0.6388
vn -0.9388 -0.0512 0.3407
vn -0.6434 -0.0558 0.7635
vn -0.5138 -0.0187 0.8577
vn -0.5148 -0.0171 0.8571
vn -0.9365 -0.0246 0.3498
vn 0.1733 -0.0515 0.9835
vn 0.3231 -0.0548 0.9448
vn 0.7574 -0.0505 0.6510
vn 0.7572 -0.0652 0.6500
vn 0.9894 -0.1013 -0.1041
vn 0.9943 -0.0767 -0.0740
vn 0.1426 -0.0802 -0.9865
vn 0.0938 -0.0497 -0.9944
vn 0.0077 -0.0522 -0.9986
vn 0.0625 -0.0876 -0.9942
vn 0.0639 -0.1027 -0.9927
vn 0.0926 -0.0757 -0.9928
vn 0.0046 -0.0522 -0.9986
vn -0.9479 -0.0819 -0.3080
vn -0.9640 -0.0505 -0.2609
vn -0.9688 -0.0807 0.2342
vn -0.9792 -0.0943 0.1799
vn -0.9724 -0.1088 0.2066
vn -0.9798 -0.1213 0.1593
vn -0.5721 -0.0801 0.8163
vn -0.6163 -0.0937 0.7819
vn -0.5962 -0.1078 0.7956
vn -0.6334 -0.1204 0.7644
vn -0.9689 -0.0514 0.2419
vn -0.9537 -0.0828 0.2893
vn 0.0753 -0.0788 0.9940
vn 0.0215 -0.0923 0.9955
vn 0.0463 -0.1058 0.9933
vn -0.0004 -0.1182 0.9930
vn 0.7785 -0.0830 0.6221
vn 0.8096 -0.0530 0.5846
vn 0.8549 -0.0600 0.5152
vn 0.8236 -0.0952 0.5591
vn 0.2664 -0.1046 0.9582
vn 0.2360 -0.0781 0.9686
vn 0.9964 -0.0810 -0.0240
vn 0.9961 -0.0514 -0.0717
vn 0.9863 -0.0583 -0.1542
vn 0.9905 -0.0931 -0.1011
vn 0.8276 -0.1027 0.5519
vn 0.8124 -0.0768 0.5780
vn 0.1917 -0.0167 -0.9813
vn -0.4948 -0.0489 -0.8677
vn -0.4937 -0.0640 -0.8673
vn -0.9328 -0.0161 -0.3599
vn 0.0171 0.9998 -0.0104
vn 0.0040 1.0000 -0.0004
vn 0.0204 0.9998 -0.0010
vn 0.0258 0.9996 -0.0082
vn 0.0016 1.0000 0.0017
vn 0.0178 0.9998 0.0021
vn 0.0008 1.0000 -0.0007
vn 0.0135 0.9998 -0.0111
vn -0.0026 1.0000 0.0052
vn -0.0053 1.0000 0.0071
vn -0.0090 0.9997 0.0231
vn -0.0056 0.9998 0.0214
vn -0.0175 0.9997 0.0181
vn -0.0171 0.9995 0.0270
vn -0.0048 1.0000 0.0039
vn -0.0175 0.9997 0.0144
vn 0.0025 1.0000 0.0025
vn 0.0170 0.9998 0.0052
vn 0.0014 1.0000 0.0028
vn 0.0166 0.9998 0.0083
vn 0.0179 0.9998 0.0121
vn 0.0028 1.0000 0.0057
vn 0.0115 0.9997 0.0197
vn 0.0204 0.9996 0.0209
vn -0.0002 1.0000 0.0048
vn 0.0079 0.9998 0.0191
vn -0.0503 0.9979 0.0414
vn -0.0442 0.9978 0.0494
vn -0.0351 0.9977 0.0575
vn -0.0918 0.9901 0.1064
vn -0.0724 0.9901 0.1203
vn -0.1085 0.9901 0.0894
vn -0.0010 1.0000 0.0079
vn 0.0064 0.9997 0.0225
vn -0.0032 0.9997 0.0242
vn 0.0028 0.9995 0.0307
vn -0.0014 1.0000 -0.0019
vn 0.0013 1.0000 -0.0039
vn 0.0050 0.9998 -0.0199
vn 0.0016 0.9998 -0.0182
vn 0.0135 0.9998 -0.0148
vn 0.0131 0.9996 -0.0238
vn -0.0211 0.9997 0.0136
vn -0.0080 1.0000 0.0037
vn -0.0244 0.9997 0.0043
vn -0.0298 0.9995 0.0115
vn -0.0056 1.0000 0.0015
vn -0.0218 0.9998 0.0012
vn -0.0237 0.9978 0.0616
vn -0.0134 0.9979 0.0631
vn -0.0507 0.9901 0.1308
vn -0.0272 0.9902 0.1373
vn -0.0038 1.0000 -0.0015
vn -0.0031 1.0000 -0.0047
vn -0.0105 0.9998 -0.0193
vn -0.0119 0.9998 -0.0159
vn -0.0008 0.9998 -0.0210
vn -0.0068 0.9996 -0.0275
vn -0.0065 1.0000 0.0008
vn -0.0210 0.9998 -0.0019
vn -0.0054 1.0000 0.0005
vn -0.0206 0.9998 -0.0051
vn -0.4629 0.8001 0.3816
vn -0.3908 0.8001 0.4551
vn -0.3067 0.8002 0.5154
vn -0.2127 0.8003 0.5606
vn -0.1111 0.8005 0.5890
vn -0.0074 0.8005 0.5992
vn -0.0033 0.9902 0.1397
vn 0.0964 0.8009 0.5910
vn 0.0206 0.9903 0.1378
vn 0.1986 0.8011 0.5646
vn 0.0442 0.9903 0.1317
vn 0.2933 0.8014 0.5212
vn 0.0661 0.9904 0.1217
vn 0.3786 0.8017 0.4625
vn 0.0858 0.9904 0.1081
vn 0.4521 0.8020 0.3904
vn 0.1028 0.9905 0.0915
vn 0.5124 0.8023 0.3063
vn 0.1167 0.9905 0.0720
vn 0.5578 0.8025 0.2117
vn 0.1272 0.9906 0.0502
vn 0.5860 0.8026 0.1113
vn 0.1337 0.9907 0.0270
vn 0.5961 0.8029 0.0071
vn 0.1360 0.9907 0.0030
vn 0.5880 0.8030 -0.0972
vn 0.1342 0.9907 -0.0211
vn 0.5618 0.8032 -0.1982
vn 0.1281 0.9908 -0.0444
vn 0.5182 0.8033 -0.2936
vn 0.1181 0.9908 -0.0665
vn 0.4596 0.8033 -0.3789
vn 0.1045 0.9908 -0.0862
vn 0.3875 0.8033 -0.4524
vn 0.0879 0.9908 -0.1032
vn 0.3034 0.8032 -0.5127
vn 0.0685 0.9908 -0.1171
vn 0.2095 0.8030 -0.5579
vn 0.0467 0.9907 -0.1275
vn 0.1079 0.8029 -0.5863
vn 0.0233 0.9907 -0.1341
vn 0.0042 0.8025 -0.5966
vn -0.0006 0.9906 -0.1365
vn -0.0996 0.8024 -0.5884
vn -0.0246 0.9906 -0.1345
vn -0.2018 0.8022 -0.5620
vn -0.0482 0.9905 -0.1285
vn -0.2966 0.8019 -0.5186
vn -0.0701 0.9905 -0.1185
vn -0.3818 0.8016 -0.4600
vn -0.0898 0.9904 -0.1049
vn -0.4554 0.8014 -0.3879
vn -0.1068 0.9904 -0.0883
vn -0.5157 0.8011 -0.3037
vn -0.1207 0.9903 -0.0688
vn -0.5611 0.8009 -0.2092
vn -0.1312 0.9902 -0.0470
vn -0.5894 0.8005 -0.1087
vn -0.1377 0.9902 -0.0238
vn -0.5995 0.8004 -0.0045
vn -0.1400 0.9902 0.0003
vn -0.5914 0.8002 0.0999
vn -0.1381 0.9901 0.0244
vn -0.5652 0.8002 0.2009
vn -0.1321 0.9901 0.0477
vn -0.5216 0.8001 0.2963
vn -0.1220 0.9901 0.0697
vn -0.0035 0.9979 0.0653
vn 0.0086 0.9978 0.0656
vn 0.0201 0.9979 0.0613
vn 0.0288 0.9980 0.0560
vn 0.0378 0.9980 0.0514
vn 0.0473 0.9979 0.0439
vn 0.0533 0.9980 0.0333
vn 0.0564 0.9981 0.0234
vn 0.0589 0.9982 0.0130
vn 0.0603 0.9982 0.0024
vn 0.0610 0.9981 -0.0080
vn 0.0592 0.9980 -0.0200
vn 0.0530 0.9981 -0.0306
vn 0.0463 0.9982 -0.0382
vn 0.0402 0.9981 -0.0462
vn 0.0311 0.9980 -0.0542
vn 0.0197 0.9981 -0.0583
vn 0.0094 0.9982 -0.0599
vn -0.0005 0.9981 -0.0621
vn -0.0126 0.9980 -0.0624
vn -0.0241 0.9980 -0.0581
vn -0.0328 0.9981 -0.0528
vn -0.0418 0.9980 -0.0481
vn -0.0156 0.9997 -0.0165
vn -0.0513 0.9979 -0.0407
vn -0.0244 0.9995 -0.0176
vn -0.0573 0.9979 -0.0301
vn -0.0220 0.9997 -0.0089
vn -0.0604 0.9980 -0.0201
vn -0.0629 0.9980 -0.0098
vn -0.0643 0.9979 0.0009
vn -0.0650 0.9978 0.0112
vn -0.0632 0.9977 0.0233
vn -0.0570 0.9978 0.0338
vn -0.0068 1.0000 -0.0025
vn 0.2178 -0.9727 0.0797
vn 0.1980 -0.9734 0.1156
vn 0.0168 -0.9998 0.0080
vn 0.0262 -0.9996 0.0075
vn 0.1736 -0.9740 0.1456
vn 0.0131 -0.9999 0.0079
vn 0.5528 -0.7669 0.3259
vn 0.4881 -0.7672 0.4161
vn 0.6014 -0.7667 0.2245
vn 0.1478 -0.9736 0.1742
vn 0.0139 -0.9998 0.0116
vn 0.1158 -0.9731 0.1991
vn 0.0148 -0.9997 0.0209
vn 0.4093 -0.7675 0.4934
vn 0.3179 -0.7678 0.5563
vn 0.0777 -0.9738 0.2138
vn 0.0072 -0.9999 0.0153
vn 0.0388 -0.9745 0.2211
vn 0.0042 -0.9999 0.0124
vn 0.2162 -0.7681 0.6028
vn 0.1067 -0.7684 0.6310
vn -0.0002 -0.9746 0.2238
vn 0.0019 -0.9999 0.0122
vn -0.0393 -0.9746 0.2203
vn -0.0004 -0.9999 0.0124
vn -0.0047 -0.7685 0.6398
vn -0.1159 -0.7688 0.6289
vn -0.0780 -0.9741 0.2123
vn -0.0035 -0.9999 0.0152
vn -0.1158 -0.9736 0.1969
vn -0.0112 -0.9997 0.0207
vn -0.2248 -0.7689 0.5985
vn -0.3256 -0.7691 0.5500
vn -0.1473 -0.9741 0.1713
vn -0.0101 -0.9999 0.0114
vn -0.1725 -0.9747 0.1422
vn -0.0093 -0.9999 0.0077
vn -0.4158 -0.7691 0.4854
vn -0.4931 -0.7691 0.4065
vn -0.1963 -0.9742 0.1117
vn -0.0130 -0.9999 0.0077
vn -0.2155 -0.9736 0.0754
vn -0.0224 -0.9997 0.0070
vn -0.5560 -0.7692 0.3151
vn -0.6027 -0.7691 0.2128
vn -0.2235 -0.9741 0.0354
vn -0.0156 -0.9999 0.0006
vn -0.2241 -0.9746 -0.0038
vn -0.0126 -0.9999 -0.0018
vn -0.6308 -0.7689 0.1045
vn -0.6394 -0.7688 -0.0075
vn -0.2227 -0.9739 -0.0429
vn -0.0156 -0.9999 -0.0042
vn -0.2139 -0.9733 -0.0828
vn -0.0222 -0.9997 -0.0107
vn -0.6286 -0.7686 -0.1192
vn -0.5984 -0.7684 -0.2270
vn -0.1941 -0.9738 -0.1187
vn -0.0128 -0.9999 -0.0113
vn -0.1697 -0.9742 -0.1487
vn -0.0091 -0.9999 -0.0111
vn -0.5497 -0.7681 -0.3284
vn -0.4851 -0.7678 -0.4186
vn -0.1439 -0.9736 -0.1773
vn -0.0099 -0.9998 -0.0148
vn -0.1119 -0.9729 -0.2023
vn -0.0108 -0.9996 -0.0242
vn -0.4062 -0.7675 -0.4959
vn -0.3148 -0.7672 -0.5588
vn -0.2718 -0.8322 -0.4833
vn -0.1842 -0.8403 -0.5098
vn -0.2131 -0.7670 -0.6053
vn -0.0839 -0.8475 -0.5241
vn -0.1036 -0.7668 -0.6335
vn 0.0165 -0.8294 -0.5584
vn 0.0078 -0.7664 -0.6423
vn 0.1081 -0.8126 -0.5727
vn 0.1190 -0.7663 -0.6314
vn 0.0174 -0.9920 -0.1253
vn 0.0281 -0.9894 -0.1428
vn 0.1896 -0.8292 -0.5258
vn 0.2279 -0.7661 -0.6010
vn 0.2729 -0.8458 -0.4585
vn 0.3287 -0.7660 -0.5525
vn 0.0323 -0.9919 -0.1227
vn 0.3704 -0.8301 -0.4168
vn 0.4189 -0.7659 -0.4879
vn 0.4481 -0.8141 -0.3693
vn 0.4962 -0.7658 -0.4090
vn 0.4797 -0.8304 -0.2834
vn 0.5591 -0.7659 -0.3176
vn 0.5017 -0.8464 -0.1786
vn 0.6057 -0.7660 -0.2152
vn 0.1002 -0.9922 -0.0738
vn 0.5500 -0.8310 -0.0839
vn 0.6338 -0.7660 -0.1069
vn 0.5787 -0.8155 0.0043
vn 0.6425 -0.7663 0.0050
vn 0.5483 -0.8313 0.0918
vn 0.6316 -0.7664 0.1167
vn 0.4982 -0.8470 0.1855
vn 0.4742 -0.8313 0.2900
vn 0.4409 -0.8153 0.3754
vn 0.3622 -0.8315 0.4212
vn 0.2640 -0.8473 0.4609
vn 0.1793 -0.8309 0.5267
vn 0.0969 -0.8144 0.5721
vn 0.0057 -0.8312 0.5559
vn -0.0941 -0.8492 0.5196
vn -0.1940 -0.8420 0.5034
vn -0.2811 -0.8338 0.4752
vn -0.3470 -0.8421 0.4130
vn -0.4058 -0.8505 0.3346
vn -0.4723 -0.8417 0.2617
vn -0.5217 -0.8331 0.1840
vn -0.5323 -0.8414 0.0930
vn -0.5265 -0.8502 -0.0065
vn -0.5304 -0.8411 -0.1061
vn -0.5180 -0.8324 -0.1969
vn -0.4671 -0.8408 -0.2736
vn -0.3992 -0.8494 -0.3452
vn -0.3389 -0.8407 -0.4224
vn -0.0738 -0.9734 -0.2170
vn -0.0032 -0.9998 -0.0185
vn -0.0349 -0.9739 -0.2242
vn -0.0001 -0.9999 -0.0157
vn 0.0041 -0.9739 -0.2269
vn 0.0021 -0.9999 -0.0154
vn 0.0431 -0.9738 -0.2234
vn 0.0044 -0.9999 -0.0156
vn 0.0819 -0.9731 -0.2155
vn 0.0075 -0.9998 -0.0184
vn 0.1197 -0.9725 -0.2000
vn 0.0152 -0.9996 -0.0239
vn 0.1512 -0.9730 -0.1745
vn 0.0141 -0.9998 -0.0146
vn 0.1764 -0.9735 -0.1454
vn 0.0133 -0.9999 -0.0109
vn 0.2002 -0.9730 -0.1149
vn 0.0170 -0.9998 -0.0110
vn 0.2194 -0.9725 -0.0786
vn 0.0264 -0.9996 -0.0102
vn 0.2274 -0.9730 -0.0385
vn 0.0196 -0.9998 -0.0038
vn 0.2280 -0.9737 0.0006
vn 0.0166 -0.9999 -0.0015
vn 0.2266 -0.9732 0.0398
vn 0.0196 -0.9998 0.0009
vn 0.0035 -1.0000 -0.0041
vn 0.0022 -1.0000 -0.0032
vn 0.0032 -1.0000 -0.0026
vn 0.0020 -1.0000 -0.0016
vn -0.0008 -1.0000 -0.0006
vn 0.0008 -1.0000 -0.0006
vn 0.0005 -1.0000 0.0009
vn 0.0018 -1.0000 -0.0001
vn 0.0008 -1.0000 -0.0026
vn -0.0008 -1.0000 -0.0027
vn 0.0036 -1.0000 -0.0016
vn 0.0048 -1.0000 -0.0026
vn 0.0020 -1.0000 -0.0036
vn 0.0018 -1.0000 -0.0032
vn 0.0006 -1.0000 -0.0042
vn 0.0020 -1.0000 0.0004
vn 0.0022 -1.0000 -0.0001
vn 0.0034 -1.0000 0.0009
vn 0.0032 -1.0000 -0.0006
vn 0.0048 -1.0000 -0.0006
vn -0.8374 0.4588 0.2970
vn -0.8763 0.4588 0.1471
vn -0.8884 0.4591 -0.0079
vn 0.8655 0.4798 -0.1441
vn 0.8270 0.4802 -0.2925
vn -0.6856 0.4588 0.5652
vn -0.7727 0.4588 0.4386
vn 0.7630 0.4803 -0.4326
vn 0.6767 0.4804 -0.5579
vn -0.4538 0.4589 0.7639
vn -0.5786 0.4588 0.6743
vn 0.5708 0.4804 -0.6659
vn 0.4472 0.4802 -0.7546
vn -0.1635 0.4591 0.8732
vn -0.3143 0.4590 0.8310
vn 0.3092 0.4800 -0.8210
vn 0.1600 0.4797 -0.8627
vn 0.1447 0.4598 0.8762
vn -0.0096 0.4592 0.8883
vn 0.0076 0.4792 -0.8777
vn -0.1451 0.4791 -0.8657
vn 0.4370 0.4607 0.7726
vn 0.2963 0.4602 0.8369
vn -0.2951 0.4788 -0.8269
vn -0.4344 0.4785 -0.7631
vn 0.6727 0.4615 0.5784
vn 0.5635 0.4611 0.6855
vn -0.5596 0.4781 -0.6769
vn -0.6676 0.4777 -0.5710
vn 0.8296 0.4621 0.3133
vn 0.7622 0.4618 0.4536
vn -0.7563 0.4773 -0.4474
vn -0.8230 0.4769 -0.3085
vn 0.8865 0.4626 0.0094
vn 0.8714 0.4623 0.1641
vn -0.8644 0.4764 -0.1609
vn -0.8793 0.4761 -0.0078
vn 0.8356 0.4631 -0.2955
vn 0.8744 0.4628 -0.1456
vn -0.8674 0.4759 0.1456
vn -0.8289 0.4759 0.2940
vn 0.6838 0.4633 -0.5637
vn 0.7709 0.4633 -0.4371
vn -0.7649 0.4759 0.4342
vn -0.6787 0.4759 0.5594
vn 0.4519 0.4632 -0.7624
vn 0.5767 0.4633 -0.6728
vn -0.5727 0.4759 0.6675
vn -0.4492 0.4760 0.7561
vn 0.1617 0.4626 -0.8717
vn 0.3125 0.4629 -0.8295
vn -0.3112 0.4761 0.8225
vn -0.1619 0.4762 0.8643
vn -0.1465 0.4620 -0.8747
vn 0.0077 0.4621 -0.8868
vn -0.0095 0.4763 0.8792
vn 0.1431 0.4768 0.8673
vn -0.4388 0.4614 -0.7711
vn -0.2981 0.4617 -0.8354
vn 0.2932 0.4773 0.8284
vn 0.4324 0.4777 0.7647
vn -0.6745 0.4607 -0.5769
vn -0.5654 0.4610 -0.6840
vn 0.5577 0.4782 0.6785
vn 0.6657 0.4785 0.5725
vn -0.8315 0.4598 -0.3118
vn -0.7641 0.4602 -0.4521
vn 0.7544 0.4789 0.4490
vn -0.8733 0.4593 -0.1626
vn -0.0015 -1.0000 0.0044
vn 0.0061 -1.0000 0.0024
vn -0.1585 -0.1353 -0.9780
vn -0.1582 -0.1129 -0.9809
vn -0.1587 -0.1458 -0.9765
vn 0.0553 -0.9983 -0.0185
vn 0.0081 -0.9992 -0.0381
vn -0.0033 -0.9991 -0.0424
vn -0.0249 -0.9996 -0.0090
vn 0.1207 -0.7436 0.6577
vn -0.4675 -0.6520 0.5969
vn -0.9397 -0.0152 0.3416
vn -0.5154 -0.0214 0.8567
vn 0.2528 -0.0353 0.9669
vn 0.2388 -0.9064 -0.3486
vn 0.0294 -0.9986 -0.0430
vn -0.0202 -0.9994 -0.0275
vn 0.3190 -0.8470 -0.4252
vn 0.9334 -0.1477 -0.3271
vn 0.9368 -0.1177 -0.3295
vn 0.9768 -0.1137 0.1814
vn 0.9317 -0.1616 -0.3253
vn 0.0063 -1.0000 -0.0029
vn -0.0378 -0.9884 0.1473
vn 0.0104 -0.9999 -0.0027
vn -0.0857 -0.9657 0.2453
vn -0.6754 -0.6504 0.3476
vn -0.6185 -0.7479 -0.2413
vn -0.2631 -0.6490 -0.7138
vn 0.0083 -0.9999 -0.0080
vn 0.0046 -1.0000 -0.0054
vn 0.8460 -0.4039 -0.3481
vn 0.4096 -0.8963 -0.1697
vn 0.8505 -0.3396 -0.4016
vn 0.5014 -0.8332 -0.2334
vn 0.9692 -0.0702 0.2362
vn -0.5604 -0.5644 0.6061
vn -0.1415 -0.5611 0.8156
vn -0.0470 -0.9523 0.3015
vn -0.1609 -0.9679 0.1931
vn -0.1777 -0.1490 0.9727
vn -0.6909 -0.5640 -0.4523
vn -0.8193 -0.5733 -0.0090
vn -0.2855 -0.9584 -0.0044
vn -0.6996 -0.5656 0.4367
vn -0.9907 -0.1360 -0.0099
vn 0.8798 -0.2945 -0.3731
vn 0.8187 -0.4924 -0.2954
vn 0.8434 -0.4784 -0.2445
vn 0.3967 -0.2514 -0.8828
vn 0.4289 -0.2895 -0.8557
vn 0.4457 -0.4992 -0.7431
vn 0.4971 -0.4836 -0.7204
vn -0.2059 -0.2819 -0.9371
vn -0.1035 -0.3149 -0.9435
vn -0.0634 -0.2678 -0.9614
vn -0.7967 -0.2537 -0.5486
vn -0.7652 -0.2881 -0.5757
vn -0.6632 -0.4880 -0.5675
vn -0.6308 -0.4740 -0.6143
vn -0.9541 -0.2972 0.0355
vn -0.8749 -0.4841 0.0114
vn -0.8807 -0.4715 -0.0457
vn -0.6741 -0.4898 0.5529
vn -0.6487 -0.5230 0.5528
vn -0.6427 -0.4760 0.6003
vn -0.6352 -0.5522 0.5400
vn -0.6587 -0.4871 0.5735
vn -0.7025 -0.4720 0.5326
vn -0.1573 -0.4940 0.8551
vn -0.1348 -0.5268 0.8393
vn -0.1030 -0.4806 0.8708
vn -0.1322 -0.5565 0.8202
vn -0.1281 -0.4906 0.8619
vn -0.1853 -0.4747 0.8604
vn 0.4322 -0.5037 0.7480
vn 0.4323 -0.5374 0.7241
vn 0.4833 -0.4863 0.7279
vn 0.4210 -0.5665 0.7084
vn 0.4466 -0.4990 0.7427
vn 0.3982 -0.4821 0.7804
vn 0.9353 -0.2646 0.2350
vn 0.9103 -0.3123 0.2716
vn 0.8161 -0.5007 0.2887
vn 0.8045 -0.4838 0.3445
vn -0.2225 -0.5559 -0.8009
vn -0.6208 -0.5720 -0.5361
vn -0.2168 -0.9569 -0.1931
vn -0.8208 -0.5633 -0.0944
vn -0.7537 -0.1382 -0.6425
vn 0.4092 -0.9009 0.1444
vn -0.0021 -1.0000 -0.0053
vn -0.0203 -0.9995 0.0238
vn 0.3102 -0.8491 0.4276
vn 0.4125 -0.9002 -0.1396
vn -0.0026 -1.0000 0.0021
vn 0.0070 -0.9994 0.0351
vn -0.0050 -0.1018 -0.9948
vn 0.4997 -0.1427 -0.8543
vn 0.5022 -0.1155 -0.8570
vn 0.4986 -0.1554 -0.8528
vn 0.2190 -0.9093 -0.3539
vn 0.0076 -1.0000 -0.0050
vn 0.0355 -0.9993 0.0124
vn 0.7562 -0.0365 0.6533
vn 0.9955 -0.0424 -0.0844
vn -0.1011 -0.9895 0.1037
vn 0.0012 -1.0000 -0.0062
vn -0.0007 -0.9999 -0.0107
vn 0.9992 -0.0386 0.0096
vn -0.0619 -0.0598 -0.9963
vn 0.8573 -0.1171 0.5013
vn 0.4809 -0.1436 0.8649
vn 0.4826 -0.1175 0.8679
vn 0.4807 -0.1558 0.8629
vn -0.8225 -0.5636 0.0765
vn -0.6311 -0.5739 0.5218
vn -0.2204 -0.9576 0.1854
vn -0.2382 -0.5588 0.7943
vn -0.7662 -0.1403 0.6272
vn 0.9189 -0.2282 -0.3218
vn 0.9053 -0.2843 -0.3156
vn 0.9556 -0.2199 -0.1964
vn 0.9204 -0.2209 -0.3225
vn 0.5058 -0.1255 -0.8535
vn 0.5023 -0.1735 -0.8471
vn 0.4982 -0.2150 -0.8400
vn 0.6392 -0.1613 -0.7519
vn -0.1565 -0.1758 -0.9719
vn -0.1574 -0.1283 -0.9792
vn -0.3027 -0.1651 -0.9387
vn -0.1554 -0.2169 -0.9638
vn -0.7520 -0.1314 -0.6459
vn -0.7463 -0.1784 -0.6412
vn -0.7400 -0.2191 -0.6359
vn -0.6328 -0.1658 -0.7563
vn -0.9836 -0.1804 -0.0099
vn -0.9910 -0.1336 -0.0099
vn -0.9764 -0.1689 0.1345
vn -0.9752 -0.2209 -0.0099
vn -0.7645 -0.1335 0.6307
vn -0.7587 -0.1805 0.6260
vn -0.6474 -0.1683 0.7433
vn -0.7522 -0.2212 0.6206
vn -0.8526 -0.1686 0.4946
vn -0.3225 -0.1681 0.9315
vn -0.1754 -0.1789 0.9681
vn -0.1765 -0.1315 0.9755
vn -0.0238 -0.1664 0.9858
vn -0.1741 -0.2200 0.9598
vn 0.4802 -0.2253 0.8477
vn 0.4751 -0.2831 0.8332
vn 0.3554 -0.2166 0.9093
vn 0.4801 -0.2177 0.8498
vn 0.9301 -0.1256 0.3451
vn 0.9232 -0.1739 0.3427
vn 0.9154 -0.2157 0.3400
vn 0.8442 -0.4501 -0.2910
vn 0.5646 -0.3539 -0.7457
vn 0.9383 -0.1032 -0.3301
vn 0.9385 -0.0995 -0.3305
vn 0.4535 -0.4646 -0.7606
vn 0.5044 -0.0992 -0.8578
vn 0.5055 -0.1037 -0.8566
vn 0.3307 -0.5481 -0.7682
vn -0.1256 -0.5580 -0.8203
vn -0.0411 -0.9512 -0.3059
vn -0.5487 -0.5622 -0.6188
vn -0.1574 -0.1058 -0.9818
vn -0.1578 -0.1001 -0.9824
vn -0.7544 -0.1295 -0.6436
vn -0.7556 -0.1107 -0.6456
vn -0.7548 -0.1078 -0.6471
vn -0.7559 -0.1007 -0.6469
vn -0.9917 -0.1280 -0.0099
vn -0.9938 -0.1109 -0.0099
vn -0.9947 -0.1021 -0.0099
vn -0.9939 -0.1097 -0.0099
vn -0.7681 -0.1128 0.6303
vn -0.7668 -0.1315 0.6283
vn -0.7672 -0.1099 0.6319
vn -0.7684 -0.1028 0.6317
vn 0.3306 -0.1093 0.9374
vn -0.1775 -0.1383 0.9744
vn -0.1774 -0.1155 0.9773
vn -0.1770 -0.1025 0.9789
vn -0.1765 -0.1085 0.9783
vn 0.2112 -0.9106 0.3552
vn 0.4376 -0.4664 0.7688
vn -0.0834 -0.3733 0.9240
vn -0.0453 -0.8688 0.4930
vn 0.4860 -0.1065 0.8675
vn 0.4845 -0.1019 0.8688
vn 0.8381 -0.4518 0.3057
vn 0.9254 -0.1631 0.3422
vn 0.5499 -0.3572 0.7550
vn 0.9313 -0.1190 0.3443
vn 0.9332 -0.1005 0.3451
vn 0.9327 -0.1042 0.3452
vn 0.9374 -0.1140 -0.3291
vn 0.9363 -0.1252 -0.3280
vn 0.5059 -0.1147 -0.8549
vn -0.1573 -0.1174 -0.9806
vn -0.7533 -0.1202 -0.6466
vn -0.9924 -0.1223 -0.0099
vn -0.7658 -0.1223 0.6314
vn -0.1764 -0.1204 0.9769
vn 0.4868 -0.1175 0.8656
vn 0.4871 -0.1283 0.8639
vn 0.9315 -0.1149 0.3452
vn 0.8616 -0.4103 -0.2989
vn 0.4720 -0.4111 -0.7799
vn 0.4930 -0.2804 -0.8236
vn -0.1476 -0.2817 -0.9481
vn -0.1357 -0.4089 -0.9024
vn -0.6888 -0.4057 -0.6008
vn -0.7257 -0.2815 -0.6278
vn -0.9588 -0.2841 -0.0098
vn -0.9133 -0.4071 -0.0096
vn -0.7378 -0.2835 0.6126
vn -0.7004 -0.4076 0.5859
vn -0.1661 -0.2844 0.9442
vn -0.1533 -0.4109 0.8987
vn 0.4551 -0.4140 0.7884
vn 0.8546 -0.4143 0.3132
vn 0.9001 -0.2822 0.3319
vn 0.2316 -0.9079 0.3495
vn 0.0285 -0.9988 0.0401
vn 0.0549 -0.9984 0.0163
vn 0.0545 -0.9983 -0.0221
vn 0.0003 -0.9999 -0.0168
vn -0.0085 -0.9999 -0.0111
vn -0.0124 -0.9999 -0.0018
vn -0.0087 -0.9999 0.0076
vn 0.0000 -0.9999 0.0135
vn 0.9794 -0.1142 -0.1663
vn 0.9275 -0.1491 0.3429
vn -0.5539 -0.6243 -0.5509
vn 0.3554 -0.6200 -0.6995
vn -0.7819 -0.6222 -0.0385
vn -0.1600 -0.6204 -0.7678
vn -0.6347 -0.6253 0.4540
vn -0.6257 -0.6238 -0.4685
vn -0.1751 -0.6230 0.7624
vn -0.7825 -0.6223 0.0212
vn 0.3827 -0.0678 0.9214
vn -0.5643 -0.6262 0.5380
vn 0.8877 -0.0748 0.4543
vn -0.1275 -0.4296 0.8940
vn -0.0535 -0.9188 0.3912
vn 0.9725 -0.0724 -0.2213
vn 0.4969 -0.4196 0.7596
vn 0.5116 -0.4166 -0.7515
vn 0.0539 -0.9984 0.0198
vn 0.0357 -0.9993 -0.0146
vn 0.0078 -1.0000 0.0024
vn -0.0247 -0.9997 0.0056
vn -0.0040 -0.9992 0.0390
vn 0.9618 -0.1974 -0.1898
vn 0.3696 -0.1930 -0.9089
vn 0.3766 -0.2138 -0.9014
vn -0.0342 -0.2169 -0.9756
vn -0.0291 -0.1970 -0.9800
vn -0.8269 -0.1976 -0.5265
vn -0.8186 -0.2182 -0.5314
vn -0.9779 -0.1443 0.1514
vn -0.6346 -0.1437 0.7593
vn -0.8286 -0.1238 0.5460
vn -0.8659 -0.1439 0.4791
vn -0.0059 -0.1420 0.9898
vn -0.0829 -0.1225 0.9890
vn 0.6242 -0.1638 0.7639
vn 0.6427 -0.1397 0.7533
vn 0.3480 -0.1959 0.9168
vn 0.9594 -0.1948 0.2042
vn 0.9536 -0.2151 0.2108
vn 0.8603 -0.2155 0.4620
vn 0.8601 -0.1948 0.4716
vn 0.1877 -0.1606 -0.9690
vn -0.4905 -0.1229 -0.8627
vn -0.9209 -0.1648 -0.3531
vn 0.8646 -0.1642 -0.4750
vn 0.8582 -0.1390 -0.4941
vn 0.8954 -0.1184 -0.4293
vn 0.6574 -0.1372 -0.7410
vn -0.3203 -0.1407 -0.9368
vn -0.6197 -0.1412 -0.7720
vn -0.9674 -0.2203 -0.1246
vn -0.9711 -0.1999 -0.1303
vn -0.9837 -0.1720 -0.0517
vn -0.3404 -0.1437 0.9292
vn 0.9926 -0.1211 0.0096
vn 0.7665 -0.1215 -0.6307
vn -0.9276 -0.1660 0.3346
vn -0.5065 -0.1257 0.8530
vn 0.1693 -0.1638 0.9719
vn 0.7533 -0.1226 0.6461
vn 0.9290 -0.1765 -0.3252
vn 0.4982 -0.2227 -0.8380
vn -0.1540 -0.2244 -0.9623
vn -0.7382 -0.2264 -0.6354
vn -0.9736 -0.2282 -0.0099
vn -0.7505 -0.2284 0.6202
vn -0.1727 -0.2275 0.9583
vn 0.4840 -0.1762 0.8572
vn 0.9139 -0.2234 0.3390
# 2450 vertex normals

vt 0.2788 0.9252 0.0000
vt 0.2500 0.9252 0.0000
vt 0.2500 0.9953 0.0000
vt 0.2788 0.9953 0.0000
vt 0.2212 0.9252 0.0000
vt 0.2212 0.9953 0.0000
vt 0.2500 0.8552 0.0000
vt 0.2212 0.8552 0.0000
vt 0.2788 0.8552 0.0000
vt 0.3342 0.9252 0.0000
vt 0.3065 0.9252 0.0000
vt 0.3065 0.9953 0.0000
vt 0.3342 0.9953 0.0000
vt 0.3065 0.8552 0.0000
vt 0.3342 0.8552 0.0000
vt 0.3886 0.9252 0.0000
vt 0.3614 0.9252 0.0000
vt 0.3614 0.9953 0.0000
vt 0.3886 0.9953 0.0000
vt 0.3614 0.8552 0.0000
vt 0.3886 0.8552 0.0000
vt 0.4433 0.9252 0.0000
vt 0.4159 0.9252 0.0000
vt 0.4159 0.9953 0.0000
vt 0.4433 0.9953 0.0000
vt 0.4159 0.8552 0.0000
vt 0.4433 0.8552 0.0000
vt 0.5000 0.9252 0.0000
vt 0.4716 0.9252 0.0000
vt 0.4716 0.9953 0.0000
vt 0.5000 0.9953 0.0000
vt 0.4716 0.8552 0.0000
vt 0.5000 0.8552 0.0000
vt 0.5567 0.9252 0.0000
vt 0.5284 0.9252 0.0000
vt 0.5284 0.9953 0.0000
vt 0.5567 0.9953 0.0000
vt 0.5284 0.8552 0.0000
vt 0.5567 0.8552 0.0000
vt 0.6114 0.9252 0.0000
vt 0.5841 0.9252 0.0000
vt 0.5841 0.9953 0.0000
vt 0.6114 0.9953 0.0000
vt 0.5841 0.8552 0.0000
vt 0.6114 0.8552 0.0000
vt 0.6658 0.9252 0.0000
vt 0.6386 0.9252 0.0000
vt 0.6386 0.9953 0.0000
vt 0.6658 0.9953 0.0000
vt 0.6386 0.8552 0.0000
vt 0.6658 0.8552 0.0000
vt 0.7212 0.9973 0.0000
vt 0.6935 0.9973 0.0000
vt 0.6935 0.9992 0.0000
vt 0.7212 0.9992 0.0000
vt 0.6658 0.9973 0.0000
vt 0.6658 0.9992 0.0000
vt 0.6935 0.9953 0.0000
vt 0.7212 0.9953 0.0000
vt 0.7788 0.9252 0.0000
vt 0.7500 0.9252 0.0000
vt 0.7500 0.9953 0.0000
vt 0.7788 0.9953 0.0000
vt 0.7212 0.9252 0.0000
vt 0.7500 0.8552 0.0000
vt 0.7212 0.8552 0.0000
vt 0.7788 0.8552 0.0000
vt 0.8342 0.9973 0.0000
vt 0.8065 0.9973 0.0000
vt 0.8065 0.9992 0.0000
vt 0.8342 0.9992 0.0000
vt 0.7788 0.9973 0.0000
vt 0.7788 0.9992 0.0000
vt 0.8065 0.9953 0.0000
vt 0.8342 0.9953 0.0000
vt 0.8886 0.9252 0.0000
vt 0.8614 0.9252 0.0000
vt 0.8614 0.9953 0.0000
vt 0.8886 0.9953 0.0000
vt 0.8342 0.9252 0.0000
vt 0.8614 0.8552 0.0000
vt 0.8342 0.8552 0.0000
vt 0.8886 0.8552 0.0000
vt 0.9433 0.9973 0.0000
vt 0.9159 0.9973 0.0000
vt 0.9159 0.9992 0.0000
vt 0.9433 0.9992 0.0000
vt 0.8886 0.9973 0.0000
vt 0.8886 0.9992 0.0000
vt 0.9159 0.9953 0.0000
vt 0.9433 0.9953 0.0000
vt 1.0000 0.9252 0.0000
vt 0.9716 0.9252 0.0000
vt 0.9716 0.9953 0.0000
vt 1.0000 0.9953 0.0000
vt 0.9433 0.9252 0.0000
vt 0.9716 0.8552 0.0000
vt 0.9433 0.8552 0.0000
vt 1.0000 0.8552 0.0000
vt 0.0284 1.0000 0.0000
vt 0.0378 0.9997 0.0000
vt 0.0284 0.9996 0.0000
vt 0.0000 1.0000 0.0000
vt 0.0567 0.9996 0.0000
vt 0.0567 0.9992 0.0000
vt 0.0567 1.0000 0.0000
vt 0.5000 0.6354 0.0000
vt 0.5284 0.6354 0.0000
vt 0.5284 0.5977 0.0000
vt 0.5000 0.5977 0.0000
vt 0.5567 0.6354 0.0000
vt 0.5567 0.5977 0.0000
vt 0.5284 0.6730 0.0000
vt 0.5567 0.6730 0.0000
vt 0.5000 0.6730 0.0000
vt 0.3886 0.6354 0.0000
vt 0.4159 0.6354 0.0000
vt 0.4159 0.5977 0.0000
vt 0.3886 0.5977 0.0000
vt 0.4433 0.6354 0.0000
vt 0.4433 0.5977 0.0000
vt 0.4159 0.6730 0.0000
vt 0.4433 0.6730 0.0000
vt 0.3886 0.6730 0.0000
vt 0.2500 0.9996 0.0000
vt 0.2644 0.9998 0.0000
vt 0.2788 0.9996 0.0000
vt 0.2788 0.9992 0.0000
vt 0.2788 1.0000 0.0000
vt 0.2500 1.0000 0.0000
vt 0.2212 1.0000 0.0000
vt 0.3342 0.6759 0.0000
vt 0.3065 0.6759 0.0000
vt 0.3065 0.6787 0.0000
vt 0.3342 0.6787 0.0000
vt 0.2788 0.6759 0.0000
vt 0.2788 0.6787 0.0000
vt 0.3065 0.6730 0.0000
vt 0.2788 0.6730 0.0000
vt 0.3342 0.6730 0.0000
vt 0.3342 0.6354 0.0000
vt 0.3614 0.6354 0.0000
vt 0.3614 0.5977 0.0000
vt 0.3342 0.5977 0.0000
vt 0.3614 0.6730 0.0000
vt 0.4159 1.0000 0.0000
vt 0.4022 1.0000 0.0000
vt 0.3886 1.0000 0.0000
vt 0.4433 1.0000 0.0000
vt 0.4716 0.9996 0.0000
vt 0.4858 0.9998 0.0000
vt 0.5000 0.9996 0.0000
vt 0.5000 0.9992 0.0000
vt 0.5000 1.0000 0.0000
vt 0.4716 1.0000 0.0000
vt 0.5567 0.9992 0.0000
vt 0.5426 0.9996 0.0000
vt 0.5567 0.9996 0.0000
vt 0.5284 1.0000 0.0000
vt 0.5567 1.0000 0.0000
vt 0.5284 0.9996 0.0000
vt 0.1386 1.0000 0.0000
vt 0.1477 0.9997 0.0000
vt 0.1386 0.9996 0.0000
vt 0.1114 1.0000 0.0000
vt 0.1658 0.9996 0.0000
vt 0.1658 0.9992 0.0000
vt 0.1658 1.0000 0.0000
vt 1.0000 0.0138 0.0000
vt 0.5000 0.0138 0.0000
vt 0.5000 0.0000 0.0000
vt 1.0000 0.0000 0.0000
vt 0.0000 0.0138 0.0000
vt 0.0000 0.0000 0.0000
vt 0.5000 0.0276 0.0000
vt 0.0000 0.0276 0.0000
vt 1.0000 0.0276 0.0000
vt 0.6522 0.9996 0.0000
vt 0.6658 0.9996 0.0000
vt 0.6386 1.0000 0.0000
vt 0.6658 1.0000 0.0000
vt 0.6386 0.9996 0.0000
vt 0.6114 1.0000 0.0000
vt 0.0000 0.5138 0.0000
vt 0.5000 0.5138 0.0000
vt 1.0000 0.5138 0.0000
vt 1.0000 1.0000 0.0000
vt 0.8342 0.6354 0.0000
vt 0.8614 0.6354 0.0000
vt 0.8614 0.5977 0.0000
vt 0.8342 0.5977 0.0000
vt 0.8886 0.6354 0.0000
vt 0.8886 0.5977 0.0000
vt 0.8614 0.6730 0.0000
vt 0.8886 0.6730 0.0000
vt 0.8342 0.6730 0.0000
vt 0.8065 1.0000 0.0000
vt 0.7973 0.9997 0.0000
vt 0.7788 0.9996 0.0000
vt 0.7788 1.0000 0.0000
vt 0.8065 0.9996 0.0000
vt 0.8342 1.0000 0.0000
vt 0.7212 0.6354 0.0000
vt 0.7500 0.6354 0.0000
vt 0.7500 0.5977 0.0000
vt 0.7212 0.5977 0.0000
vt 0.7788 0.6354 0.0000
vt 0.7788 0.5977 0.0000
vt 0.7500 0.6730 0.0000
vt 0.7788 0.6730 0.0000
vt 0.7212 0.6730 0.0000
vt 0.9159 1.0000 0.0000
vt 0.9068 0.9997 0.0000
vt 0.8886 0.9996 0.0000
vt 0.8886 1.0000 0.0000
vt 0.9159 0.9996 0.0000
vt 0.9433 1.0000 0.0000
vt 0.6658 0.6759 0.0000
vt 0.6386 0.6759 0.0000
vt 0.6386 0.6787 0.0000
vt 0.6658 0.6787 0.0000
vt 0.6114 0.6759 0.0000
vt 0.6114 0.6787 0.0000
vt 0.6386 0.6730 0.0000
vt 0.6114 0.6730 0.0000
vt 0.6658 0.6730 0.0000
vt 0.0567 0.0494 0.0000
vt 0.0284 0.0494 0.0000
vt 0.0284 0.0988 0.0000
vt 0.0567 0.0988 0.0000
vt 0.0000 0.0494 0.0000
vt 0.0000 0.0988 0.0000
vt 0.0284 0.0000 0.0000
vt 0.0567 0.0000 0.0000
vt 0.1114 0.0494 0.0000
vt 0.0841 0.0494 0.0000
vt 0.0841 0.0988 0.0000
vt 0.1114 0.0988 0.0000
vt 0.0841 0.0000 0.0000
vt 0.1114 0.0000 0.0000
vt 0.1658 0.0494 0.0000
vt 0.1386 0.0494 0.0000
vt 0.1386 0.0988 0.0000
vt 0.1658 0.0988 0.0000
vt 0.1386 0.0000 0.0000
vt 0.1658 0.0000 0.0000
vt 0.2212 0.0494 0.0000
vt 0.1935 0.0494 0.0000
vt 0.1935 0.0988 0.0000
vt 0.2212 0.0988 0.0000
vt 0.1935 0.0000 0.0000
vt 0.2212 0.0000 0.0000
vt 0.2788 0.0494 0.0000
vt 0.2500 0.0494 0.0000
vt 0.2500 0.0988 0.0000
vt 0.2788 0.0988 0.0000
vt 0.2500 0.0000 0.0000
vt 0.2788 0.0000 0.0000
vt 0.3342 0.0494 0.0000
vt 0.3065 0.0494 0.0000
vt 0.3065 0.0988 0.0000
vt 0.3342 0.0988 0.0000
vt 0.3065 0.0000 0.0000
vt 0.3342 0.0000 0.0000
vt 0.3886 0.0494 0.0000
vt 0.3614 0.0494 0.0000
vt 0.3614 0.0988 0.0000
vt 0.3886 0.0988 0.0000
vt 0.3614 0.0000 0.0000
vt 0.3886 0.0000 0.0000
vt 0.4433 0.0494 0.0000
vt 0.4159 0.0494 0.0000
vt 0.4159 0.0988 0.0000
vt 0.4433 0.0988 0.0000
vt 0.4159 0.0000 0.0000
vt 0.4433 0.0000 0.0000
vt 0.5000 0.0494 0.0000
vt 0.4716 0.0494 0.0000
vt 0.4716 0.0988 0.0000
vt 0.5000 0.0988 0.0000
vt 0.4716 0.0000 0.0000
vt 0.5567 0.0494 0.0000
vt 0.5284 0.0494 0.0000
vt 0.5284 0.0988 0.0000
vt 0.5567 0.0988 0.0000
vt 0.5284 0.0000 0.0000
vt 0.5567 0.0000 0.0000
vt 0.6114 0.0494 0.0000
vt 0.5841 0.0494 0.0000
vt 0.5841 0.0988 0.0000
vt 0.6114 0.0988 0.0000
vt 0.5841 0.0000 0.0000
vt 0.6114 0.0000 0.0000
vt 0.6658 0.0494 0.0000
vt 0.6386 0.0494 0.0000
vt 0.6386 0.0988 0.0000
vt 0.6658 0.0988 0.0000
vt 0.6386 0.0000 0.0000
vt 0.6658 0.0000 0.0000
vt 0.7212 0.0494 0.0000
vt 0.6935 0.0494 0.0000
vt 0.6935 0.0988 0.0000
vt 0.7212 0.0988 0.0000
vt 0.6935 0.0000 0.0000
vt 0.7212 0.0000 0.0000
vt 0.7788 0.0494 0.0000
vt 0.7500 0.0494 0.0000
vt 0.7500 0.0988 0.0000
vt 0.7788 0.0988 0.0000
vt 0.7500 0.0000 0.0000
vt 0.7788 0.0000 0.0000
vt 0.8342 0.0494 0.0000
vt 0.8065 0.0494 0.0000
vt 0.8065 0.0988 0.0000
vt 0.8342 0.0988 0.0000
vt 0.8065 0.0000 0.0000
vt 0.8342 0.0000 0.0000
vt 0.8886 0.0494 0.0000
vt 0.8614 0.0494 0.0000
vt 0.8614 0.0988 0.0000
vt 0.8886 0.0988 0.0000
vt 0.8614 0.0000 0.0000
vt 0.8886 0.0000 0.0000
vt 0.9433 0.0494 0.0000
vt 0.9159 0.0494 0.0000
vt 0.9159 0.0988 0.0000
vt 0.9433 0.0988 0.0000
vt 0.9159 0.0000 0.0000
vt 0.9433 0.0000 0.0000
vt 1.0000 0.0494 0.0000
vt 0.9716 0.0494 0.0000
vt 0.9716 0.0988 0.0000
vt 1.0000 0.0988 0.0000
vt 0.9716 0.0000 0.0000
vt 0.0567 0.1483 0.0000
vt 0.0284 0.1483 0.0000
vt 0.0284 0.1977 0.0000
vt 0.0567 0.1977 0.0000
vt 0.0000 0.1483 0.0000
vt 0.0000 0.1977 0.0000
vt 0.1114 0.1483 0.0000
vt 0.0841 0.1483 0.0000
vt 0.0841 0.1977 0.0000
vt 0.1114 0.1977 0.0000
vt 0.1658 0.1483 0.0000
vt 0.1386 0.1483 0.0000
vt 0.1386 0.1977 0.0000
vt 0.1658 0.1977 0.0000
vt 0.2212 0.1483 0.0000
vt 0.1935 0.1483 0.0000
vt 0.1935 0.1977 0.0000
vt 0.2212 0.1977 0.0000
vt 0.2788 0.1483 0.0000
vt 0.2500 0.1483 0.0000
vt 0.2500 0.1977 0.0000
vt 0.2788 0.1977 0.0000
vt 0.3342 0.1483 0.0000
vt 0.3065 0.1483 0.0000
vt 0.3065 0.1977 0.0000
vt 0.3342 0.1977 0.0000
vt 0.3886 0.1483 0.0000
vt 0.3614 0.1483 0.0000
vt 0.3614 0.1977 0.0000
vt 0.3886 0.1977 0.0000
vt 0.4433 0.1483 0.0000
vt 0.4159 0.1483 0.0000
vt 0.4159 0.1977 0.0000
vt 0.4433 0.1977 0.0000
vt 0.5000 0.1483 0.0000
vt 0.4716 0.1483 0.0000
vt 0.4716 0.1977 0.0000
vt 0.5000 0.1977 0.0000
vt 0.5567 0.1483 0.0000
vt 0.5284 0.1483 0.0000
vt 0.5284 0.1977 0.0000
vt 0.5567 0.1977 0.0000
vt 0.6114 0.1483 0.0000
vt 0.5841 0.1483 0.0000
vt 0.5841 0.1977 0.0000
vt 0.6114 0.1977 0.0000
vt 0.6658 0.1483 0.0000
vt 0.6386 0.1483 0.0000
vt 0.6386 0.1977 0.0000
vt 0.6658 0.1977 0.0000
vt 0.7212 0.1483 0.0000
vt 0.6935 0.1483 0.0000
vt 0.6935 0.1977 0.0000
vt 0.7212 0.1977 0.0000
vt 0.7788 0.1483 0.0000
vt 0.7500 0.1483 0.0000
vt 0.7500 0.1977 0.0000
vt 0.7788 0.1977 0.0000
vt 0.8342 0.1483 0.0000
vt 0.8065 0.1483 0.0000
vt 0.8065 0.1977 0.0000
vt 0.8342 0.1977 0.0000
vt 0.8886 0.1483 0.0000
vt 0.8614 0.1483 0.0000
vt 0.8614 0.1977 0.0000
vt 0.8886 0.1977 0.0000
vt 0.9433 0.1483 0.0000
vt 0.9159 0.1483 0.0000
vt 0.9159 0.1977 0.0000
vt 0.9433 0.1977 0.0000
vt 1.0000 0.1483 0.0000
vt 0.9716 0.1483 0.0000
vt 0.9716 0.1977 0.0000
vt 1.0000 0.1977 0.0000
vt 0.0567 0.2435 0.0000
vt 0.0284 0.2435 0.0000
vt 0.0284 0.2893 0.0000
vt 0.0567 0.2893 0.0000
vt 0.0000 0.2435 0.0000
vt 0.0000 0.2893 0.0000
vt 0.1114 0.2435 0.0000
vt 0.0841 0.2435 0.0000
vt 0.0841 0.2893 0.0000
vt 0.1114 0.2893 0.0000
vt 0.1658 0.2435 0.0000
vt 0.1386 0.2435 0.0000
vt 0.1386 0.2893 0.0000
vt 0.1658 0.2893 0.0000
vt 0.2212 0.2435 0.0000
vt 0.1935 0.2435 0.0000
vt 0.1935 0.2893 0.0000
vt 0.2212 0.2893 0.0000
vt 0.2788 0.2435 0.0000
vt 0.2500 0.2435 0.0000
vt 0.2500 0.2893 0.0000
vt 0.2788 0.2893 0.0000
vt 0.3342 0.2435 0.0000
vt 0.3065 0.2435 0.0000
vt 0.3065 0.2893 0.0000
vt 0.3342 0.2893 0.0000
vt 0.3886 0.2435 0.0000
vt 0.3614 0.2435 0.0000
vt 0.3614 0.2893 0.0000
vt 0.3886 0.2893 0.0000
vt 0.4433 0.2435 0.0000
vt 0.4159 0.2435 0.0000
vt 0.4159 0.2893 0.0000
vt 0.4433 0.2893 0.0000
vt 0.5000 0.2435 0.0000
vt 0.4716 0.2435 0.0000
vt 0.4716 0.2893 0.0000
vt 0.5000 0.2893 0.0000
vt 0.5567 0.2435 0.0000
vt 0.5284 0.2435 0.0000
vt 0.5284 0.2893 0.0000
vt 0.5567 0.2893 0.0000
vt 0.6114 0.2435 0.0000
vt 0.5841 0.2435 0.0000
vt 0.5841 0.2893 0.0000
vt 0.6114 0.2893 0.0000
vt 0.6658 0.2435 0.0000
vt 0.6386 0.2435 0.0000
vt 0.6386 0.2893 0.0000
vt 0.6658 0.2893 0.0000
vt 0.7212 0.2435 0.0000
vt 0.6935 0.2435 0.0000
vt 0.6935 0.2893 0.0000
vt 0.7212 0.2893 0.0000
vt 0.7788 0.2435 0.0000
vt 0.7500 0.2435 0.0000
vt 0.7500 0.2893 0.0000
vt 0.7788 0.2893 0.0000
vt 0.8342 0.2435 0.0000
vt 0.8065 0.2435 0.0000
vt 0.8065 0.2893 0.0000
vt 0.8342 0.2893 0.0000
vt 0.8886 0.2435 0.0000
vt 0.8614 0.2435 0.0000
vt 0.8614 0.2893 0.0000
vt 0.8886 0.2893 0.0000
vt 0.9433 0.2435 0.0000
vt 0.9159 0.2435 0.0000
vt 0.9159 0.2893 0.0000
vt 0.9433 0.2893 0.0000
vt 1.0000 0.2435 0.0000
vt 0.9716 0.2435 0.0000
vt 0.9716 0.2893 0.0000
vt 1.0000 0.2893 0.0000
vt 0.0567 0.3055 0.0000
vt 0.0284 0.3055 0.0000
vt 0.0284 0.3218 0.0000
vt 0.0567 0.3218 0.0000
vt 0.0000 0.3055 0.0000
vt 0.0000 0.3218 0.0000
vt 0.1114 0.3055 0.0000
vt 0.0841 0.3055 0.0000
vt 0.0841 0.3218 0.0000
vt 0.1114 0.3218 0.0000
vt 0.1658 0.3055 0.0000
vt 0.1386 0.3055 0.0000
vt 0.1386 0.3218 0.0000
vt 0.1658 0.3218 0.0000
vt 0.2212 0.3055 0.0000
vt 0.1935 0.3055 0.0000
vt 0.1935 0.3218 0.0000
vt 0.2212 0.3218 0.0000
vt 0.2788 0.3055 0.0000
vt 0.2500 0.3055 0.0000
vt 0.2500 0.3218 0.0000
vt 0.2788 0.3218 0.0000
vt 0.3342 0.3055 0.0000
vt 0.3065 0.3055 0.0000
vt 0.3065 0.3218 0.0000
vt 0.3342 0.3218 0.0000
vt 0.3886 0.3055 0.0000
vt 0.3614 0.3055 0.0000
vt 0.3614 0.3218 0.0000
vt 0.3886 0.3218 0.0000
vt 0.4433 0.3055 0.0000
vt 0.4159 0.3055 0.0000
vt 0.4159 0.3218 0.0000
vt 0.4433 0.3218 0.0000
vt 0.5000 0.3055 0.0000
vt 0.4716 0.3055 0.0000
vt 0.4716 0.3218 0.0000
vt 0.5000 0.3218 0.0000
vt 0.5567 0.3055 0.0000
vt 0.5284 0.3055 0.0000
vt 0.5284 0.3218 0.0000
vt 0.5567 0.3218 0.0000
vt 0.6114 0.3055 0.0000
vt 0.5841 0.3055 0.0000
vt 0.5841 0.3218 0.0000
vt 0.6114 0.3218 0.0000
vt 0.6658 0.3055 0.0000
vt 0.6386 0.3055 0.0000
vt 0.6386 0.3218 0.0000
vt 0.6658 0.3218 0.0000
vt 0.7212 0.3055 0.0000
vt 0.6935 0.3055 0.0000
vt 0.6935 0.3218 0.0000
vt 0.7212 0.3218 0.0000
vt 0.7788 0.3055 0.0000
vt 0.7500 0.3055 0.0000
vt 0.7500 0.3218 0.0000
vt 0.7788 0.3218 0.0000
vt 0.8342 0.3055 0.0000
vt 0.8065 0.3055 0.0000
vt 0.8065 0.3218 0.0000
vt 0.8342 0.3218 0.0000
vt 0.8886 0.3055 0.0000
vt 0.8614 0.3055 0.0000
vt 0.8614 0.3218 0.0000
vt 0.8886 0.3218 0.0000
vt 0.9433 0.3055 0.0000
vt 0.9159 0.3055 0.0000
vt 0.9159 0.3218 0.0000
vt 0.9433 0.3218 0.0000
vt 1.0000 0.3055 0.0000
vt 0.9716 0.3055 0.0000
vt 0.9716 0.3218 0.0000
vt 1.0000 0.3218 0.0000
vt 0.0567 0.3683 0.0000
vt 0.0284 0.3683 0.0000
vt 0.0284 0.4149 0.0000
vt 0.0567 0.4149 0.0000
vt 0.0000 0.3683 0.0000
vt 0.0000 0.4149 0.0000
vt 0.1114 0.3683 0.0000
vt 0.0841 0.3683 0.0000
vt 0.0841 0.4149 0.0000
vt 0.1114 0.4149 0.0000
vt 0.1658 0.3683 0.0000
vt 0.1386 0.3683 0.0000
vt 0.1386 0.4149 0.0000
vt 0.1658 0.4149 0.0000
vt 0.2212 0.3683 0.0000
vt 0.1935 0.3683 0.0000
vt 0.1935 0.4149 0.0000
vt 0.2212 0.4149 0.0000
vt 0.2788 0.3683 0.0000
vt 0.2500 0.3683 0.0000
vt 0.2500 0.4149 0.0000
vt 0.2788 0.4149 0.0000
vt 0.3342 0.3683 0.0000
vt 0.3065 0.3683 0.0000
vt 0.3065 0.4149 0.0000
vt 0.3342 0.4149 0.0000
vt 0.3886 0.3683 0.0000
vt 0.3614 0.3683 0.0000
vt 0.3614 0.4149 0.0000
vt 0.3886 0.4149 0.0000
vt 0.4433 0.3683 0.0000
vt 0.4159 0.3683 0.0000
vt 0.4159 0.4149 0.0000
vt 0.4433 0.4149 0.0000
vt 0.5000 0.3683 0.0000
vt 0.4716 0.3683 0.0000
vt 0.4716 0.4149 0.0000
vt 0.5000 0.4149 0.0000
vt 0.5567 0.3683 0.0000
vt 0.5284 0.3683 0.0000
vt 0.5284 0.4149 0.0000
vt 0.5567 0.4149 0.0000
vt 0.6114 0.3683 0.0000
vt 0.5841 0.3683 0.0000
vt 0.5841 0.4149 0.0000
vt 0.6114 0.4149 0.0000
vt 0.6658 0.3683 0.0000
vt 0.6386 0.3683 0.0000
vt 0.6386 0.4149 0.0000
vt 0.6658 0.4149 0.0000
vt 0.7212 0.3683 0.0000
vt 0.6935 0.3683 0.0000
vt 0.6935 0.4149 0.0000
vt 0.7212 0.4149 0.0000
vt 0.7788 0.3683 0.0000
vt 0.7500 0.3683 0.0000
vt 0.7500 0.4149 0.0000
vt 0.7788 0.4149 0.0000
vt 0.8342 0.3683 0.0000
vt 0.8065 0.3683 0.0000
vt 0.8065 0.4149 0.0000
vt 0.8342 0.4149 0.0000
vt 0.8886 0.3683 0.0000
vt 0.8614 0.3683 0.0000
vt 0.8614 0.4149 0.0000
vt 0.8886 0.4149 0.0000
vt 0.9433 0.3683 0.0000
vt 0.9159 0.3683 0.0000
vt 0.9159 0.4149 0.0000
vt 0.9433 0.4149 0.0000
vt 1.0000 0.3683 0.0000
vt 0.9716 0.3683 0.0000
vt 0.9716 0.4149 0.0000
vt 1.0000 0.4149 0.0000
vt 0.0567 0.4656 0.0000
vt 0.0284 0.4656 0.0000
vt 0.0284 0.5162 0.0000
vt 0.0567 0.5162 0.0000
vt 0.0000 0.4656 0.0000
vt 0.0000 0.5162 0.0000
vt 0.1114 0.4656 0.0000
vt 0.0841 0.4656 0.0000
vt 0.0841 0.5162 0.0000
vt 0.1114 0.5162 0.0000
vt 0.1658 0.4656 0.0000
vt 0.1386 0.4656 0.0000
vt 0.1386 0.5162 0.0000
vt 0.1658 0.5162 0.0000
vt 0.2212 0.4656 0.0000
vt 0.1935 0.4656 0.0000
vt 0.1935 0.5162 0.0000
vt 0.2212 0.5162 0.0000
vt 0.2788 0.4656 0.0000
vt 0.2500 0.4656 0.0000
vt 0.2500 0.5162 0.0000
vt 0.2788 0.5162 0.0000
vt 0.3342 0.4656 0.0000
vt 0.3065 0.4656 0.0000
vt 0.3065 0.5162 0.0000
vt 0.3342 0.5162 0.0000
vt 0.3886 0.4656 0.0000
vt 0.3614 0.4656 0.0000
vt 0.3614 0.5162 0.0000
vt 0.3886 0.5162 0.0000
vt 0.4433 0.4656 0.0000
vt 0.4159 0.4656 0.0000
vt 0.4159 0.5162 0.0000
vt 0.4433 0.5162 0.0000
vt 0.5000 0.4656 0.0000
vt 0.4716 0.4656 0.0000
vt 0.4716 0.5162 0.0000
vt 0.5000 0.5162 0.0000
vt 0.5567 0.4656 0.0000
vt 0.5284 0.4656 0.0000
vt 0.5284 0.5162 0.0000
vt 0.5567 0.5162 0.0000
vt 0.6114 0.4656 0.0000
vt 0.5841 0.4656 0.0000
vt 0.5841 0.5162 0.0000
vt 0.6114 0.5162 0.0000
vt 0.6658 0.4656 0.0000
vt 0.6386 0.4656 0.0000
vt 0.6386 0.5162 0.0000
vt 0.6658 0.5162 0.0000
vt 0.7212 0.4656 0.0000
vt 0.6935 0.4656 0.0000
vt 0.6935 0.5162 0.0000
vt 0.7212 0.5162 0.0000
vt 0.7788 0.4656 0.0000
vt 0.7500 0.4656 0.0000
vt 0.7500 0.5162 0.0000
vt 0.7788 0.5162 0.0000
vt 0.8342 0.4656 0.0000
vt 0.8065 0.4656 0.0000
vt 0.8065 0.5162 0.0000
vt 0.8342 0.5162 0.0000
vt 0.8886 0.4656 0.0000
vt 0.8614 0.4656 0.0000
vt 0.8614 0.5162 0.0000
vt 0.8886 0.5162 0.0000
vt 0.9433 0.4656 0.0000
vt 0.9159 0.4656 0.0000
vt 0.9159 0.5162 0.0000
vt 0.9433 0.5162 0.0000
vt 1.0000 0.4656 0.0000
vt 0.9716 0.4656 0.0000
vt 0.9716 0.5162 0.0000
vt 1.0000 0.5162 0.0000
vt 0.0564 0.5164 0.0000
vt 0.0284 0.5164 0.0000
vt 0.0284 0.5167 0.0000
vt 0.0560 0.5167 0.0000
vt 0.0004 0.5164 0.0000
vt 0.0007 0.5167 0.0000
vt 0.1111 0.5164 0.0000
vt 0.0841 0.5164 0.0000
vt 0.0841 0.5167 0.0000
vt 0.1107 0.5167 0.0000
vt 0.0571 0.5164 0.0000
vt 0.0575 0.5167 0.0000
vt 0.1654 0.5164 0.0000
vt 0.1386 0.5164 0.0000
vt 0.1386 0.5167 0.0000
vt 0.1651 0.5167 0.0000
vt 0.1118 0.5164 0.0000
vt 0.1121 0.5167 0.0000
vt 0.2209 0.5164 0.0000
vt 0.1935 0.5164 0.0000
vt 0.1935 0.5167 0.0000
vt 0.2205 0.5167 0.0000
vt 0.1661 0.5164 0.0000
vt 0.1665 0.5167 0.0000
vt 0.2784 0.5164 0.0000
vt 0.2500 0.5164 0.0000
vt 0.2500 0.5167 0.0000
vt 0.2781 0.5167 0.0000
vt 0.2216 0.5164 0.0000
vt 0.2219 0.5167 0.0000
vt 0.3339 0.5164 0.0000
vt 0.3065 0.5164 0.0000
vt 0.3065 0.5167 0.0000
vt 0.3335 0.5167 0.0000
vt 0.2791 0.5164 0.0000
vt 0.2795 0.5167 0.0000
vt 0.3882 0.5164 0.0000
vt 0.3614 0.5164 0.0000
vt 0.3614 0.5167 0.0000
vt 0.3879 0.5167 0.0000
vt 0.3346 0.5164 0.0000
vt 0.3349 0.5167 0.0000
vt 0.4429 0.5164 0.0000
vt 0.4159 0.5164 0.0000
vt 0.4159 0.5167 0.0000
vt 0.4425 0.5167 0.0000
vt 0.3889 0.5164 0.0000
vt 0.3893 0.5167 0.0000
vt 0.4996 0.5164 0.0000
vt 0.4716 0.5164 0.0000
vt 0.4716 0.5167 0.0000
vt 0.4993 0.5167 0.0000
vt 0.4436 0.5164 0.0000
vt 0.4440 0.5167 0.0000
vt 0.5564 0.5164 0.0000
vt 0.5284 0.5164 0.0000
vt 0.5284 0.5167 0.0000
vt 0.5560 0.5167 0.0000
vt 0.5004 0.5164 0.0000
vt 0.5007 0.5167 0.0000
vt 0.6111 0.5164 0.0000
vt 0.5841 0.5164 0.0000
vt 0.5841 0.5167 0.0000
vt 0.6107 0.5167 0.0000
vt 0.5571 0.5164 0.0000
vt 0.5575 0.5167 0.0000
vt 0.6654 0.5164 0.0000
vt 0.6386 0.5164 0.0000
vt 0.6386 0.5167 0.0000
vt 0.6651 0.5167 0.0000
vt 0.6118 0.5164 0.0000
vt 0.6121 0.5167 0.0000
vt 0.7209 0.5164 0.0000
vt 0.6935 0.5164 0.0000
vt 0.6935 0.5167 0.0000
vt 0.7205 0.5167 0.0000
vt 0.6661 0.5164 0.0000
vt 0.6665 0.5167 0.0000
vt 0.7784 0.5164 0.0000
vt 0.7500 0.5164 0.0000
vt 0.7500 0.5167 0.0000
vt 0.7781 0.5167 0.0000
vt 0.7216 0.5164 0.0000
vt 0.7219 0.5167 0.0000
vt 0.8339 0.5164 0.0000
vt 0.8065 0.5164 0.0000
vt 0.8065 0.5167 0.0000
vt 0.8335 0.5167 0.0000
vt 0.7791 0.5164 0.0000
vt 0.7795 0.5167 0.0000
vt 0.8882 0.5164 0.0000
vt 0.8614 0.5164 0.0000
vt 0.8614 0.5167 0.0000
vt 0.8879 0.5167 0.0000
vt 0.8346 0.5164 0.0000
vt 0.8349 0.5167 0.0000
vt 0.9429 0.5164 0.0000
vt 0.9159 0.5164 0.0000
vt 0.9159 0.5167 0.0000
vt 0.9425 0.5167 0.0000
vt 0.8889 0.5164 0.0000
vt 0.8893 0.5167 0.0000
vt 0.9996 0.5164 0.0000
vt 0.9716 0.5164 0.0000
vt 0.9716 0.5167 0.0000
vt 0.9993 0.5167 0.0000
vt 0.9436 0.5164 0.0000
vt 0.9440 0.5167 0.0000
vt 0.0567 0.5572 0.0000
vt 0.0284 0.5572 0.0000
vt 0.0284 0.5977 0.0000
vt 0.0567 0.5977 0.0000
vt 0.0000 0.5572 0.0000
vt 0.0000 0.5977 0.0000
vt 0.0000 0.5167 0.0000
vt 0.0567 0.5167 0.0000
vt 0.1114 0.5572 0.0000
vt 0.0841 0.5572 0.0000
vt 0.0841 0.5977 0.0000
vt 0.1114 0.5977 0.0000
vt 0.1114 0.5167 0.0000
vt 0.1658 0.5572 0.0000
vt 0.1386 0.5572 0.0000
vt 0.1386 0.5977 0.0000
vt 0.1658 0.5977 0.0000
vt 0.1658 0.5167 0.0000
vt 0.2212 0.5572 0.0000
vt 0.1935 0.5572 0.0000
vt 0.1935 0.5977 0.0000
vt 0.2212 0.5977 0.0000
vt 0.2212 0.5167 0.0000
vt 0.2788 0.5572 0.0000
vt 0.2500 0.5572 0.0000
vt 0.2500 0.5977 0.0000
vt 0.2788 0.5977 0.0000
vt 0.2788 0.5167 0.0000
vt 0.3342 0.5572 0.0000
vt 0.3065 0.5572 0.0000
vt 0.3065 0.5977 0.0000
vt 0.3342 0.5167 0.0000
vt 0.3886 0.5572 0.0000
vt 0.3614 0.5572 0.0000
vt 0.3886 0.5167 0.0000
vt 0.4433 0.5572 0.0000
vt 0.4159 0.5572 0.0000
vt 0.4433 0.5167 0.0000
vt 0.5000 0.5572 0.0000
vt 0.4716 0.5572 0.0000
vt 0.4716 0.5977 0.0000
vt 0.5000 0.5167 0.0000
vt 0.5567 0.5572 0.0000
vt 0.5284 0.5572 0.0000
vt 0.5567 0.5167 0.0000
vt 0.6114 0.5572 0.0000
vt 0.5841 0.5572 0.0000
vt 0.5841 0.5977 0.0000
vt 0.6114 0.5977 0.0000
vt 0.6114 0.5167 0.0000
vt 0.6658 0.5572 0.0000
vt 0.6386 0.5572 0.0000
vt 0.6386 0.5977 0.0000
vt 0.6658 0.5977 0.0000
vt 0.6658 0.5167 0.0000
vt 0.7212 0.5572 0.0000
vt 0.6935 0.5572 0.0000
vt 0.6935 0.5977 0.0000
vt 0.7212 0.5167 0.0000
vt 0.7788 0.5572 0.0000
vt 0.7500 0.5572 0.0000
vt 0.7788 0.5167 0.0000
vt 0.8342 0.5572 0.0000
vt 0.8065 0.5572 0.0000
vt 0.8065 0.5977 0.0000
vt 0.8342 0.5167 0.0000
vt 0.8886 0.5572 0.0000
vt 0.8614 0.5572 0.0000
vt 0.8886 0.5167 0.0000
vt 0.9433 0.5572 0.0000
vt 0.9159 0.5572 0.0000
vt 0.9159 0.5977 0.0000
vt 0.9433 0.5977 0.0000
vt 0.9433 0.5167 0.0000
vt 1.0000 0.5572 0.0000
vt 0.9716 0.5572 0.0000
vt 0.9716 0.5977 0.0000
vt 1.0000 0.5977 0.0000
vt 1.0000 0.5167 0.0000
vt 0.0567 0.6759 0.0000
vt 0.0284 0.6759 0.0000
vt 0.0284 0.6787 0.0000
vt 0.0567 0.6787 0.0000
vt 0.0000 0.6759 0.0000
vt 0.0000 0.6787 0.0000
vt 0.0284 0.6730 0.0000
vt 0.0000 0.6730 0.0000
vt 0.0567 0.6730 0.0000
vt 0.1114 0.6354 0.0000
vt 0.0841 0.6354 0.0000
vt 0.0841 0.6730 0.0000
vt 0.1114 0.6730 0.0000
vt 0.0567 0.6354 0.0000
vt 0.1658 0.6759 0.0000
vt 0.1386 0.6759 0.0000
vt 0.1386 0.6787 0.0000
vt 0.1658 0.6787 0.0000
vt 0.1114 0.6759 0.0000
vt 0.1114 0.6787 0.0000
vt 0.1386 0.6730 0.0000
vt 0.1658 0.6730 0.0000
vt 0.2212 0.6354 0.0000
vt 0.1935 0.6354 0.0000
vt 0.1935 0.6730 0.0000
vt 0.2212 0.6730 0.0000
vt 0.1658 0.6354 0.0000
vt 0.2500 0.6759 0.0000
vt 0.2500 0.6787 0.0000
vt 0.2212 0.6759 0.0000
vt 0.2212 0.6787 0.0000
vt 0.2500 0.6730 0.0000
vt 0.3065 0.6354 0.0000
vt 0.2788 0.6354 0.0000
vt 0.3886 0.6759 0.0000
vt 0.3614 0.6759 0.0000
vt 0.3614 0.6787 0.0000
vt 0.3886 0.6787 0.0000
vt 0.4433 0.6759 0.0000
vt 0.4159 0.6759 0.0000
vt 0.4159 0.6787 0.0000
vt 0.4433 0.6787 0.0000
vt 0.5000 0.6759 0.0000
vt 0.4716 0.6759 0.0000
vt 0.4716 0.6787 0.0000
vt 0.5000 0.6787 0.0000
vt 0.4716 0.6730 0.0000
vt 0.5567 0.6759 0.0000
vt 0.5284 0.6759 0.0000
vt 0.5284 0.6787 0.0000
vt 0.5567 0.6787 0.0000
vt 0.5841 0.6759 0.0000
vt 0.5841 0.6787 0.0000
vt 0.5841 0.6730 0.0000
vt 0.6658 0.6354 0.0000
vt 0.6386 0.6354 0.0000
vt 0.6114 0.6354 0.0000
vt 0.7212 0.6759 0.0000
vt 0.6935 0.6759 0.0000
vt 0.6935 0.6787 0.0000
vt 0.7212 0.6787 0.0000
vt 0.6935 0.6730 0.0000
vt 0.7788 0.6759 0.0000
vt 0.7500 0.6759 0.0000
vt 0.7500 0.6787 0.0000
vt 0.7788 0.6787 0.0000
vt 0.8065 0.6354 0.0000
vt 0.8065 0.6730 0.0000
vt 0.8886 0.6759 0.0000
vt 0.8614 0.6759 0.0000
vt 0.8614 0.6787 0.0000
vt 0.8886 0.6787 0.0000
vt 0.8342 0.6759 0.0000
vt 0.8342 0.6787 0.0000
vt 0.9433 0.6759 0.0000
vt 0.9159 0.6759 0.0000
vt 0.9159 0.6787 0.0000
vt 0.9433 0.6787 0.0000
vt 0.9159 0.6730 0.0000
vt 0.9433 0.6730 0.0000
vt 1.0000 0.6354 0.0000
vt 0.9716 0.6354 0.0000
vt 0.9716 0.6730 0.0000
vt 1.0000 0.6730 0.0000
vt 0.9433 0.6354 0.0000
vt 0.0142 0.6868 0.0000
vt 0.0284 0.6949 0.0000
vt 0.0000 0.6949 0.0000
vt 0.0000 0.7111 0.0000
vt 0.1114 0.6949 0.0000
vt 0.0932 0.7003 0.0000
vt 0.0841 0.7111 0.0000
vt 0.1114 0.7111 0.0000
vt 0.0841 0.6949 0.0000
vt 0.0567 0.7111 0.0000
vt 0.1250 0.6868 0.0000
vt 0.1386 0.6949 0.0000
vt 0.2212 0.6949 0.0000
vt 0.2027 0.7003 0.0000
vt 0.1935 0.7111 0.0000
vt 0.2212 0.7111 0.0000
vt 0.1935 0.6949 0.0000
vt 0.1658 0.7111 0.0000
vt 0.2356 0.6868 0.0000
vt 0.2500 0.6949 0.0000
vt 0.3342 0.6949 0.0000
vt 0.3065 0.6949 0.0000
vt 0.3065 0.7111 0.0000
vt 0.3342 0.7111 0.0000
vt 0.2788 0.6949 0.0000
vt 0.2788 0.7111 0.0000
vt 0.3478 0.6868 0.0000
vt 0.3614 0.6949 0.0000
vt 0.4433 0.6949 0.0000
vt 0.4250 0.7003 0.0000
vt 0.4159 0.7111 0.0000
vt 0.4433 0.7111 0.0000
vt 0.4159 0.6949 0.0000
vt 0.3886 0.7111 0.0000
vt 0.4574 0.6868 0.0000
vt 0.4716 0.6949 0.0000
vt 0.5567 0.6949 0.0000
vt 0.5378 0.7003 0.0000
vt 0.5284 0.7111 0.0000
vt 0.5567 0.7111 0.0000
vt 0.5284 0.6949 0.0000
vt 0.5000 0.7111 0.0000
vt 0.5841 0.6949 0.0000
vt 0.5750 0.6895 0.0000
vt 0.6658 0.6949 0.0000
vt 0.6477 0.7003 0.0000
vt 0.6386 0.7111 0.0000
vt 0.6658 0.7111 0.0000
vt 0.6386 0.6949 0.0000
vt 0.6114 0.7111 0.0000
vt 0.6935 0.6949 0.0000
vt 0.6843 0.6895 0.0000
vt 0.7788 0.6949 0.0000
vt 0.7596 0.7003 0.0000
vt 0.7500 0.7111 0.0000
vt 0.7788 0.7111 0.0000
vt 0.7500 0.6949 0.0000
vt 0.7212 0.7111 0.0000
vt 0.8065 0.6949 0.0000
vt 0.7973 0.6895 0.0000
vt 0.8065 0.6787 0.0000
vt 0.8886 0.6949 0.0000
vt 0.8705 0.7003 0.0000
vt 0.8614 0.7111 0.0000
vt 0.8886 0.7111 0.0000
vt 0.8614 0.6949 0.0000
vt 0.8342 0.7111 0.0000
vt 0.9022 0.6868 0.0000
vt 0.9159 0.6949 0.0000
vt 1.0000 0.6949 0.0000
vt 0.9811 0.7003 0.0000
vt 0.9716 0.7111 0.0000
vt 1.0000 0.7111 0.0000
vt 0.9716 0.6949 0.0000
vt 0.9433 0.7111 0.0000
vt 1.0000 0.6787 0.0000
vt 0.0567 0.8241 0.0000
vt 0.0284 0.8241 0.0000
vt 0.0284 0.8552 0.0000
vt 0.0567 0.8552 0.0000
vt 0.0000 0.8241 0.0000
vt 0.0000 0.8552 0.0000
vt 0.0284 0.7931 0.0000
vt 0.0000 0.7931 0.0000
vt 0.0567 0.7931 0.0000
vt 0.1114 0.7432 0.0000
vt 0.0841 0.7432 0.0000
vt 0.0841 0.7449 0.0000
vt 0.1114 0.7449 0.0000
vt 0.0567 0.7432 0.0000
vt 0.0567 0.7449 0.0000
vt 0.0841 0.7416 0.0000
vt 0.0567 0.7416 0.0000
vt 0.1114 0.7416 0.0000
vt 0.1658 0.7432 0.0000
vt 0.1386 0.7432 0.0000
vt 0.1386 0.7449 0.0000
vt 0.1658 0.7449 0.0000
vt 0.1386 0.7416 0.0000
vt 0.1658 0.7416 0.0000
vt 0.2212 0.8241 0.0000
vt 0.1935 0.8241 0.0000
vt 0.1935 0.8552 0.0000
vt 0.1658 0.8241 0.0000
vt 0.1658 0.8552 0.0000
vt 0.1935 0.7931 0.0000
vt 0.1658 0.7931 0.0000
vt 0.2212 0.7931 0.0000
vt 0.2788 0.8241 0.0000
vt 0.2500 0.8241 0.0000
vt 0.2500 0.7931 0.0000
vt 0.2788 0.7931 0.0000
vt 0.3342 0.7432 0.0000
vt 0.3065 0.7432 0.0000
vt 0.3065 0.7449 0.0000
vt 0.3342 0.7449 0.0000
vt 0.2788 0.7432 0.0000
vt 0.2788 0.7449 0.0000
vt 0.3065 0.7416 0.0000
vt 0.2788 0.7416 0.0000
vt 0.3342 0.7416 0.0000
vt 0.3886 0.7432 0.0000
vt 0.3614 0.7432 0.0000
vt 0.3614 0.7449 0.0000
vt 0.3886 0.7449 0.0000
vt 0.3614 0.7416 0.0000
vt 0.3886 0.7416 0.0000
vt 0.4433 0.7690 0.0000
vt 0.4159 0.7690 0.0000
vt 0.4159 0.7931 0.0000
vt 0.4433 0.7931 0.0000
vt 0.3886 0.7690 0.0000
vt 0.3886 0.7931 0.0000
vt 0.4159 0.7449 0.0000
vt 0.4433 0.7449 0.0000
vt 0.5000 0.7263 0.0000
vt 0.4716 0.7263 0.0000
vt 0.4716 0.7416 0.0000
vt 0.5000 0.7416 0.0000
vt 0.4433 0.7263 0.0000
vt 0.4433 0.7416 0.0000
vt 0.4716 0.7111 0.0000
vt 0.5567 0.7690 0.0000
vt 0.5284 0.7690 0.0000
vt 0.5284 0.7931 0.0000
vt 0.5567 0.7931 0.0000
vt 0.5000 0.7690 0.0000
vt 0.5000 0.7931 0.0000
vt 0.5284 0.7449 0.0000
vt 0.5000 0.7449 0.0000
vt 0.5567 0.7449 0.0000
vt 0.6114 0.7263 0.0000
vt 0.5841 0.7263 0.0000
vt 0.5841 0.7416 0.0000
vt 0.6114 0.7416 0.0000
vt 0.5567 0.7263 0.0000
vt 0.5567 0.7416 0.0000
vt 0.5841 0.7111 0.0000
vt 0.6658 0.7263 0.0000
vt 0.6386 0.7263 0.0000
vt 0.6386 0.7416 0.0000
vt 0.6658 0.7416 0.0000
vt 0.7212 0.7263 0.0000
vt 0.6935 0.7263 0.0000
vt 0.6935 0.7416 0.0000
vt 0.7212 0.7416 0.0000
vt 0.6935 0.7111 0.0000
vt 0.7788 0.8241 0.0000
vt 0.7500 0.8241 0.0000
vt 0.7212 0.8241 0.0000
vt 0.7500 0.7931 0.0000
vt 0.7212 0.7931 0.0000
vt 0.7788 0.7931 0.0000
vt 0.8342 0.7263 0.0000
vt 0.8065 0.7263 0.0000
vt 0.8065 0.7416 0.0000
vt 0.8342 0.7416 0.0000
vt 0.7788 0.7263 0.0000
vt 0.7788 0.7416 0.0000
vt 0.8065 0.7111 0.0000
vt 0.8886 0.7432 0.0000
vt 0.8614 0.7432 0.0000
vt 0.8614 0.7449 0.0000
vt 0.8886 0.7449 0.0000
vt 0.8342 0.7432 0.0000
vt 0.8342 0.7449 0.0000
vt 0.8614 0.7416 0.0000
vt 0.8886 0.7416 0.0000
vt 0.9433 0.7432 0.0000
vt 0.9159 0.7432 0.0000
vt 0.9159 0.7449 0.0000
vt 0.9433 0.7449 0.0000
vt 0.9159 0.7416 0.0000
vt 0.9433 0.7416 0.0000
vt 1.0000 0.7432 0.0000
vt 0.9716 0.7432 0.0000
vt 0.9716 0.7449 0.0000
vt 1.0000 0.7449 0.0000
vt 0.9716 0.7416 0.0000
vt 1.0000 0.7416 0.0000
vt 0.0567 0.9252 0.0000
vt 0.0284 0.9252 0.0000
vt 0.0284 0.9953 0.0000
vt 0.0567 0.9953 0.0000
vt 0.0000 0.9252 0.0000
vt 0.0000 0.9953 0.0000
vt 0.1114 0.9973 0.0000
vt 0.0841 0.9973 0.0000
vt 0.0841 0.9992 0.0000
vt 0.1114 0.9992 0.0000
vt 0.0567 0.9973 0.0000
vt 0.0841 0.9953 0.0000
vt 0.1114 0.9953 0.0000
vt 0.1658 0.9973 0.0000
vt 0.1386 0.9973 0.0000
vt 0.1386 0.9992 0.0000
vt 0.1386 0.9953 0.0000
vt 0.1658 0.9953 0.0000
vt 0.1935 0.9252 0.0000
vt 0.1935 0.9953 0.0000
vt 0.1658 0.9252 0.0000
vt 0.6935 0.6354 0.0000
vt 0.5557 1.0000 0.0000
vt 0.3894 1.0000 0.0000
vt 0.0841 1.0000 0.0000
vt 0.6106 1.0000 0.0000
vt 0.4623 1.0000 0.0000
vt 0.1935 1.0000 0.0000
vt 0.5829 1.0000 0.0000
vt 0.4716 0.6354 0.0000
vt 0.6394 0.9996 0.0000
vt 0.4729 0.9998 0.0000
vt 0.6671 1.0000 0.0000
vt 0.3065 1.0000 0.0000
vt 0.3342 1.0000 0.0000
vt 0.1671 1.0000 0.0000
vt 0.2778 1.0000 0.0000
vt 0.1943 1.0000 0.0000
vt 0.3614 1.0000 0.0000
vt 0.1935 0.6759 0.0000
vt 0.1935 0.6787 0.0000
vt 0.2500 0.6354 0.0000
vt 0.0841 0.6759 0.0000
vt 0.0841 0.6787 0.0000
vt 0.5841 0.6354 0.0000
vt 0.1386 0.6354 0.0000
vt 0.9436 0.5167 0.0000
vt 0.9996 0.5167 0.0000
vt 0.0000 0.6354 0.0000
vt 0.0284 0.6354 0.0000
vt 0.9159 0.6354 0.0000
vt 0.4443 1.0000 0.0000
vt 0.5743 1.0000 0.0000
vt 0.8614 1.0000 0.0000
vt 0.4171 1.0000 0.0000
vt 0.8065 0.6759 0.0000
vt 0.6478 1.0000 0.0000
vt 0.9716 1.0000 0.0000
vt 0.5000 0.5000 0.0000
vt 1.0000 0.5000 0.0000
vt 0.0000 0.5000 0.0000
vt 1.0000 0.4015 0.0000
vt 0.5000 0.4015 0.0000
vt 0.5000 0.2342 0.0000
vt 1.0000 0.2342 0.0000
vt 0.0000 0.4015 0.0000
vt 0.0000 0.2342 0.0000
vt 0.5000 0.5688 0.0000
vt 0.0000 0.5688 0.0000
vt 1.0000 0.5688 0.0000
vt 1.0000 0.5985 0.0000
vt 0.5000 0.5985 0.0000
vt 0.5000 0.4312 0.0000
vt 1.0000 0.4312 0.0000
vt 0.0000 0.5985 0.0000
vt 0.0000 0.4312 0.0000
vt 0.5000 0.7658 0.0000
vt 0.0000 0.7658 0.0000
vt 1.0000 0.7658 0.0000
vt 1.0000 0.2226 0.0000
vt 0.5000 0.2226 0.0000
vt 0.5000 0.2111 0.0000
vt 1.0000 0.2111 0.0000
vt 0.0000 0.2226 0.0000
vt 0.0000 0.2111 0.0000
vt 0.5000 0.8944 0.0000
vt 1.0000 0.8944 0.0000
vt 0.5000 0.7889 0.0000
vt 1.0000 0.7889 0.0000
vt 0.0000 0.8944 0.0000
vt 0.0000 0.7889 0.0000
vt 1.0000 0.7774 0.0000
vt 0.5000 0.7774 0.0000
vt 0.0000 0.7774 0.0000
vt 0.5000 0.7844 0.0000
vt 1.0000 0.7844 0.0000
vt 0.0000 0.7844 0.0000
vt 1.0000 0.2156 0.0000
vt 0.5000 0.2156 0.0000
vt 0.0000 0.2156 0.0000
vt 0.5000 0.9862 0.0000
vt 1.0000 0.9862 0.0000
vt 0.5000 0.9724 0.0000
vt 1.0000 0.9724 0.0000
vt 0.0000 0.9862 0.0000
vt 0.0000 0.9724 0.0000
vt 0.6667 0.6667 0.0000
vt 1.0000 0.6759 0.0000
vt 0.9716 0.6759 0.0000
vt 0.9716 0.6787 0.0000
vt 0.0000 0.7263 0.0000
vt 0.0284 0.7263 0.0000
vt 0.0284 0.7111 0.0000
vt 0.0567 0.7263 0.0000
vt 0.0284 0.7416 0.0000
vt 0.0000 0.7416 0.0000
vt 0.1114 0.8241 0.0000
vt 0.0841 0.8241 0.0000
vt 0.0841 0.8552 0.0000
vt 0.1114 0.8552 0.0000
vt 0.0841 0.7931 0.0000
vt 0.1114 0.7931 0.0000
vt 0.1658 0.7690 0.0000
vt 0.1386 0.7690 0.0000
vt 0.1386 0.7931 0.0000
vt 0.1114 0.7690 0.0000
vt 0.1658 0.7263 0.0000
vt 0.1935 0.7263 0.0000
vt 0.2212 0.7263 0.0000
vt 0.1935 0.7416 0.0000
vt 0.2212 0.7416 0.0000
vt 0.2500 0.7263 0.0000
vt 0.2500 0.7111 0.0000
vt 0.2788 0.7263 0.0000
vt 0.2500 0.7416 0.0000
vt 0.3342 0.8241 0.0000
vt 0.3065 0.8241 0.0000
vt 0.3065 0.7931 0.0000
vt 0.3342 0.7931 0.0000
vt 0.3614 0.7690 0.0000
vt 0.3614 0.7931 0.0000
vt 0.3342 0.7690 0.0000
vt 0.3886 0.7263 0.0000
vt 0.4159 0.7263 0.0000
vt 0.4159 0.7416 0.0000
vt 0.5000 0.8241 0.0000
vt 0.4716 0.8241 0.0000
vt 0.4433 0.8241 0.0000
vt 0.4716 0.7931 0.0000
vt 0.5000 0.7432 0.0000
vt 0.5284 0.7432 0.0000
vt 0.5284 0.7416 0.0000
vt 0.5567 0.7432 0.0000
vt 0.6114 0.8241 0.0000
vt 0.5841 0.8241 0.0000
vt 0.5567 0.8241 0.0000
vt 0.5841 0.7931 0.0000
vt 0.6114 0.7931 0.0000
vt 0.6658 0.7690 0.0000
vt 0.6386 0.7690 0.0000
vt 0.6386 0.7931 0.0000
vt 0.6658 0.7931 0.0000
vt 0.6114 0.7690 0.0000
vt 0.6386 0.7449 0.0000
vt 0.6114 0.7449 0.0000
vt 0.6658 0.7449 0.0000
vt 0.6935 0.8241 0.0000
vt 0.6935 0.8552 0.0000
vt 0.6658 0.8241 0.0000
vt 0.6935 0.7931 0.0000
vt 0.7500 0.7263 0.0000
vt 0.7500 0.7416 0.0000
vt 0.8342 0.7690 0.0000
vt 0.8065 0.7690 0.0000
vt 0.8065 0.7931 0.0000
vt 0.8342 0.7931 0.0000
vt 0.7788 0.7690 0.0000
vt 0.8065 0.7449 0.0000
vt 0.7788 0.7449 0.0000
vt 0.8886 0.8241 0.0000
vt 0.8614 0.8241 0.0000
vt 0.8342 0.8241 0.0000
vt 0.8614 0.7931 0.0000
vt 0.8886 0.7931 0.0000
vt 0.9433 0.7690 0.0000
vt 0.9159 0.7690 0.0000
vt 0.9159 0.7931 0.0000
vt 0.9433 0.7931 0.0000
vt 0.8886 0.7690 0.0000
vt 1.0000 0.8241 0.0000
vt 0.9716 0.8241 0.0000
vt 0.9433 0.8241 0.0000
vt 0.9716 0.7931 0.0000
vt 1.0000 0.7931 0.0000
vt 1.0000 0.1056 0.0000
vt 0.5000 0.1056 0.0000
vt 0.0000 0.1056 0.0000
vt 0.0000 0.7690 0.0000
vt 0.0284 0.7690 0.0000
vt 0.0284 0.7449 0.0000
vt 0.0000 0.7449 0.0000
vt 0.0567 0.7690 0.0000
vt 0.1935 0.7690 0.0000
vt 0.1935 0.7449 0.0000
vt 0.2212 0.7690 0.0000
vt 0.2212 0.7449 0.0000
vt 0.2500 0.7690 0.0000
vt 0.2500 0.7449 0.0000
vt 0.2788 0.7690 0.0000
vt 0.4159 0.8241 0.0000
vt 0.3886 0.8241 0.0000
vt 0.5284 0.8241 0.0000
vt 0.7212 0.7690 0.0000
vt 0.7500 0.7690 0.0000
vt 0.7500 0.7449 0.0000
vt 0.7212 0.7449 0.0000
vt 0.0841 0.7690 0.0000
vt 0.1386 0.8241 0.0000
vt 0.1386 0.8552 0.0000
vt 0.3065 0.7690 0.0000
vt 0.3614 0.8241 0.0000
vt 0.4716 0.7690 0.0000
vt 0.4716 0.7449 0.0000
vt 0.5841 0.7690 0.0000
vt 0.5841 0.7449 0.0000
vt 0.6386 0.8241 0.0000
vt 0.6935 0.7690 0.0000
vt 0.6935 0.7449 0.0000
vt 0.8065 0.8241 0.0000
vt 0.8065 0.8552 0.0000
vt 0.8614 0.7690 0.0000
vt 0.9159 0.8241 0.0000
vt 0.9159 0.8552 0.0000
vt 0.9716 0.7690 0.0000
vt 1.0000 0.7690 0.0000
vt 0.2191 0.6731 0.0000
vt 0.2765 0.5866 0.0000
vt 0.1779 0.5610 0.0000
vt 0.1889 0.6220 0.0000
vt 0.3339 0.5000 0.0000
vt 0.1670 0.5000 0.0000
vt 0.3751 0.6121 0.0000
vt 0.5008 0.5000 0.0000
vt 0.2493 0.7243 0.0000
vt 0.5362 0.3338 0.0000
vt 0.6280 0.2915 0.0000
vt 0.6249 0.1896 0.0000
vt 0.5717 0.1677 0.0000
vt 0.7197 0.2492 0.0000
vt 0.6781 0.2115 0.0000
vt 0.6310 0.3934 0.0000
vt 0.7612 0.2869 0.0000
vt 0.2856 0.4593 0.0000
vt 0.1779 0.4390 0.0000
vt 0.3449 0.4390 0.0000
vt 0.1889 0.3780 0.0000
vt 0.2191 0.3269 0.0000
vt 0.3197 0.3389 0.0000
vt 0.2945 0.2387 0.0000
vt 0.2493 0.2757 0.0000
vt 0.4202 0.3509 0.0000
vt 0.3396 0.2017 0.0000
vt 0.7092 0.1413 0.0000
vt 0.7164 0.1306 0.0000
vt 0.6534 0.0926 0.0000
vt 0.5831 0.0654 0.0000
vt 0.7237 0.1199 0.0000
vt 0.7795 0.1686 0.0000
vt 0.8353 0.2172 0.0000
vt 0.4658 0.2582 0.0000
vt 0.3953 0.1826 0.0000
vt 0.5113 0.1656 0.0000
vt 0.4510 0.1636 0.0000
vt 0.4759 0.6682 0.0000
vt 0.3852 0.7147 0.0000
vt 0.3953 0.8174 0.0000
vt 0.4510 0.8364 0.0000
vt 0.2945 0.7613 0.0000
vt 0.3396 0.7983 0.0000
vt 0.7881 0.3362 0.0000
vt 0.7278 0.4181 0.0000
vt 0.8246 0.4427 0.0000
vt 0.8151 0.3854 0.0000
vt 0.6675 0.5000 0.0000
vt 0.8342 0.5000 0.0000
vt 0.2455 0.2818 0.0000
vt 0.4631 0.5000 0.0000
vt 0.6807 0.2818 0.0000
vt 0.4261 0.0636 0.0000
vt 0.6807 0.7182 0.0000
vt 0.9352 0.5000 0.0000
vt 0.2455 0.7182 0.0000
vt 0.4261 0.9364 0.0000
vt 0.0648 0.5000 0.0000
vt 0.5895 0.6442 0.0000
vt 0.5504 0.7393 0.0000
vt 0.6249 0.8104 0.0000
vt 0.6781 0.7885 0.0000
vt 0.5113 0.8344 0.0000
vt 0.5717 0.8323 0.0000
vt 0.7167 0.5382 0.0000
vt 0.8246 0.5573 0.0000
vt 0.6579 0.5573 0.0000
vt 0.8151 0.6146 0.0000
vt 0.7881 0.6638 0.0000
vt 0.6888 0.6540 0.0000
vt 0.7197 0.7508 0.0000
vt 0.7612 0.7131 0.0000
vt 0.1824 0.8833 0.0000
vt 0.3187 0.8166 0.0000
vt 0.3286 0.9695 0.0000
vt 0.2474 0.9389 0.0000
vt 0.4550 0.7499 0.0000
vt 0.4099 1.0000 0.0000
vt 0.3087 0.6637 0.0000
vt 0.5000 0.4998 0.0000
vt 0.1174 0.8277 0.0000
vt 0.9844 0.4112 0.0000
vt 0.8379 0.3736 0.0000
vt 0.9257 0.2474 0.0000
vt 0.9688 0.3224 0.0000
vt 0.6915 0.3360 0.0000
vt 0.8826 0.1723 0.0000
vt 0.7502 0.4998 0.0000
vt 0.5003 0.4996 0.0000
vt 0.6814 0.1833 0.0000
vt 0.8176 0.1167 0.0000
vt 0.6714 0.0305 0.0000
vt 0.7526 0.0611 0.0000
vt 0.5452 0.2498 0.0000
vt 0.5901 0.0000 0.0000
vt 0.6915 0.6636 0.0000
vt 0.8379 0.6262 0.0000
vt 0.9257 0.7526 0.0000
vt 0.8826 0.8277 0.0000
vt 0.9844 0.5888 0.0000
vt 0.9688 0.6776 0.0000
vt 0.2500 0.4999 0.0000
vt 0.1622 0.6263 0.0000
vt 0.0156 0.5888 0.0000
vt 0.0743 0.7526 0.0000
vt 0.0312 0.6776 0.0000
vt 0.5000 0.8333 0.0000
vt 0.5451 0.7499 0.0000
vt 0.5901 1.0000 0.0000
vt 0.6813 0.8166 0.0000
vt 0.6714 0.9695 0.0000
vt 0.8176 0.8833 0.0000
vt 0.7526 0.9389 0.0000
vt 0.6913 0.6637 0.0000
vt 0.5451 0.2498 0.0000
vt 0.5000 0.1665 0.0000
vt 0.4550 0.2498 0.0000
vt 0.4099 0.0000 0.0000
vt 0.5001 0.4996 0.0000
vt 0.3187 0.1833 0.0000
vt 0.3286 0.0305 0.0000
vt 0.1824 0.1167 0.0000
vt 0.2474 0.0611 0.0000
vt 0.3087 0.3360 0.0000
vt 0.1174 0.1723 0.0000
vt 0.1622 0.3736 0.0000
vt 0.0743 0.2474 0.0000
vt 0.0156 0.4112 0.0000
vt 0.0312 0.3224 0.0000
vt 0.2500 0.4998 0.0000
vt 0.0004 0.5167 0.0000
vt 0.0564 0.5167 0.0000
vt 0.0571 0.5167 0.0000
vt 0.1111 0.5167 0.0000
vt 0.1118 0.5167 0.0000
vt 0.1654 0.5167 0.0000
vt 0.1661 0.5167 0.0000
vt 0.2209 0.5167 0.0000
vt 0.2216 0.5167 0.0000
vt 0.2784 0.5167 0.0000
vt 0.2791 0.5167 0.0000
vt 0.3339 0.5167 0.0000
vt 0.3346 0.5167 0.0000
vt 0.3882 0.5167 0.0000
vt 0.3889 0.5167 0.0000
vt 0.4429 0.5167 0.0000
vt 0.4436 0.5167 0.0000
vt 0.4996 0.5167 0.0000
vt 0.5004 0.5167 0.0000
vt 0.5564 0.5167 0.0000
vt 0.5571 0.5167 0.0000
vt 0.6111 0.5167 0.0000
vt 0.6118 0.5167 0.0000
vt 0.6654 0.5167 0.0000
vt 0.6661 0.5167 0.0000
vt 0.7209 0.5167 0.0000
vt 0.7216 0.5167 0.0000
vt 0.7784 0.5167 0.0000
vt 0.7791 0.5167 0.0000
vt 0.8339 0.5167 0.0000
vt 0.8346 0.5167 0.0000
vt 0.8882 0.5167 0.0000
vt 0.8889 0.5167 0.0000
vt 0.9429 0.5167 0.0000
vt 0.3008 0.7614 0.0000
vt 0.4195 0.8410 0.0000
vt 0.6292 0.9667 0.0000
vt 0.6016 0.9334 0.0000
vt 0.3285 0.7948 0.0000
vt 0.6569 1.0000 0.0000
vt 0.0000 0.5895 0.0000
vt 0.6557 0.8546 0.0000
vt 0.5219 0.9031 0.0000
vt 0.2828 0.9685 0.0000
vt 0.3113 0.9371 0.0000
vt 0.6271 0.8861 0.0000
vt 0.2542 1.0000 0.0000
vt 1.0000 0.7721 0.0000
vt 0.1674 0.4484 0.0000
vt 0.2260 0.6323 0.0000
vt 0.3390 0.9484 0.0000
vt 0.3349 0.8968 0.0000
vt 0.1716 0.5000 0.0000
vt 0.3431 1.0000 0.0000
vt 1.0000 0.4862 0.0000
vt 0.5000 0.4862 0.0000
vt 0.0000 0.4862 0.0000
vt 0.5841 0.9996 0.0000
vt 0.6949 0.7498 0.0000
vt 0.8057 0.4996 0.0000
vt 0.6114 0.9992 0.0000
vt 0.8057 0.5000 0.0000
vt 0.5841 1.0000 0.0000
vt 0.3606 1.0000 0.0000
vt 0.5132 0.9998 0.0000
vt 0.6935 1.0000 0.0000
vt 0.7212 1.0000 0.0000
vt 0.3329 0.9996 0.0000
vt 0.2212 0.9973 0.0000
vt 0.1935 0.9973 0.0000
vt 0.1935 0.9992 0.0000
vt 0.2212 0.9992 0.0000
vt 0.0841 0.9252 0.0000
vt 0.1114 0.9252 0.0000
vt 0.0000 0.8556 0.0000
vt 0.0000 0.7966 0.0000
vt 0.0000 0.8394 0.0000
vt 0.5557 0.8394 0.0000
vt 0.5420 0.5894 0.0000
vt 0.5284 0.3394 0.0000
vt 0.0557 0.8556 0.0000
vt 0.0743 0.7966 0.0000
vt 0.0557 0.8394 0.0000
vt 0.6106 0.8394 0.0000
vt 0.5967 0.5894 0.0000
vt 0.5829 0.3394 0.0000
vt 0.1106 0.8556 0.0000
vt 0.1475 0.7966 0.0000
vt 0.1106 0.8394 0.0000
vt 0.5561 0.4633 0.0000
vt 0.6671 0.3556 0.0000
vt 0.6671 0.3394 0.0000
vt 0.1671 0.8556 0.0000
vt 0.2228 0.7966 0.0000
vt 0.1671 0.8394 0.0000
vt 0.7216 0.8394 0.0000
vt 0.7080 0.5894 0.0000
vt 0.6943 0.3394 0.0000
vt 0.2216 0.8556 0.0000
vt 0.2955 0.7966 0.0000
vt 0.2216 0.8394 0.0000
vt 0.7784 0.8394 0.0000
vt 0.7642 0.5894 0.0000
vt 0.7500 0.3394 0.0000
vt 0.5420 0.3394 0.0000
vt 0.8057 0.3394 0.0000
vt 0.2784 0.3394 0.0000
vt 0.8329 0.8394 0.0000
vt 0.8193 0.5894 0.0000
vt 0.5967 0.3394 0.0000
vt 0.8606 0.3394 0.0000
vt 0.3329 0.3394 0.0000
vt 0.8894 0.8394 0.0000
vt 0.8750 0.5894 0.0000
vt 0.6533 0.3394 0.0000
vt 0.9171 0.3394 0.0000
vt 0.3894 0.3394 0.0000
vt 0.9443 0.8394 0.0000
vt 0.9307 0.5894 0.0000
vt 0.4443 0.8556 0.0000
vt 0.5924 0.7966 0.0000
vt 0.4443 0.8394 0.0000
vt 1.0000 0.8394 0.0000
vt 0.9858 0.5894 0.0000
vt 0.9716 0.3394 0.0000
vt 0.6333 0.9150 0.0000
vt 0.6412 0.9433 0.0000
vt 0.6610 0.9483 0.0000
vt 0.6650 0.8966 0.0000
vt 0.3665 0.9151 0.0000
vt 0.3587 0.9434 0.0000
vt 0.3707 0.9667 0.0000
vt 0.3982 0.9334 0.0000
vt 0.2794 0.9128 0.0000
vt 0.2710 0.9419 0.0000
vt 0.2509 0.9443 0.0000
vt 0.2476 0.8886 0.0000
vt 0.3750 1.0000 0.0000
vt 0.7500 1.0000 0.0000
vt 0.1386 0.9252 0.0000
vt 1.0000 0.4508 0.0000
vt 0.5000 0.4508 0.0000
vt 0.0000 0.4508 0.0000
vt 0.5000 0.9016 0.0000
vt 0.0000 0.9016 0.0000
vt 1.0000 0.9016 0.0000
vt 0.5000 0.9508 0.0000
vt 1.0000 0.9508 0.0000
vt 0.0000 0.9508 0.0000
vt 1.0000 0.0492 0.0000
vt 0.5000 0.0492 0.0000
vt 0.0000 0.0492 0.0000
vt 0.5000 0.0984 0.0000
vt 0.0000 0.0984 0.0000
vt 1.0000 0.0984 0.0000
vt 0.8325 0.4483 0.0000
vt 0.7740 0.6322 0.0000
vt 0.8285 0.5000 0.0000
vt 0.6991 0.7615 0.0000
vt 0.5804 0.8410 0.0000
vt 0.6716 0.7948 0.0000
vt 1.0000 0.5896 0.0000
vt 0.1238 0.4443 0.0000
vt 0.1673 0.6295 0.0000
vt 0.1271 0.5000 0.0000
vt 0.2788 0.9973 0.0000
vt 0.2500 0.9973 0.0000
vt 0.2500 0.9992 0.0000
vt 0.3342 0.9973 0.0000
vt 0.3065 0.9973 0.0000
vt 0.3065 0.9992 0.0000
vt 0.3342 0.9992 0.0000
vt 0.3886 0.9973 0.0000
vt 0.3614 0.9973 0.0000
vt 0.3614 0.9992 0.0000
vt 0.3886 0.9992 0.0000
vt 0.4433 0.9973 0.0000
vt 0.4159 0.9973 0.0000
vt 0.4159 0.9992 0.0000
vt 0.4433 0.9992 0.0000
vt 0.5000 0.9973 0.0000
vt 0.4716 0.9973 0.0000
vt 0.4716 0.9992 0.0000
vt 0.5567 0.9973 0.0000
vt 0.5284 0.9973 0.0000
vt 0.5284 0.9992 0.0000
vt 0.6114 0.9973 0.0000
vt 0.5841 0.9973 0.0000
vt 0.5841 0.9992 0.0000
vt 0.6386 0.9973 0.0000
vt 0.6386 0.9992 0.0000
vt 0.6935 0.9252 0.0000
vt 0.7500 0.9973 0.0000
vt 0.7500 0.9992 0.0000
vt 0.8065 0.9252 0.0000
vt 0.8614 0.9973 0.0000
vt 0.8614 0.9992 0.0000
vt 0.9159 0.9252 0.0000
vt 1.0000 0.9973 0.0000
vt 0.9716 0.9973 0.0000
vt 0.9716 0.9992 0.0000
vt 1.0000 0.9992 0.0000
vt 0.0284 0.9973 0.0000
vt 0.0284 0.9992 0.0000
vt 0.0000 0.9973 0.0000
vt 0.0000 0.9992 0.0000
vt 0.1238 0.5558 0.0000
vt 0.1673 0.3706 0.0000
vt 0.2509 0.0558 0.0000
vt 0.2476 0.1117 0.0000
vt 0.2542 0.0000 0.0000
vt 0.2795 0.0875 0.0000
vt 0.2711 0.0583 0.0000
vt 0.2829 0.0316 0.0000
vt 0.3115 0.0633 0.0000
vt 0.6558 0.1456 0.0000
vt 0.5219 0.0971 0.0000
vt 0.6271 0.1140 0.0000
vt 1.0000 0.2279 0.0000
vt 0.0841 0.7263 0.0000
vt 0.1114 0.7263 0.0000
vt 0.1386 0.7263 0.0000
vt 0.1386 0.7111 0.0000
vt 0.3065 0.7263 0.0000
vt 0.3342 0.7263 0.0000
vt 0.3614 0.7263 0.0000
vt 0.3614 0.7111 0.0000
vt 0.4716 0.7432 0.0000
vt 0.4433 0.7432 0.0000
vt 0.6114 0.7432 0.0000
vt 0.5841 0.7432 0.0000
vt 0.6658 0.7432 0.0000
vt 0.6386 0.7432 0.0000
vt 0.7212 0.7432 0.0000
vt 0.6935 0.7432 0.0000
vt 0.8065 0.7432 0.0000
vt 0.7788 0.7432 0.0000
vt 0.8614 0.7263 0.0000
vt 0.8886 0.7263 0.0000
vt 0.9159 0.7263 0.0000
vt 0.9159 0.7111 0.0000
vt 0.9433 0.7263 0.0000
vt 0.9716 0.7263 0.0000
vt 1.0000 0.7263 0.0000
vt 0.0284 0.7432 0.0000
vt 0.0000 0.7432 0.0000
vt 0.2212 0.7432 0.0000
vt 0.1935 0.7432 0.0000
vt 0.2500 0.7432 0.0000
vt 0.4159 0.7432 0.0000
vt 0.5284 0.7263 0.0000
vt 0.7500 0.7432 0.0000
vt 0.0000 0.5492 0.0000
vt 0.5000 0.5492 0.0000
vt 1.0000 0.5492 0.0000
# 1797 texture coords

o IkeaCup_2
g IkeaCup_2
usemtl Material__25
s off
f 1/1/1 2/2/2 3/3/3 
f 3/3/3 4/4/4 1/1/1 
f 3/3/3 2/2/2 5/5/5 
f 5/5/5 6/6/6 3/3/3 
f 5/5/5 2/2/2 7/7/7 
f 7/7/7 8/8/8 5/5/5 
f 7/7/7 2/2/2 1/1/1 
f 1/1/1 9/9/9 7/7/7 
f 10/10/10 11/11/11 12/12/12 
f 12/12/12 13/13/13 10/10/10 
f 12/12/12 11/11/11 14/1/14 
f 14/1/14 15/4/15 12/12/12 
f 14/1/14 11/11/11 16/14/16 
f 16/14/16 17/9/17 14/1/14 
f 16/14/16 11/11/11 10/10/10 
f 10/10/10 18/15/18 16/14/16 
f 19/16/19 20/17/20 21/18/21 
f 21/18/21 22/19/22 19/16/19 
f 21/18/21 20/17/20 23/10/23 
f 23/10/23 24/13/24 21/18/21 
f 23/10/23 20/17/20 25/20/25 
f 25/20/25 26/15/26 23/10/23 
f 25/20/25 20/17/20 19/16/19 
f 19/16/19 27/21/27 25/20/25 
f 28/22/28 29/23/29 30/24/30 
f 30/24/30 31/25/31 28/22/28 
f 30/24/30 29/23/29 32/16/32 
f 32/16/32 33/19/33 30/24/30 
f 32/16/32 29/23/29 34/26/34 
f 34/26/34 35/21/35 32/16/32 
f 34/26/34 29/23/29 28/22/28 
f 28/22/28 36/27/36 34/26/34 
f 37/28/37 38/29/38 39/30/39 
f 39/30/39 40/31/40 37/28/37 
f 39/30/39 38/29/38 41/22/41 
f 41/22/41 42/25/42 39/30/39 
f 41/22/41 38/29/38 43/32/43 
f 43/32/43 44/27/44 41/22/41 
f 43/32/43 38/29/38 37/28/37 
f 37/28/37 45/33/45 43/32/43 
f 46/34/46 47/35/47 48/36/48 
f 48/36/48 49/37/49 46/34/46 
f 48/36/48 47/35/47 50/28/50 
f 50/28/50 51/31/51 48/36/48 
f 50/28/50 47/35/47 52/38/52 
f 52/38/52 53/33/53 50/28/50 
f 52/38/52 47/35/47 46/34/46 
f 46/34/46 54/39/54 52/38/52 
f 55/40/55 56/41/56 57/42/57 
f 57/42/57 58/43/58 55/40/55 
f 57/42/57 56/41/56 59/34/59 
f 59/34/59 60/37/60 57/42/57 
f 59/34/59 56/41/56 61/44/61 
f 61/44/61 62/39/62 59/34/59 
f 61/44/61 56/41/56 55/40/55 
f 55/40/55 63/45/63 61/44/61 
f 64/46/64 65/47/65 66/48/66 
f 66/48/66 67/49/67 64/46/64 
f 66/48/66 65/47/65 68/40/68 
f 68/40/68 69/43/69 66/48/66 
f 68/40/68 65/47/65 70/50/70 
f 70/50/70 71/45/71 68/40/68 
f 70/50/70 65/47/65 64/46/64 
f 64/46/64 72/51/72 70/50/70 
f 73/52/73 74/53/74 75/54/75 
f 75/54/75 76/55/76 73/52/73 
f 75/54/75 74/53/74 77/56/77 
f 77/56/77 78/57/78 75/54/75 
f 77/56/77 74/53/74 79/58/79 
f 79/58/79 80/49/80 77/56/77 
f 79/58/79 74/53/74 73/52/73 
f 73/52/73 81/59/81 79/58/79 
f 82/60/82 83/61/83 84/62/84 
f 84/62/84 85/63/85 82/60/82 
f 84/62/84 83/61/83 86/64/86 
f 86/64/86 87/59/87 84/62/84 
f 86/64/86 83/61/83 88/65/88 
f 88/65/88 89/66/89 86/64/86 
f 88/65/88 83/61/83 82/60/82 
f 82/60/82 90/67/90 88/65/88 
f 91/68/91 92/69/92 93/70/93 
f 93/70/93 94/71/94 91/68/91 
f 93/70/93 92/69/92 95/72/95 
f 95/72/95 96/73/96 93/70/93 
f 95/72/95 92/69/92 97/74/97 
f 97/74/97 98/63/98 95/72/95 
f 97/74/97 92/69/92 91/68/91 
f 91/68/91 99/75/99 97/74/97 
f 100/76/100 101/77/101 102/78/102 
f 102/78/102 103/79/103 100/76/100 
f 102/78/102 101/77/101 104/80/104 
f 104/80/104 105/75/105 102/78/102 
f 104/80/104 101/77/101 106/81/106 
f 106/81/106 107/82/107 104/80/104 
f 106/81/106 101/77/101 100/76/100 
f 100/76/100 108/83/108 106/81/106 
f 109/84/109 110/85/110 111/86/111 
f 111/86/111 112/87/112 109/84/109 
f 111/86/111 110/85/110 113/88/113 
f 113/88/113 114/89/114 111/86/111 
f 113/88/113 110/85/110 115/90/115 
f 115/90/115 116/79/116 113/88/113 
f 115/90/115 110/85/110 109/84/109 
f 109/84/109 117/91/117 115/90/115 
f 118/92/118 119/93/119 120/94/120 
f 120/94/120 121/95/121 118/92/118 
f 120/94/120 119/93/119 122/96/122 
f 122/96/122 123/91/123 120/94/120 
f 122/96/122 119/93/119 124/97/124 
f 124/97/124 125/98/125 122/96/122 
f 124/97/124 119/93/119 118/92/118 
f 118/92/118 126/99/126 124/97/124 
f 127/100/127 128/101/128 129/102/129 
f 129/102/129 130/103/130 127/100/127 
f 129/102/129 128/101/128 131/104/131 
f 131/104/131 132/105/132 129/102/129 
f 131/104/131 128/101/128 127/100/127 
f 127/100/127 133/106/133 131/104/131 
f 134/107/134 135/108/135 136/109/136 
f 136/109/136 137/110/137 134/107/134 
f 136/109/136 135/108/135 138/111/138 
f 138/111/138 139/112/139 136/109/136 
f 138/111/138 135/108/135 140/113/140 
f 140/113/140 141/114/141 138/111/138 
f 140/113/140 135/108/135 134/107/134 
f 134/107/134 142/115/142 140/113/140 
f 143/116/143 144/117/144 145/118/145 
f 145/118/145 146/119/146 143/116/143 
f 145/118/145 144/117/144 147/120/147 
f 147/120/147 148/121/148 145/118/145 
f 147/120/147 144/117/144 149/122/149 
f 149/122/149 150/123/150 147/120/147 
f 149/122/149 144/117/144 143/116/143 
f 143/116/143 151/124/151 149/122/149 
f 152/125/152 153/126/153 154/127/154 
f 154/127/154 155/128/155 152/125/152 
f 154/127/154 153/126/153 156/129/156 
f 156/129/156 157/129/157 154/127/154 
f 156/129/156 153/126/153 158/130/158 
f 158/130/158 159/129/159 156/129/156 
f 158/130/158 153/126/153 152/125/152 
f 152/125/152 160/131/160 158/130/158 
f 161/132/161 162/133/162 163/134/163 
f 163/134/163 164/135/164 161/132/161 
f 163/134/163 162/133/162 165/136/165 
f 165/136/165 166/137/166 163/134/163 
f 165/136/165 162/133/162 167/138/167 
f 167/138/167 168/139/168 165/136/165 
f 167/138/167 162/133/162 161/132/161 
f 161/132/161 169/140/169 167/138/167 
f 170/141/170 171/142/171 172/143/172 
f 172/143/172 173/144/173 170/141/170 
f 172/143/172 171/142/171 143/116/143 
f 143/116/143 146/119/146 172/143/172 
f 143/116/143 171/142/171 174/145/174 
f 174/145/174 151/124/151 143/116/143 
f 174/145/174 171/142/171 170/141/170 
f 170/141/170 169/140/169 174/145/174 
f 175/146/175 176/147/176 177/148/177 
f 177/148/177 178/148/178 175/146/175 
f 177/148/177 176/147/176 179/148/179 
f 179/148/179 180/148/180 177/148/177 
f 179/148/179 176/147/176 181/146/181 
f 181/146/181 182/148/182 179/148/179 
f 181/146/181 176/147/176 175/146/175 
f 175/146/175 183/149/183 181/146/181 
f 184/150/184 185/151/185 186/152/186 
f 186/152/186 187/153/187 184/150/184 
f 186/152/186 185/151/185 188/154/188 
f 188/154/188 189/154/189 186/152/186 
f 188/154/188 185/151/185 190/155/190 
f 190/155/190 191/154/191 188/154/188 
f 190/155/190 185/151/185 184/150/184 
f 184/150/184 183/149/183 190/155/190 
f 192/156/192 193/157/193 194/158/194 
f 194/158/194 195/156/195 192/156/192 
f 194/158/194 193/157/193 196/159/196 
f 196/159/196 197/160/197 194/158/194 
f 196/159/196 193/157/193 198/161/198 
f 198/161/198 191/154/191 196/159/196 
f 198/161/198 193/157/193 192/156/192 
f 192/156/192 199/156/199 198/161/198 
f 200/162/200 201/163/201 202/164/202 
f 202/164/202 203/165/203 200/162/200 
f 202/164/202 201/163/201 204/166/204 
f 204/166/204 205/167/205 202/164/202 
f 204/166/204 201/163/201 200/162/200 
f 200/162/200 206/168/206 204/166/204 
f 207/169/207 208/170/208 209/171/209 
f 209/171/209 210/172/210 207/169/207 
f 209/171/209 208/170/208 211/173/211 
f 211/173/211 212/174/212 209/171/209 
f 211/173/211 208/170/208 213/175/213 
f 213/175/213 13/176/13 211/173/211 
f 213/175/213 208/170/208 207/169/207 
f 207/169/207 24/177/24 213/175/213 
f 214/57/214 215/178/215 216/179/216 
f 216/179/216 217/57/217 214/57/214 
f 216/179/216 215/178/215 218/180/218 
f 218/180/218 219/181/219 216/179/216 
f 218/180/218 215/178/215 220/182/220 
f 220/182/220 221/183/221 218/180/218 
f 220/182/220 215/178/215 214/57/214 
f 214/57/214 222/57/222 220/182/220 
f 223/184/223 224/185/224 225/154/225 
f 225/154/225 226/103/226 223/184/223 
f 225/154/225 224/185/224 227/186/227 
f 227/186/227 228/187/228 225/154/225 
f 227/186/227 224/185/224 229/175/229 
f 229/175/229 230/177/230 227/186/227 
f 229/175/229 224/185/224 223/184/223 
f 223/184/223 231/176/231 229/175/229 
f 232/188/232 233/189/233 234/190/234 
f 234/190/234 235/191/235 232/188/232 
f 234/190/234 233/189/233 236/192/236 
f 236/192/236 237/193/237 234/190/234 
f 236/192/236 233/189/233 238/194/238 
f 238/194/238 239/195/239 236/192/236 
f 238/194/238 233/189/233 232/188/232 
f 232/188/232 240/196/240 238/194/238 
f 241/197/241 242/198/242 243/199/243 
f 243/199/243 244/200/244 241/197/241 
f 243/199/243 242/198/242 245/201/245 
f 245/201/245 96/73/96 243/199/243 
f 245/201/245 242/198/242 241/197/241 
f 241/197/241 246/202/246 245/201/245 
f 247/203/247 248/204/248 249/205/249 
f 249/205/249 250/206/250 247/203/247 
f 249/205/249 248/204/248 251/207/251 
f 251/207/251 252/208/252 249/205/249 
f 251/207/251 248/204/248 253/209/253 
f 253/209/253 254/210/254 251/207/251 
f 253/209/253 248/204/248 247/203/247 
f 247/203/247 255/211/255 253/209/253 
f 256/212/256 257/213/257 258/214/258 
f 258/214/258 259/215/259 256/212/256 
f 258/214/258 257/213/257 260/216/260 
f 260/216/260 114/89/114 258/214/258 
f 260/216/260 257/213/257 256/212/256 
f 256/212/256 261/217/261 260/216/260 
f 262/218/262 263/219/263 264/220/264 
f 264/220/264 265/221/265 262/218/262 
f 264/220/264 263/219/263 266/222/266 
f 266/222/266 267/223/267 264/220/264 
f 266/222/266 263/219/263 268/224/268 
f 268/224/268 269/225/269 266/222/266 
f 268/224/268 263/219/263 262/218/262 
f 262/218/262 270/226/270 268/224/268 
f 271/227/271 272/228/272 273/229/273 
f 273/229/273 274/230/274 271/227/271 
f 273/229/273 272/228/272 275/231/275 
f 275/231/275 276/232/276 273/229/273 
f 275/231/275 272/228/272 277/233/277 
f 277/233/277 278/174/278 275/231/275 
f 277/233/277 272/228/272 271/227/271 
f 271/227/271 279/234/279 277/233/277 
f 280/235/280 281/236/281 282/237/282 
f 282/237/282 283/238/283 280/235/280 
f 282/237/282 281/236/281 271/227/271 
f 271/227/271 274/230/274 282/237/282 
f 271/227/271 281/236/281 284/239/284 
f 284/239/284 279/234/279 271/227/271 
f 284/239/284 281/236/281 280/235/280 
f 280/235/280 285/240/285 284/239/284 
f 286/241/286 287/242/287 288/243/288 
f 288/243/288 289/244/289 286/241/286 
f 288/243/288 287/242/287 280/235/280 
f 280/235/280 283/238/283 288/243/288 
f 280/235/280 287/242/287 290/245/290 
f 290/245/290 285/240/285 280/235/280 
f 290/245/290 287/242/287 286/241/286 
f 286/241/286 291/246/291 290/245/290 
f 292/247/292 293/248/293 294/249/294 
f 294/249/294 295/250/295 292/247/292 
f 294/249/294 293/248/293 286/241/286 
f 286/241/286 289/244/289 294/249/294 
f 286/241/286 293/248/293 296/251/296 
f 296/251/296 291/246/291 286/241/286 
f 296/251/296 293/248/293 292/247/292 
f 292/247/292 297/252/297 296/251/296 
f 298/253/298 299/254/299 300/255/300 
f 300/255/300 301/256/301 298/253/298 
f 300/255/300 299/254/299 292/247/292 
f 292/247/292 295/250/295 300/255/300 
f 292/247/292 299/254/299 302/257/302 
f 302/257/302 297/252/297 292/247/292 
f 302/257/302 299/254/299 298/253/298 
f 298/253/298 303/258/303 302/257/302 
f 304/259/304 305/260/305 306/261/306 
f 306/261/306 307/262/307 304/259/304 
f 306/261/306 305/260/305 298/253/298 
f 298/253/298 301/256/301 306/261/306 
f 298/253/298 305/260/305 308/263/308 
f 308/263/308 303/258/303 298/253/298 
f 308/263/308 305/260/305 304/259/304 
f 304/259/304 309/264/309 308/263/308 
f 310/265/310 311/266/311 312/267/312 
f 312/267/312 313/268/313 310/265/310 
f 312/267/312 311/266/311 304/259/304 
f 304/259/304 307/262/307 312/267/312 
f 304/259/304 311/266/311 314/269/314 
f 314/269/314 309/264/309 304/259/304 
f 314/269/314 311/266/311 310/265/310 
f 310/265/310 315/270/315 314/269/314 
f 316/271/316 317/272/317 318/273/318 
f 318/273/318 319/274/319 316/271/316 
f 318/273/318 317/272/317 310/265/310 
f 310/265/310 313/268/313 318/273/318 
f 310/265/310 317/272/317 320/275/320 
f 320/275/320 315/270/315 310/265/310 
f 320/275/320 317/272/317 316/271/316 
f 316/271/316 321/276/321 320/275/320 
f 322/277/322 323/278/323 324/279/324 
f 324/279/324 325/280/325 322/277/322 
f 324/279/324 323/278/323 316/271/316 
f 316/271/316 319/274/319 324/279/324 
f 316/271/316 323/278/323 326/281/326 
f 326/281/326 321/276/321 316/271/316 
f 326/281/326 323/278/323 322/277/322 
f 322/277/322 327/171/327 326/281/326 
f 328/282/328 329/283/329 330/284/330 
f 330/284/330 331/285/331 328/282/328 
f 330/284/330 329/283/329 322/277/322 
f 322/277/322 325/280/325 330/284/330 
f 322/277/322 329/283/329 332/286/332 
f 332/286/332 327/171/327 322/277/322 
f 332/286/332 329/283/329 328/282/328 
f 328/282/328 333/287/333 332/286/332 
f 334/288/334 335/289/335 336/290/336 
f 336/290/336 337/291/337 334/288/334 
f 336/290/336 335/289/335 328/282/328 
f 328/282/328 331/285/331 336/290/336 
f 328/282/328 335/289/335 338/292/338 
f 338/292/338 333/287/333 328/282/328 
f 338/292/338 335/289/335 334/288/334 
f 334/288/334 339/293/339 338/292/338 
f 340/294/340 341/295/341 342/296/342 
f 342/296/342 343/297/343 340/294/340 
f 342/296/342 341/295/341 334/288/334 
f 334/288/334 337/291/337 342/296/342 
f 334/288/334 341/295/341 344/298/344 
f 344/298/344 339/293/339 334/288/334 
f 344/298/344 341/295/341 340/294/340 
f 340/294/340 345/299/345 344/298/344 
f 346/300/346 347/301/347 348/302/348 
f 348/302/348 349/303/349 346/300/346 
f 348/302/348 347/301/347 340/294/340 
f 340/294/340 343/297/343 348/302/348 
f 340/294/340 347/301/347 350/304/350 
f 350/304/350 345/299/345 340/294/340 
f 350/304/350 347/301/347 346/300/346 
f 346/300/346 351/305/351 350/304/350 
f 352/306/352 353/307/353 354/308/354 
f 354/308/354 355/309/355 352/306/352 
f 354/308/354 353/307/353 346/300/346 
f 346/300/346 349/303/349 354/308/354 
f 346/300/346 353/307/353 356/310/356 
f 356/310/356 351/305/351 346/300/346 
f 356/310/356 353/307/353 352/306/352 
f 352/306/352 357/311/357 356/310/356 
f 358/312/358 359/313/359 360/314/360 
f 360/314/360 361/315/361 358/312/358 
f 360/314/360 359/313/359 352/306/352 
f 352/306/352 355/309/355 360/314/360 
f 352/306/352 359/313/359 362/316/362 
f 362/316/362 357/311/357 352/306/352 
f 362/316/362 359/313/359 358/312/358 
f 358/312/358 363/317/363 362/316/362 
f 364/318/364 365/319/365 366/320/366 
f 366/320/366 367/321/367 364/318/364 
f 366/320/366 365/319/365 358/312/358 
f 358/312/358 361/315/361 366/320/366 
f 358/312/358 365/319/365 368/322/368 
f 368/322/368 363/317/363 358/312/358 
f 368/322/368 365/319/365 364/318/364 
f 364/318/364 369/323/369 368/322/368 
f 370/324/370 371/325/371 372/326/372 
f 372/326/372 373/327/373 370/324/370 
f 372/326/372 371/325/371 364/318/364 
f 364/318/364 367/321/367 372/326/372 
f 364/318/364 371/325/371 374/328/374 
f 374/328/374 369/323/369 364/318/364 
f 374/328/374 371/325/371 370/324/370 
f 370/324/370 375/329/375 374/328/374 
f 275/330/275 376/331/376 377/332/377 
f 377/332/377 276/333/276 275/330/275 
f 377/332/377 376/331/376 370/324/370 
f 370/324/370 373/327/373 377/332/377 
f 370/324/370 376/331/376 378/334/378 
f 378/334/378 375/329/375 370/324/370 
f 378/334/378 376/331/376 275/330/275 
f 275/330/275 278/172/278 378/334/378 
f 379/335/379 380/336/380 381/337/381 
f 381/337/381 382/338/382 379/335/379 
f 381/337/381 380/336/380 383/339/383 
f 383/339/383 384/340/384 381/337/381 
f 383/339/383 380/336/380 273/229/273 
f 273/229/273 276/232/276 383/339/383 
f 273/229/273 380/336/380 379/335/379 
f 379/335/379 274/230/274 273/229/273 
f 385/341/385 386/342/386 387/343/387 
f 387/343/387 388/344/388 385/341/385 
f 387/343/387 386/342/386 379/335/379 
f 379/335/379 382/338/382 387/343/387 
f 379/335/379 386/342/386 282/237/282 
f 282/237/282 274/230/274 379/335/379 
f 282/237/282 386/342/386 385/341/385 
f 385/341/385 283/238/283 282/237/282 
f 389/345/389 390/346/390 391/347/391 
f 391/347/391 392/348/392 389/345/389 
f 391/347/391 390/346/390 385/341/385 
f 385/341/385 388/344/388 391/347/391 
f 385/341/385 390/346/390 288/243/288 
f 288/243/288 283/238/283 385/341/385 
f 288/243/288 390/346/390 389/345/389 
f 389/345/389 289/244/289 288/243/288 
f 393/349/393 394/350/394 395/351/395 
f 395/351/395 396/352/396 393/349/393 
f 395/351/395 394/350/394 389/345/389 
f 389/345/389 392/348/392 395/351/395 
f 389/345/389 394/350/394 294/249/294 
f 294/249/294 289/244/289 389/345/389 
f 294/249/294 394/350/394 393/349/393 
f 393/349/393 295/250/295 294/249/294 
f 397/353/397 398/354/398 399/355/399 
f 399/355/399 400/356/400 397/353/397 
f 399/355/399 398/354/398 393/349/393 
f 393/349/393 396/352/396 399/355/399 
f 393/349/393 398/354/398 300/255/300 
f 300/255/300 295/250/295 393/349/393 
f 300/255/300 398/354/398 397/353/397 
f 397/353/397 301/256/301 300/255/300 
f 401/357/401 402/358/402 403/359/403 
f 403/359/403 404/360/404 401/357/401 
f 403/359/403 402/358/402 397/353/397 
f 397/353/397 400/356/400 403/359/403 
f 397/353/397 402/358/402 306/261/306 
f 306/261/306 301/256/301 397/353/397 
f 306/261/306 402/358/402 401/357/401 
f 401/357/401 307/262/307 306/261/306 
f 405/361/405 406/362/406 407/363/407 
f 407/363/407 408/364/408 405/361/405 
f 407/363/407 406/362/406 401/357/401 
f 401/357/401 404/360/404 407/363/407 
f 401/357/401 406/362/406 312/267/312 
f 312/267/312 307/262/307 401/357/401 
f 312/267/312 406/362/406 405/361/405 
f 405/361/405 313/268/313 312/267/312 
f 409/365/409 410/366/410 411/367/411 
f 411/367/411 412/368/412 409/365/409 
f 411/367/411 410/366/410 405/361/405 
f 405/361/405 408/364/408 411/367/411 
f 405/361/405 410/366/410 318/273/318 
f 318/273/318 313/268/313 405/361/405 
f 318/273/318 410/366/410 409/365/409 
f 409/365/409 319/274/319 318/273/318 
f 413/369/413 414/370/414 415/371/415 
f 415/371/415 416/372/416 413/369/413 
f 415/371/415 414/370/414 409/365/409 
f 409/365/409 412/368/412 415/371/415 
f 409/365/409 414/370/414 324/279/324 
f 324/279/324 319/274/319 409/365/409 
f 324/279/324 414/370/414 413/369/413 
f 413/369/413 325/280/325 324/279/324 
f 417/373/417 418/374/418 419/375/419 
f 419/375/419 420/376/420 417/373/417 
f 419/375/419 418/374/418 413/369/413 
f 413/369/413 416/372/416 419/375/419 
f 413/369/413 418/374/418 330/284/330 
f 330/284/330 325/280/325 413/369/413 
f 330/284/330 418/374/418 417/373/417 
f 417/373/417 331/285/331 330/284/330 
f 421/377/421 422/378/422 423/379/423 
f 423/379/423 424/380/424 421/377/421 
f 423/379/423 422/378/422 417/373/417 
f 417/373/417 420/376/420 423/379/423 
f 417/373/417 422/378/422 336/290/336 
f 336/290/336 331/285/331 417/373/417 
f 336/290/336 422/378/422 421/377/421 
f 421/377/421 337/291/337 336/290/336 
f 425/381/425 426/382/426 427/383/427 
f 427/383/427 428/384/428 425/381/425 
f 427/383/427 426/382/426 421/377/421 
f 421/377/421 424/380/424 427/383/427 
f 421/377/421 426/382/426 342/296/342 
f 342/296/342 337/291/337 421/377/421 
f 342/296/342 426/382/426 425/381/425 
f 425/381/425 343/297/343 342/296/342 
f 429/385/429 430/386/430 431/387/431 
f 431/387/431 432/388/432 429/385/429 
f 431/387/431 430/386/430 425/381/425 
f 425/381/425 428/384/428 431/387/431 
f 425/381/425 430/386/430 348/302/348 
f 348/302/348 343/297/343 425/381/425 
f 348/302/348 430/386/430 429/385/429 
f 429/385/429 349/303/349 348/302/348 
f 433/389/433 434/390/434 435/391/435 
f 435/391/435 436/392/436 433/389/433 
f 435/391/435 434/390/434 429/385/429 
f 429/385/429 432/388/432 435/391/435 
f 429/385/429 434/390/434 354/308/354 
f 354/308/354 349/303/349 429/385/429 
f 354/308/354 434/390/434 433/389/433 
f 433/389/433 355/309/355 354/308/354 
f 437/393/437 438/394/438 439/395/439 
f 439/395/439 440/396/440 437/393/437 
f 439/395/439 438/394/438 433/389/433 
f 433/389/433 436/392/436 439/395/439 
f 433/389/433 438/394/438 360/314/360 
f 360/314/360 355/309/355 433/389/433 
f 360/314/360 438/394/438 437/393/437 
f 437/393/437 361/315/361 360/314/360 
f 441/397/441 442/398/442 443/399/443 
f 443/399/443 444/400/444 441/397/441 
f 443/399/443 442/398/442 437/393/437 
f 437/393/437 440/396/440 443/399/443 
f 437/393/437 442/398/442 366/320/366 
f 366/320/366 361/315/361 437/393/437 
f 366/320/366 442/398/442 441/397/441 
f 441/397/441 367/321/367 366/320/366 
f 445/401/445 446/402/446 447/403/447 
f 447/403/447 448/404/448 445/401/445 
f 447/403/447 446/402/446 441/397/441 
f 441/397/441 444/400/444 447/403/447 
f 441/397/441 446/402/446 372/326/372 
f 372/326/372 367/321/367 441/397/441 
f 372/326/372 446/402/446 445/401/445 
f 445/401/445 373/327/373 372/326/372 
f 383/405/383 449/406/449 450/407/450 
f 450/407/450 384/408/384 383/405/383 
f 450/407/450 449/406/449 445/401/445 
f 445/401/445 448/404/448 450/407/450 
f 445/401/445 449/406/449 377/332/377 
f 377/332/377 373/327/373 445/401/445 
f 377/332/377 449/406/449 383/405/383 
f 383/405/383 276/333/276 377/332/377 
f 451/409/451 452/410/452 453/411/453 
f 453/411/453 454/412/454 451/409/451 
f 453/411/453 452/410/452 455/413/455 
f 455/413/455 456/414/456 453/411/453 
f 455/413/455 452/410/452 381/337/381 
f 381/337/381 384/340/384 455/413/455 
f 381/337/381 452/410/452 451/409/451 
f 451/409/451 382/338/382 381/337/381 
f 457/415/457 458/416/458 459/417/459 
f 459/417/459 460/418/460 457/415/457 
f 459/417/459 458/416/458 451/409/451 
f 451/409/451 454/412/454 459/417/459 
f 451/409/451 458/416/458 387/343/387 
f 387/343/387 382/338/382 451/409/451 
f 387/343/387 458/416/458 457/415/457 
f 457/415/457 388/344/388 387/343/387 
f 461/419/461 462/420/462 463/421/463 
f 463/421/463 464/422/464 461/419/461 
f 463/421/463 462/420/462 457/415/457 
f 457/415/457 460/418/460 463/421/463 
f 457/415/457 462/420/462 391/347/391 
f 391/347/391 388/344/388 457/415/457 
f 391/347/391 462/420/462 461/419/461 
f 461/419/461 392/348/392 391/347/391 
f 465/423/465 466/424/466 467/425/467 
f 467/425/467 468/426/468 465/423/465 
f 467/425/467 466/424/466 461/419/461 
f 461/419/461 464/422/464 467/425/467 
f 461/419/461 466/424/466 395/351/395 
f 395/351/395 392/348/392 461/419/461 
f 395/351/395 466/424/466 465/423/465 
f 465/423/465 396/352/396 395/351/395 
f 469/427/469 470/428/470 471/429/471 
f 471/429/471 472/430/472 469/427/469 
f 471/429/471 470/428/470 465/423/465 
f 465/423/465 468/426/468 471/429/471 
f 465/423/465 470/428/470 399/355/399 
f 399/355/399 396/352/396 465/423/465 
f 399/355/399 470/428/470 469/427/469 
f 469/427/469 400/356/400 399/355/399 
f 473/431/473 474/432/474 475/433/475 
f 475/433/475 476/434/476 473/431/473 
f 475/433/475 474/432/474 469/427/469 
f 469/427/469 472/430/472 475/433/475 
f 469/427/469 474/432/474 403/359/403 
f 403/359/403 400/356/400 469/427/469 
f 403/359/403 474/432/474 473/431/473 
f 473/431/473 404/360/404 403/359/403 
f 477/435/477 478/436/478 479/437/479 
f 479/437/479 480/438/480 477/435/477 
f 479/437/479 478/436/478 473/431/473 
f 473/431/473 476/434/476 479/437/479 
f 473/431/473 478/436/478 407/363/407 
f 407/363/407 404/360/404 473/431/473 
f 407/363/407 478/436/478 477/435/477 
f 477/435/477 408/364/408 407/363/407 
f 481/439/481 482/440/482 483/441/483 
f 483/441/483 484/442/484 481/439/481 
f 483/441/483 482/440/482 477/435/477 
f 477/435/477 480/438/480 483/441/483 
f 477/435/477 482/440/482 411/367/411 
f 411/367/411 408/364/408 477/435/477 
f 411/367/411 482/440/482 481/439/481 
f 481/439/481 412/368/412 411/367/411 
f 485/443/485 486/444/486 487/445/487 
f 487/445/487 488/446/488 485/443/485 
f 487/445/487 486/444/486 481/439/481 
f 481/439/481 484/442/484 487/445/487 
f 481/439/481 486/444/486 415/371/415 
f 415/371/415 412/368/412 481/439/481 
f 415/371/415 486/444/486 485/443/485 
f 485/443/485 416/372/416 415/371/415 
f 489/447/489 490/448/490 491/449/491 
f 491/449/491 492/450/492 489/447/489 
f 491/449/491 490/448/490 485/443/485 
f 485/443/485 488/446/488 491/449/491 
f 485/443/485 490/448/490 419/375/419 
f 419/375/419 416/372/416 485/443/485 
f 419/375/419 490/448/490 489/447/489 
f 489/447/489 420/376/420 419/375/419 
f 493/451/493 494/452/494 495/453/495 
f 495/453/495 496/454/496 493/451/493 
f 495/453/495 494/452/494 489/447/489 
f 489/447/489 492/450/492 495/453/495 
f 489/447/489 494/452/494 423/379/423 
f 423/379/423 420/376/420 489/447/489 
f 423/379/423 494/452/494 493/451/493 
f 493/451/493 424/380/424 423/379/423 
f 497/455/497 498/456/498 499/457/499 
f 499/457/499 500/458/500 497/455/497 
f 499/457/499 498/456/498 493/451/493 
f 493/451/493 496/454/496 499/457/499 
f 493/451/493 498/456/498 427/383/427 
f 427/383/427 424/380/424 493/451/493 
f 427/383/427 498/456/498 497/455/497 
f 497/455/497 428/384/428 427/383/427 
f 501/459/501 502/460/502 503/461/503 
f 503/461/503 504/462/504 501/459/501 
f 503/461/503 502/460/502 497/455/497 
f 497/455/497 500/458/500 503/461/503 
f 497/455/497 502/460/502 431/387/431 
f 431/387/431 428/384/428 497/455/497 
f 431/387/431 502/460/502 501/459/501 
f 501/459/501 432/388/432 431/387/431 
f 505/463/505 506/464/506 507/465/507 
f 507/465/507 508/466/508 505/463/505 
f 507/465/507 506/464/506 501/459/501 
f 501/459/501 504/462/504 507/465/507 
f 501/459/501 506/464/506 435/391/435 
f 435/391/435 432/388/432 501/459/501 
f 435/391/435 506/464/506 505/463/505 
f 505/463/505 436/392/436 435/391/435 
f 509/467/509 510/468/510 511/469/511 
f 511/469/511 512/470/512 509/467/509 
f 511/469/511 510/468/510 505/463/505 
f 505/463/505 508/466/508 511/469/511 
f 505/463/505 510/468/510 439/395/439 
f 439/395/439 436/392/436 505/463/505 
f 439/395/439 510/468/510 509/467/509 
f 509/467/509 440/396/440 439/395/439 
f 513/471/513 514/472/514 515/473/515 
f 515/473/515 516/474/516 513/471/513 
f 515/473/515 514/472/514 509/467/509 
f 509/467/509 512/470/512 515/473/515 
f 509/467/509 514/472/514 443/399/443 
f 443/399/443 440/396/440 509/467/509 
f 443/399/443 514/472/514 513/471/513 
f 513/471/513 444/400/444 443/399/443 
f 517/475/517 518/476/518 519/477/519 
f 519/477/519 520/478/520 517/475/517 
f 519/477/519 518/476/518 513/471/513 
f 513/471/513 516/474/516 519/477/519 
f 513/471/513 518/476/518 447/403/447 
f 447/403/447 444/400/444 513/471/513 
f 447/403/447 518/476/518 517/475/517 
f 517/475/517 448/404/448 447/403/447 
f 455/479/455 521/480/521 522/481/522 
f 522/481/522 456/482/456 455/479/455 
f 522/481/522 521/480/521 517/475/517 
f 517/475/517 520/478/520 522/481/522 
f 517/475/517 521/480/521 450/407/450 
f 450/407/450 448/404/448 517/475/517 
f 450/407/450 521/480/521 455/479/455 
f 455/479/455 384/408/384 450/407/450 
f 523/483/523 524/484/524 525/485/525 
f 525/485/525 526/486/526 523/483/523 
f 525/485/525 524/484/524 527/487/527 
f 527/487/527 528/488/528 525/485/525 
f 527/487/527 524/484/524 453/411/453 
f 453/411/453 456/414/456 527/487/527 
f 453/411/453 524/484/524 523/483/523 
f 523/483/523 454/412/454 453/411/453 
f 529/489/529 530/490/530 531/491/531 
f 531/491/531 532/492/532 529/489/529 
f 531/491/531 530/490/530 523/483/523 
f 523/483/523 526/486/526 531/491/531 
f 523/483/523 530/490/530 459/417/459 
f 459/417/459 454/412/454 523/483/523 
f 459/417/459 530/490/530 529/489/529 
f 529/489/529 460/418/460 459/417/459 
f 533/493/533 534/494/534 535/495/535 
f 535/495/535 536/496/536 533/493/533 
f 535/495/535 534/494/534 529/489/529 
f 529/489/529 532/492/532 535/495/535 
f 529/489/529 534/494/534 463/421/463 
f 463/421/463 460/418/460 529/489/529 
f 463/421/463 534/494/534 533/493/533 
f 533/493/533 464/422/464 463/421/463 
f 537/497/537 538/498/538 539/499/539 
f 539/499/539 540/500/540 537/497/537 
f 539/499/539 538/498/538 533/493/533 
f 533/493/533 536/496/536 539/499/539 
f 533/493/533 538/498/538 467/425/467 
f 467/425/467 464/422/464 533/493/533 
f 467/425/467 538/498/538 537/497/537 
f 537/497/537 468/426/468 467/425/467 
f 541/501/541 542/502/542 543/503/543 
f 543/503/543 544/504/544 541/501/541 
f 543/503/543 542/502/542 537/497/537 
f 537/497/537 540/500/540 543/503/543 
f 537/497/537 542/502/542 471/429/471 
f 471/429/471 468/426/468 537/497/537 
f 471/429/471 542/502/542 541/501/541 
f 541/501/541 472/430/472 471/429/471 
f 545/505/545 546/506/546 547/507/547 
f 547/507/547 548/508/548 545/505/545 
f 547/507/547 546/506/546 541/501/541 
f 541/501/541 544/504/544 547/507/547 
f 541/501/541 546/506/546 475/433/475 
f 475/433/475 472/430/472 541/501/541 
f 475/433/475 546/506/546 545/505/545 
f 545/505/545 476/434/476 475/433/475 
f 549/509/549 550/510/550 551/511/551 
f 551/511/551 552/512/552 549/509/549 
f 551/511/551 550/510/550 545/505/545 
f 545/505/545 548/508/548 551/511/551 
f 545/505/545 550/510/550 479/437/479 
f 479/437/479 476/434/476 545/505/545 
f 479/437/479 550/510/550 549/509/549 
f 549/509/549 480/438/480 479/437/479 
f 553/513/553 554/514/554 555/515/555 
f 555/515/555 556/516/556 553/513/553 
f 555/515/555 554/514/554 549/509/549 
f 549/509/549 552/512/552 555/515/555 
f 549/509/549 554/514/554 483/441/483 
f 483/441/483 480/438/480 549/509/549 
f 483/441/483 554/514/554 553/513/553 
f 553/513/553 484/442/484 483/441/483 
f 557/517/557 558/518/558 559/519/559 
f 559/519/559 560/520/560 557/517/557 
f 559/519/559 558/518/558 553/513/553 
f 553/513/553 556/516/556 559/519/559 
f 553/513/553 558/518/558 487/445/487 
f 487/445/487 484/442/484 553/513/553 
f 487/445/487 558/518/558 557/517/557 
f 557/517/557 488/446/488 487/445/487 
f 561/521/561 562/522/562 563/523/563 
f 563/523/563 564/524/564 561/521/561 
f 563/523/563 562/522/562 557/517/557 
f 557/517/557 560/520/560 563/523/563 
f 557/517/557 562/522/562 491/449/491 
f 491/449/491 488/446/488 557/517/557 
f 491/449/491 562/522/562 561/521/561 
f 561/521/561 492/450/492 491/449/491 
f 565/525/565 566/526/566 567/527/567 
f 567/527/567 568/528/568 565/525/565 
f 567/527/567 566/526/566 561/521/561 
f 561/521/561 564/524/564 567/527/567 
f 561/521/561 566/526/566 495/453/495 
f 495/453/495 492/450/492 561/521/561 
f 495/453/495 566/526/566 565/525/565 
f 565/525/565 496/454/496 495/453/495 
f 569/529/569 570/530/570 571/531/571 
f 571/531/571 572/532/572 569/529/569 
f 571/531/571 570/530/570 565/525/565 
f 565/525/565 568/528/568 571/531/571 
f 565/525/565 570/530/570 499/457/499 
f 499/457/499 496/454/496 565/525/565 
f 499/457/499 570/530/570 569/529/569 
f 569/529/569 500/458/500 499/457/499 
f 573/533/573 574/534/574 575/535/575 
f 575/535/575 576/536/576 573/533/573 
f 575/535/575 574/534/574 569/529/569 
f 569/529/569 572/532/572 575/535/575 
f 569/529/569 574/534/574 503/461/503 
f 503/461/503 500/458/500 569/529/569 
f 503/461/503 574/534/574 573/533/573 
f 573/533/573 504/462/504 503/461/503 
f 577/537/577 578/538/578 579/539/579 
f 579/539/579 580/540/580 577/537/577 
f 579/539/579 578/538/578 573/533/573 
f 573/533/573 576/536/576 579/539/579 
f 573/533/573 578/538/578 507/465/507 
f 507/465/507 504/462/504 573/533/573 
f 507/465/507 578/538/578 577/537/577 
f 577/537/577 508/466/508 507/465/507 
f 581/541/581 582/542/582 583/543/583 
f 583/543/583 584/544/584 581/541/581 
f 583/543/583 582/542/582 577/537/577 
f 577/537/577 580/540/580 583/543/583 
f 577/537/577 582/542/582 511/469/511 
f 511/469/511 508/466/508 577/537/577 
f 511/469/511 582/542/582 581/541/581 
f 581/541/581 512/470/512 511/469/511 
f 585/545/585 586/546/586 587/547/587 
f 587/547/587 588/548/588 585/545/585 
f 587/547/587 586/546/586 581/541/581 
f 581/541/581 584/544/584 587/547/587 
f 581/541/581 586/546/586 515/473/515 
f 515/473/515 512/470/512 581/541/581 
f 515/473/515 586/546/586 585/545/585 
f 585/545/585 516/474/516 515/473/515 
f 589/549/589 590/550/590 591/551/591 
f 591/551/591 592/552/592 589/549/589 
f 591/551/591 590/550/590 585/545/585 
f 585/545/585 588/548/588 591/551/591 
f 585/545/585 590/550/590 519/477/519 
f 519/477/519 516/474/516 585/545/585 
f 519/477/519 590/550/590 589/549/589 
f 589/549/589 520/478/520 519/477/519 
f 527/553/527 593/554/593 594/555/594 
f 594/555/594 528/556/528 527/553/527 
f 594/555/594 593/554/593 589/549/589 
f 589/549/589 592/552/592 594/555/594 
f 589/549/589 593/554/593 522/481/522 
f 522/481/522 520/478/520 589/549/589 
f 522/481/522 593/554/593 527/553/527 
f 527/553/527 456/482/456 522/481/522 
f 595/557/595 596/558/596 597/559/597 
f 597/559/597 598/560/598 595/557/595 
f 597/559/597 596/558/596 599/561/599 
f 599/561/599 600/562/600 597/559/597 
f 599/561/599 596/558/596 525/485/525 
f 525/485/525 528/488/528 599/561/599 
f 525/485/525 596/558/596 595/557/595 
f 595/557/595 526/486/526 525/485/525 
f 601/563/601 602/564/602 603/565/603 
f 603/565/603 604/566/604 601/563/601 
f 603/565/603 602/564/602 595/557/595 
f 595/557/595 598/560/598 603/565/603 
f 595/557/595 602/564/602 531/491/531 
f 531/491/531 526/486/526 595/557/595 
f 531/491/531 602/564/602 601/563/601 
f 601/563/601 532/492/532 531/491/531 
f 605/567/605 606/568/606 607/569/607 
f 607/569/607 608/570/608 605/567/605 
f 607/569/607 606/568/606 601/563/601 
f 601/563/601 604/566/604 607/569/607 
f 601/563/601 606/568/606 535/495/535 
f 535/495/535 532/492/532 601/563/601 
f 535/495/535 606/568/606 605/567/605 
f 605/567/605 536/496/536 535/495/535 
f 609/571/609 610/572/610 611/573/611 
f 611/573/611 612/574/612 609/571/609 
f 611/573/611 610/572/610 605/567/605 
f 605/567/605 608/570/608 611/573/611 
f 605/567/605 610/572/610 539/499/539 
f 539/499/539 536/496/536 605/567/605 
f 539/499/539 610/572/610 609/571/609 
f 609/571/609 540/500/540 539/499/539 
f 613/575/613 614/576/614 615/577/615 
f 615/577/615 616/578/616 613/575/613 
f 615/577/615 614/576/614 609/571/609 
f 609/571/609 612/574/612 615/577/615 
f 609/571/609 614/576/614 543/503/543 
f 543/503/543 540/500/540 609/571/609 
f 543/503/543 614/576/614 613/575/613 
f 613/575/613 544/504/544 543/503/543 
f 617/579/617 618/580/618 619/581/619 
f 619/581/619 620/582/620 617/579/617 
f 619/581/619 618/580/618 613/575/613 
f 613/575/613 616/578/616 619/581/619 
f 613/575/613 618/580/618 547/507/547 
f 547/507/547 544/504/544 613/575/613 
f 547/507/547 618/580/618 617/579/617 
f 617/579/617 548/508/548 547/507/547 
f 621/583/621 622/584/622 623/585/623 
f 623/585/623 624/586/624 621/583/621 
f 623/585/623 622/584/622 617/579/617 
f 617/579/617 620/582/620 623/585/623 
f 617/579/617 622/584/622 551/511/551 
f 551/511/551 548/508/548 617/579/617 
f 551/511/551 622/584/622 621/583/621 
f 621/583/621 552/512/552 551/511/551 
f 625/587/625 626/588/626 627/589/627 
f 627/589/627 628/590/628 625/587/625 
f 627/589/627 626/588/626 621/583/621 
f 621/583/621 624/586/624 627/589/627 
f 621/583/621 626/588/626 555/515/555 
f 555/515/555 552/512/552 621/583/621 
f 555/515/555 626/588/626 625/587/625 
f 625/587/625 556/516/556 555/515/555 
f 629/591/629 630/592/630 631/593/631 
f 631/593/631 632/594/632 629/591/629 
f 631/593/631 630/592/630 625/587/625 
f 625/587/625 628/590/628 631/593/631 
f 625/587/625 630/592/630 559/519/559 
f 559/519/559 556/516/556 625/587/625 
f 559/519/559 630/592/630 629/591/629 
f 629/591/629 560/520/560 559/519/559 
f 633/595/633 634/596/634 635/597/635 
f 635/597/635 636/598/636 633/595/633 
f 635/597/635 634/596/634 629/591/629 
f 629/591/629 632/594/632 635/597/635 
f 629/591/629 634/596/634 563/523/563 
f 563/523/563 560/520/560 629/591/629 
f 563/523/563 634/596/634 633/595/633 
f 633/595/633 564/524/564 563/523/563 
f 637/599/637 638/600/638 639/601/639 
f 639/601/639 640/602/640 637/599/637 
f 639/601/639 638/600/638 633/595/633 
f 633/595/633 636/598/636 639/601/639 
f 633/595/633 638/600/638 567/527/567 
f 567/527/567 564/524/564 633/595/633 
f 567/527/567 638/600/638 637/599/637 
f 637/599/637 568/528/568 567/527/567 
f 641/603/641 642/604/642 643/605/643 
f 643/605/643 644/606/644 641/603/641 
f 643/605/643 642/604/642 637/599/637 
f 637/599/637 640/602/640 643/605/643 
f 637/599/637 642/604/642 571/531/571 
f 571/531/571 568/528/568 637/599/637 
f 571/531/571 642/604/642 641/603/641 
f 641/603/641 572/532/572 571/531/571 
f 645/607/645 646/608/646 647/609/647 
f 647/609/647 648/610/648 645/607/645 
f 647/609/647 646/608/646 641/603/641 
f 641/603/641 644/606/644 647/609/647 
f 641/603/641 646/608/646 575/535/575 
f 575/535/575 572/532/572 641/603/641 
f 575/535/575 646/608/646 645/607/645 
f 645/607/645 576/536/576 575/535/575 
f 649/611/649 650/612/650 651/613/651 
f 651/613/651 652/614/652 649/611/649 
f 651/613/651 650/612/650 645/607/645 
f 645/607/645 648/610/648 651/613/651 
f 645/607/645 650/612/650 579/539/579 
f 579/539/579 576/536/576 645/607/645 
f 579/539/579 650/612/650 649/611/649 
f 649/611/649 580/540/580 579/539/579 
f 653/615/653 654/616/654 655/617/655 
f 655/617/655 656/618/656 653/615/653 
f 655/617/655 654/616/654 649/611/649 
f 649/611/649 652/614/652 655/617/655 
f 649/611/649 654/616/654 583/543/583 
f 583/543/583 580/540/580 649/611/649 
f 583/543/583 654/616/654 653/615/653 
f 653/615/653 584/544/584 583/543/583 
f 657/619/657 658/620/658 659/621/659 
f 659/621/659 660/622/660 657/619/657 
f 659/621/659 658/620/658 653/615/653 
f 653/615/653 656/618/656 659/621/659 
f 653/615/653 658/620/658 587/547/587 
f 587/547/587 584/544/584 653/615/653 
f 587/547/587 658/620/658 657/619/657 
f 657/619/657 588/548/588 587/547/587 
f 661/623/661 662/624/662 663/625/663 
f 663/625/663 664/626/664 661/623/661 
f 663/625/663 662/624/662 657/619/657 
f 657/619/657 660/622/660 663/625/663 
f 657/619/657 662/624/662 591/551/591 
f 591/551/591 588/548/588 657/619/657 
f 591/551/591 662/624/662 661/623/661 
f 661/623/661 592/552/592 591/551/591 
f 599/627/599 665/628/665 666/629/666 
f 666/629/666 600/630/600 599/627/599 
f 666/629/666 665/628/665 661/623/661 
f 661/623/661 664/626/664 666/629/666 
f 661/623/661 665/628/665 594/555/594 
f 594/555/594 592/552/592 661/623/661 
f 594/555/594 665/628/665 599/627/599 
f 599/627/599 528/556/528 594/555/594 
f 667/631/667 668/632/668 669/633/669 
f 669/633/669 670/634/670 667/631/667 
f 669/633/669 668/632/668 671/635/671 
f 671/635/671 672/636/672 669/633/669 
f 671/635/671 668/632/668 597/559/597 
f 597/559/597 600/562/600 671/635/671 
f 597/559/597 668/632/668 667/631/667 
f 667/631/667 598/560/598 597/559/597 
f 673/637/673 674/638/674 675/639/675 
f 675/639/675 676/640/676 673/637/673 
f 675/639/675 674/638/674 667/631/667 
f 667/631/667 670/634/670 675/639/675 
f 667/631/667 674/638/674 603/565/603 
f 603/565/603 598/560/598 667/631/667 
f 603/565/603 674/638/674 673/637/673 
f 673/637/673 604/566/604 603/565/603 
f 677/641/677 678/642/678 679/643/679 
f 679/643/679 680/644/680 677/641/677 
f 679/643/679 678/642/678 673/637/673 
f 673/637/673 676/640/676 679/643/679 
f 673/637/673 678/642/678 607/569/607 
f 607/569/607 604/566/604 673/637/673 
f 607/569/607 678/642/678 677/641/677 
f 677/641/677 608/570/608 607/569/607 
f 681/645/681 682/646/682 683/647/683 
f 683/647/683 684/648/684 681/645/681 
f 683/647/683 682/646/682 677/641/677 
f 677/641/677 680/644/680 683/647/683 
f 677/641/677 682/646/682 611/573/611 
f 611/573/611 608/570/608 677/641/677 
f 611/573/611 682/646/682 681/645/681 
f 681/645/681 612/574/612 611/573/611 
f 685/649/685 686/650/686 687/651/687 
f 687/651/687 688/652/688 685/649/685 
f 687/651/687 686/650/686 681/645/681 
f 681/645/681 684/648/684 687/651/687 
f 681/645/681 686/650/686 615/577/615 
f 615/577/615 612/574/612 681/645/681 
f 615/577/615 686/650/686 685/649/685 
f 685/649/685 616/578/616 615/577/615 
f 689/653/689 690/654/690 691/655/691 
f 691/655/691 692/656/692 689/653/689 
f 691/655/691 690/654/690 685/649/685 
f 685/649/685 688/652/688 691/655/691 
f 685/649/685 690/654/690 619/581/619 
f 619/581/619 616/578/616 685/649/685 
f 619/581/619 690/654/690 689/653/689 
f 689/653/689 620/582/620 619/581/619 
f 693/657/693 694/658/694 695/659/695 
f 695/659/695 696/660/696 693/657/693 
f 695/659/695 694/658/694 689/653/689 
f 689/653/689 692/656/692 695/659/695 
f 689/653/689 694/658/694 623/585/623 
f 623/585/623 620/582/620 689/653/689 
f 623/585/623 694/658/694 693/657/693 
f 693/657/693 624/586/624 623/585/623 
f 697/661/697 698/662/698 699/663/699 
f 699/663/699 700/664/700 697/661/697 
f 699/663/699 698/662/698 693/657/693 
f 693/657/693 696/660/696 699/663/699 
f 693/657/693 698/662/698 627/589/627 
f 627/589/627 624/586/624 693/657/693 
f 627/589/627 698/662/698 697/661/697 
f 697/661/697 628/590/628 627/589/627 
f 701/665/701 702/666/702 703/667/703 
f 703/667/703 704/668/704 701/665/701 
f 703/667/703 702/666/702 697/661/697 
f 697/661/697 700/664/700 703/667/703 
f 697/661/697 702/666/702 631/593/631 
f 631/593/631 628/590/628 697/661/697 
f 631/593/631 702/666/702 701/665/701 
f 701/665/701 632/594/632 631/593/631 
f 705/669/705 706/670/706 707/671/707 
f 707/671/707 708/672/708 705/669/705 
f 707/671/707 706/670/706 701/665/701 
f 701/665/701 704/668/704 707/671/707 
f 701/665/701 706/670/706 635/597/635 
f 635/597/635 632/594/632 701/665/701 
f 635/597/635 706/670/706 705/669/705 
f 705/669/705 636/598/636 635/597/635 
f 709/673/709 710/674/710 711/675/711 
f 711/675/711 712/676/712 709/673/709 
f 711/675/711 710/674/710 705/669/705 
f 705/669/705 708/672/708 711/675/711 
f 705/669/705 710/674/710 639/601/639 
f 639/601/639 636/598/636 705/669/705 
f 639/601/639 710/674/710 709/673/709 
f 709/673/709 640/602/640 639/601/639 
f 713/677/713 714/678/714 715/679/715 
f 715/679/715 716/680/716 713/677/713 
f 715/679/715 714/678/714 709/673/709 
f 709/673/709 712/676/712 715/679/715 
f 709/673/709 714/678/714 643/605/643 
f 643/605/643 640/602/640 709/673/709 
f 643/605/643 714/678/714 713/677/713 
f 713/677/713 644/606/644 643/605/643 
f 717/681/717 718/682/718 719/683/719 
f 719/683/719 720/684/720 717/681/717 
f 719/683/719 718/682/718 713/677/713 
f 713/677/713 716/680/716 719/683/719 
f 713/677/713 718/682/718 647/609/647 
f 647/609/647 644/606/644 713/677/713 
f 647/609/647 718/682/718 717/681/717 
f 717/681/717 648/610/648 647/609/647 
f 721/685/721 722/686/722 723/687/723 
f 723/687/723 724/688/724 721/685/721 
f 723/687/723 722/686/722 717/681/717 
f 717/681/717 720/684/720 723/687/723 
f 717/681/717 722/686/722 651/613/651 
f 651/613/651 648/610/648 717/681/717 
f 651/613/651 722/686/722 721/685/721 
f 721/685/721 652/614/652 651/613/651 
f 725/689/725 726/690/726 727/691/727 
f 727/691/727 728/692/728 725/689/725 
f 727/691/727 726/690/726 721/685/721 
f 721/685/721 724/688/724 727/691/727 
f 721/685/721 726/690/726 655/617/655 
f 655/617/655 652/614/652 721/685/721 
f 655/617/655 726/690/726 725/689/725 
f 725/689/725 656/618/656 655/617/655 
f 729/693/729 730/694/730 731/695/731 
f 731/695/731 732/696/732 729/693/729 
f 731/695/731 730/694/730 725/689/725 
f 725/689/725 728/692/728 731/695/731 
f 725/689/725 730/694/730 659/621/659 
f 659/621/659 656/618/656 725/689/725 
f 659/621/659 730/694/730 729/693/729 
f 729/693/729 660/622/660 659/621/659 
f 733/697/733 734/698/734 735/699/735 
f 735/699/735 736/700/736 733/697/733 
f 735/699/735 734/698/734 729/693/729 
f 729/693/729 732/696/732 735/699/735 
f 729/693/729 734/698/734 663/625/663 
f 663/625/663 660/622/660 729/693/729 
f 663/625/663 734/698/734 733/697/733 
f 733/697/733 664/626/664 663/625/663 
f 671/701/671 737/702/737 738/703/738 
f 738/703/738 672/704/672 671/701/671 
f 738/703/738 737/702/737 733/697/733 
f 733/697/733 736/700/736 738/703/738 
f 733/697/733 737/702/737 666/629/666 
f 666/629/666 664/626/664 733/697/733 
f 666/629/666 737/702/737 671/701/671 
f 671/701/671 600/630/600 666/629/666 
f 739/705/739 740/706/739 741/707/740 
f 741/707/740 742/708/741 739/705/739 
f 741/707/740 740/706/739 743/709/739 
f 743/709/739 744/710/742 741/707/740 
f 743/709/739 740/706/739 745/633/743 
f 745/633/743 746/636/744 743/709/739 
f 745/633/743 740/706/739 739/705/739 
f 739/705/739 747/634/745 745/633/743 
f 748/711/739 749/712/739 750/713/746 
f 750/713/746 751/714/747 748/711/739 
f 750/713/746 749/712/739 739/715/739 
f 739/715/739 742/716/741 750/713/746 
f 739/715/739 749/712/739 752/639/748 
f 752/639/748 747/634/745 739/715/739 
f 752/639/748 749/712/739 748/711/739 
f 748/711/739 753/640/749 752/639/748 
f 754/717/739 755/718/739 756/719/750 
f 756/719/750 757/720/751 754/717/739 
f 756/719/750 755/718/739 748/721/739 
f 748/721/739 751/722/747 756/719/750 
f 748/721/739 755/718/739 758/643/752 
f 758/643/752 753/640/749 748/721/739 
f 758/643/752 755/718/739 754/717/739 
f 754/717/739 759/644/753 758/643/752 
f 760/723/739 761/724/739 762/725/754 
f 762/725/754 763/726/755 760/723/739 
f 762/725/754 761/724/739 754/727/739 
f 754/727/739 757/728/751 762/725/754 
f 754/727/739 761/724/739 764/647/756 
f 764/647/756 759/644/753 754/727/739 
f 764/647/756 761/724/739 760/723/739 
f 760/723/739 765/648/757 764/647/756 
f 766/729/739 767/730/739 768/731/758 
f 768/731/758 769/732/759 766/729/739 
f 768/731/758 767/730/739 760/733/739 
f 760/733/739 763/734/755 768/731/758 
f 760/733/739 767/730/739 770/651/760 
f 770/651/760 765/648/757 760/733/739 
f 770/651/760 767/730/739 766/729/739 
f 766/729/739 771/652/761 770/651/760 
f 772/735/739 773/736/739 774/737/762 
f 774/737/762 775/738/763 772/735/739 
f 774/737/762 773/736/739 766/739/739 
f 766/739/739 769/740/759 774/737/762 
f 766/739/739 773/736/739 776/655/764 
f 776/655/764 771/652/761 766/739/739 
f 776/655/764 773/736/739 772/735/739 
f 772/735/739 777/656/765 776/655/764 
f 778/741/739 779/742/739 780/743/766 
f 780/743/766 781/744/767 778/741/739 
f 780/743/766 779/742/739 772/745/739 
f 772/745/739 775/746/763 780/743/766 
f 772/745/739 779/742/739 782/659/768 
f 782/659/768 777/656/765 772/745/739 
f 782/659/768 779/742/739 778/741/739 
f 778/741/739 783/660/769 782/659/768 
f 784/747/739 785/748/739 786/749/770 
f 786/749/770 787/750/771 784/747/739 
f 786/749/770 785/748/739 778/751/739 
f 778/751/739 781/752/767 786/749/770 
f 778/751/739 785/748/739 788/663/772 
f 788/663/772 783/660/769 778/751/739 
f 788/663/772 785/748/739 784/747/739 
f 784/747/739 789/664/773 788/663/772 
f 790/753/739 791/754/739 792/755/774 
f 792/755/774 793/756/744 790/753/739 
f 792/755/774 791/754/739 784/757/739 
f 784/757/739 787/758/771 792/755/774 
f 784/757/739 791/754/739 794/667/775 
f 794/667/775 789/664/773 784/757/739 
f 794/667/775 791/754/739 790/753/739 
f 790/753/739 795/668/742 794/667/775 
f 796/759/739 797/760/739 798/761/743 
f 798/761/743 799/762/745 796/759/739 
f 798/761/743 797/760/739 790/763/739 
f 790/763/739 793/764/744 798/761/743 
f 790/763/739 797/760/739 800/671/740 
f 800/671/740 795/668/742 790/763/739 
f 800/671/740 797/760/739 796/759/739 
f 796/759/739 801/672/741 800/671/740 
f 802/765/739 803/766/739 804/767/748 
f 804/767/748 805/768/749 802/765/739 
f 804/767/748 803/766/739 796/769/739 
f 796/769/739 799/770/745 804/767/748 
f 796/769/739 803/766/739 806/675/746 
f 806/675/746 801/672/741 796/769/739 
f 806/675/746 803/766/739 802/765/739 
f 802/765/739 807/676/747 806/675/746 
f 808/771/739 809/772/739 810/773/752 
f 810/773/752 811/774/753 808/771/739 
f 810/773/752 809/772/739 802/775/739 
f 802/775/739 805/776/749 810/773/752 
f 802/775/739 809/772/739 812/679/750 
f 812/679/750 807/676/747 802/775/739 
f 812/679/750 809/772/739 808/771/739 
f 808/771/739 813/680/751 812/679/750 
f 814/777/739 815/778/739 816/779/756 
f 816/779/756 817/780/757 814/777/739 
f 816/779/756 815/778/739 808/781/739 
f 808/781/739 811/782/753 816/779/756 
f 808/781/739 815/778/739 818/683/754 
f 818/683/754 813/680/751 808/781/739 
f 818/683/754 815/778/739 814/777/739 
f 814/777/739 819/684/755 818/683/754 
f 820/783/739 821/784/739 822/785/760 
f 822/785/760 823/786/761 820/783/739 
f 822/785/760 821/784/739 814/787/739 
f 814/787/739 817/788/757 822/785/760 
f 814/787/739 821/784/739 824/687/758 
f 824/687/758 819/684/755 814/787/739 
f 824/687/758 821/784/739 820/783/739 
f 820/783/739 825/688/759 824/687/758 
f 826/789/739 827/790/739 828/791/764 
f 828/791/764 829/792/765 826/789/739 
f 828/791/764 827/790/739 820/793/739 
f 820/793/739 823/794/761 828/791/764 
f 820/793/739 827/790/739 830/691/762 
f 830/691/762 825/688/759 820/793/739 
f 830/691/762 827/790/739 826/789/739 
f 826/789/739 831/692/763 830/691/762 
f 832/795/739 833/796/739 834/797/768 
f 834/797/768 835/798/769 832/795/739 
f 834/797/768 833/796/739 826/799/739 
f 826/799/739 829/800/765 834/797/768 
f 826/799/739 833/796/739 836/695/766 
f 836/695/766 831/692/763 826/799/739 
f 836/695/766 833/796/739 832/795/739 
f 832/795/739 837/696/767 836/695/766 
f 838/801/739 839/802/739 840/803/772 
f 840/803/772 841/804/773 838/801/739 
f 840/803/772 839/802/739 832/805/739 
f 832/805/739 835/806/769 840/803/772 
f 832/805/739 839/802/739 842/699/770 
f 842/699/770 837/696/767 832/805/739 
f 842/699/770 839/802/739 838/801/739 
f 838/801/739 843/700/771 842/699/770 
f 743/807/739 844/808/739 845/809/775 
f 845/809/775 744/810/742 743/807/739 
f 845/809/775 844/808/739 838/811/739 
f 838/811/739 841/812/773 845/809/775 
f 838/811/739 844/808/739 846/703/774 
f 846/703/774 843/700/771 838/811/739 
f 846/703/774 844/808/739 743/807/739 
f 743/807/739 746/704/744 846/703/774 
f 847/813/776 848/814/777 849/815/778 
f 849/815/778 850/816/779 847/813/776 
f 849/815/778 848/814/777 851/817/780 
f 851/817/780 852/818/781 849/815/778 
f 851/817/780 848/814/777 853/707/782 
f 853/707/782 854/819/783 851/817/780 
f 853/707/782 848/814/777 847/813/776 
f 847/813/776 855/820/784 853/707/782 
f 856/821/785 857/822/786 858/823/787 
f 858/823/787 859/824/788 856/821/785 
f 858/823/787 857/822/786 847/813/776 
f 847/813/776 850/816/779 858/823/787 
f 847/813/776 857/822/786 860/713/789 
f 860/713/789 855/820/784 847/813/776 
f 860/713/789 857/822/786 856/821/785 
f 856/821/785 861/825/790 860/713/789 
f 862/826/791 863/827/792 864/828/793 
f 864/828/793 865/829/794 862/826/791 
f 864/828/793 863/827/792 856/821/785 
f 856/821/785 859/824/788 864/828/793 
f 856/821/785 863/827/792 866/719/795 
f 866/719/795 861/825/790 856/821/785 
f 866/719/795 863/827/792 862/826/791 
f 862/826/791 867/830/796 866/719/795 
f 868/831/797 869/832/798 870/833/799 
f 870/833/799 871/834/800 868/831/797 
f 870/833/799 869/832/798 862/826/791 
f 862/826/791 865/829/794 870/833/799 
f 862/826/791 869/832/798 872/725/801 
f 872/725/801 867/830/796 862/826/791 
f 872/725/801 869/832/798 868/831/797 
f 868/831/797 873/835/802 872/725/801 
f 874/836/803 875/837/804 876/838/805 
f 876/838/805 877/839/806 874/836/803 
f 876/838/805 875/837/804 868/831/797 
f 868/831/797 871/834/800 876/838/805 
f 868/831/797 875/837/804 878/731/807 
f 878/731/807 873/835/802 868/831/797 
f 878/731/807 875/837/804 874/836/803 
f 874/836/803 879/840/808 878/731/807 
f 880/841/809 881/842/810 882/843/811 
f 882/843/811 173/144/173 880/841/809 
f 882/843/811 881/842/810 874/836/803 
f 874/836/803 877/839/806 882/843/811 
f 874/836/803 881/842/810 883/737/812 
f 883/737/812 879/840/808 874/836/803 
f 883/737/812 881/842/810 880/841/809 
f 880/841/809 884/844/813 883/737/812 
f 885/845/814 886/846/815 172/143/172 
f 172/143/172 146/119/146 885/845/814 
f 172/143/172 886/846/815 880/841/809 
f 880/841/809 173/144/173 172/143/172 
f 880/841/809 886/846/815 887/743/816 
f 887/743/816 884/844/813 880/841/809 
f 887/743/816 886/846/815 885/845/814 
f 885/845/814 888/847/817 887/743/816 
f 889/848/818 890/849/819 145/118/145 
f 145/118/145 148/121/148 889/848/818 
f 145/118/145 890/849/819 885/845/814 
f 885/845/814 146/119/146 145/118/145 
f 885/845/814 890/849/819 891/749/820 
f 891/749/820 888/847/817 885/845/814 
f 891/749/820 890/849/819 889/848/818 
f 889/848/818 892/850/821 891/749/820 
f 893/851/822 894/852/823 895/853/824 
f 895/853/824 137/110/137 893/851/822 
f 895/853/824 894/852/823 889/848/818 
f 889/848/818 148/121/148 895/853/824 
f 889/848/818 894/852/823 896/755/825 
f 896/755/825 892/850/821 889/848/818 
f 896/755/825 894/852/823 893/851/822 
f 893/851/822 897/854/826 896/755/825 
f 898/855/827 899/856/828 136/109/136 
f 136/109/136 139/112/139 898/855/827 
f 136/109/136 899/856/828 893/851/822 
f 893/851/822 137/110/137 136/109/136 
f 893/851/822 899/856/828 900/761/829 
f 900/761/829 897/854/826 893/851/822 
f 900/761/829 899/856/828 898/855/827 
f 898/855/827 901/857/830 900/761/829 
f 902/858/831 903/859/832 904/860/833 
f 904/860/833 905/861/834 902/858/831 
f 904/860/833 903/859/832 898/855/827 
f 898/855/827 139/112/139 904/860/833 
f 898/855/827 903/859/832 906/767/835 
f 906/767/835 901/857/830 898/855/827 
f 906/767/835 903/859/832 902/858/831 
f 902/858/831 907/862/836 906/767/835 
f 908/863/837 909/864/838 910/865/839 
f 910/865/839 911/866/840 908/863/837 
f 910/865/839 909/864/838 902/858/831 
f 902/858/831 905/861/834 910/865/839 
f 902/858/831 909/864/838 912/773/841 
f 912/773/841 907/862/836 902/858/831 
f 912/773/841 909/864/838 908/863/837 
f 908/863/837 913/867/842 912/773/841 
f 914/868/843 915/869/844 916/870/845 
f 916/870/845 250/206/250 914/868/843 
f 916/870/845 915/869/844 908/863/837 
f 908/863/837 911/866/840 916/870/845 
f 908/863/837 915/869/844 917/779/846 
f 917/779/846 913/867/842 908/863/837 
f 917/779/846 915/869/844 914/868/843 
f 914/868/843 918/871/847 917/779/846 
f 919/872/848 920/873/849 249/205/249 
f 249/205/249 252/208/252 919/872/848 
f 249/205/249 920/873/849 914/868/843 
f 914/868/843 250/206/250 249/205/249 
f 914/868/843 920/873/849 921/785/850 
f 921/785/850 918/871/847 914/868/843 
f 921/785/850 920/873/849 919/872/848 
f 919/872/848 922/874/851 921/785/850 
f 923/875/852 924/876/853 925/877/854 
f 925/877/854 235/191/235 923/875/852 
f 925/877/854 924/876/853 919/872/848 
f 919/872/848 252/208/252 925/877/854 
f 919/872/848 924/876/853 926/791/855 
f 926/791/855 922/874/851 919/872/848 
f 926/791/855 924/876/853 923/875/852 
f 923/875/852 927/878/856 926/791/855 
f 928/879/857 929/880/858 234/190/234 
f 234/190/234 237/193/237 928/879/857 
f 234/190/234 929/880/858 923/875/852 
f 923/875/852 235/191/235 234/190/234 
f 923/875/852 929/880/858 930/797/859 
f 930/797/859 927/878/856 923/875/852 
f 930/797/859 929/880/858 928/879/857 
f 928/879/857 931/881/860 930/797/859 
f 932/882/861 933/883/862 934/884/863 
f 934/884/863 935/885/864 932/882/861 
f 934/884/863 933/883/862 928/879/857 
f 928/879/857 237/193/237 934/884/863 
f 928/879/857 933/883/862 936/803/865 
f 936/803/865 931/881/860 928/879/857 
f 936/803/865 933/883/862 932/882/861 
f 932/882/861 937/886/866 936/803/865 
f 851/887/780 938/888/867 939/889/868 
f 939/889/868 852/890/781 851/887/780 
f 939/889/868 938/888/867 932/882/861 
f 932/882/861 935/885/864 939/889/868 
f 932/882/861 938/888/867 940/809/869 
f 940/809/869 937/886/866 932/882/861 
f 940/809/869 938/888/867 851/887/780 
f 851/887/780 854/891/783 940/809/869 
f 941/892/870 942/893/871 943/894/872 
f 943/894/872 944/895/873 941/892/870 
f 943/894/872 942/893/871 945/896/874 
f 945/896/874 946/897/875 943/894/872 
f 945/896/874 942/893/871 947/898/876 
f 947/898/876 948/899/877 945/896/874 
f 947/898/876 942/893/871 941/892/870 
f 941/892/870 949/900/878 947/898/876 
f 950/901/879 951/902/880 952/903/881 
f 952/903/881 953/904/882 950/901/879 
f 952/903/881 951/902/880 954/905/883 
f 954/905/883 949/900/878 952/903/881 
f 954/905/883 951/902/880 858/823/787 
f 858/823/787 850/816/779 954/905/883 
f 858/823/787 951/902/880 950/901/879 
f 950/901/879 859/824/788 858/823/787 
f 955/906/884 956/907/885 957/908/886 
f 957/908/886 958/909/887 955/906/884 
f 957/908/886 956/907/885 959/910/888 
f 959/910/888 960/911/889 957/908/886 
f 959/910/888 956/907/885 961/912/890 
f 961/912/890 953/904/882 959/910/888 
f 961/912/890 956/907/885 955/906/884 
f 955/906/884 962/913/891 961/912/890 
f 963/914/892 964/915/893 965/916/894 
f 965/916/894 966/917/895 963/914/892 
f 965/916/894 964/915/893 967/918/896 
f 967/918/896 962/913/891 965/916/894 
f 967/918/896 964/915/893 870/833/799 
f 870/833/799 865/829/794 967/918/896 
f 870/833/799 964/915/893 963/914/892 
f 963/914/892 871/834/800 870/833/799 
f 165/136/165 968/919/897 969/920/898 
f 969/920/898 166/137/166 165/136/165 
f 969/920/898 968/919/897 970/921/899 
f 970/921/899 971/922/900 969/920/898 
f 970/921/899 968/919/897 972/923/901 
f 972/923/901 966/917/895 970/921/899 
f 972/923/901 968/919/897 165/136/165 
f 165/136/165 168/139/168 972/923/901 
f 170/141/170 973/924/902 167/138/167 
f 167/138/167 169/140/169 170/141/170 
f 167/138/167 973/924/902 974/925/903 
f 974/925/903 168/139/168 167/138/167 
f 974/925/903 973/924/902 882/843/811 
f 882/843/811 877/839/806 974/925/903 
f 882/843/811 973/924/902 170/141/170 
f 170/141/170 173/144/173 882/843/811 
f 975/926/904 976/927/905 977/928/906 
f 977/928/906 978/929/907 975/926/904 
f 977/928/906 976/927/905 161/132/161 
f 161/132/161 164/135/164 977/928/906 
f 161/132/161 976/927/905 174/145/174 
f 174/145/174 169/140/169 161/132/161 
f 174/145/174 976/927/905 975/926/904 
f 975/926/904 151/124/151 174/145/174 
f 979/930/908 980/931/909 981/932/910 
f 981/932/910 982/933/911 979/930/908 
f 981/932/910 980/931/909 975/926/904 
f 975/926/904 978/929/907 981/932/910 
f 975/926/904 980/931/909 149/122/149 
f 149/122/149 151/124/151 975/926/904 
f 149/122/149 980/931/909 979/930/908 
f 979/930/908 150/123/150 149/122/149 
f 983/934/142 984/935/912 985/936/913 
f 985/936/913 986/937/914 983/934/142 
f 985/936/913 984/935/912 979/930/908 
f 979/930/908 982/933/911 985/936/913 
f 979/930/908 984/935/912 987/938/915 
f 987/938/915 150/123/150 979/930/908 
f 987/938/915 984/935/912 983/934/142 
f 983/934/142 142/115/142 987/938/915 
f 988/939/916 989/940/917 990/941/918 
f 990/941/918 991/942/919 988/939/916 
f 990/941/918 989/940/917 983/934/142 
f 983/934/142 986/937/914 990/941/918 
f 983/934/142 989/940/917 140/113/140 
f 140/113/140 142/115/142 983/934/142 
f 140/113/140 989/940/917 988/939/916 
f 988/939/916 141/114/141 140/113/140 
f 266/222/266 992/943/920 993/944/921 
f 993/944/921 267/223/267 266/222/266 
f 993/944/921 992/943/920 988/939/916 
f 988/939/916 991/942/919 993/944/921 
f 988/939/916 992/943/920 994/945/922 
f 994/945/922 141/114/141 988/939/916 
f 994/945/922 992/943/920 266/222/266 
f 266/222/266 269/225/269 994/945/922 
f 995/946/923 996/947/924 268/224/268 
f 268/224/268 270/226/270 995/946/923 
f 268/224/268 996/947/924 997/948/925 
f 997/948/925 269/225/269 268/224/268 
f 997/948/925 996/947/924 910/865/839 
f 910/865/839 905/861/834 997/948/925 
f 910/865/839 996/947/924 995/946/923 
f 995/946/923 911/866/840 910/865/839 
f 998/949/926 999/950/927 1000/951/928 
f 1000/951/928 1001/952/929 998/949/926 
f 1000/951/928 999/950/927 262/218/262 
f 262/218/262 265/221/265 1000/951/928 
f 262/218/262 999/950/927 1002/953/930 
f 1002/953/930 270/226/270 262/218/262 
f 1002/953/930 999/950/927 998/949/926 
f 998/949/926 255/211/255 1002/953/930 
f 1003/954/931 1004/955/932 1005/956/933 
f 1005/956/933 1006/957/934 1003/954/931 
f 1005/956/933 1004/955/932 998/949/926 
f 998/949/926 1001/952/929 1005/956/933 
f 998/949/926 1004/955/932 253/209/253 
f 253/209/253 255/211/255 998/949/926 
f 253/209/253 1004/955/932 1003/954/931 
f 1003/954/931 254/210/254 253/209/253 
f 232/188/232 1007/958/935 1008/959/936 
f 1008/959/936 240/196/240 232/188/232 
f 1008/959/936 1007/958/935 251/207/251 
f 251/207/251 254/210/254 1008/959/936 
f 251/207/251 1007/958/935 925/877/854 
f 925/877/854 252/208/252 251/207/251 
f 925/877/854 1007/958/935 232/188/232 
f 232/188/232 235/191/235 925/877/854 
f 1009/960/937 1010/961/938 1011/962/939 
f 1011/962/939 1012/963/940 1009/960/937 
f 1011/962/939 1010/961/938 1013/964/941 
f 1013/964/941 1014/965/942 1011/962/939 
f 1013/964/941 1010/961/938 238/194/238 
f 238/194/238 240/196/240 1013/964/941 
f 238/194/238 1010/961/938 1009/960/937 
f 1009/960/937 239/195/239 238/194/238 
f 1015/966/943 1016/967/944 1017/968/945 
f 1017/968/945 1018/969/946 1015/966/943 
f 1017/968/945 1016/967/944 1009/960/937 
f 1009/960/937 1012/963/940 1017/968/945 
f 1009/960/937 1016/967/944 1019/970/947 
f 1019/970/947 239/195/239 1009/960/937 
f 1019/970/947 1016/967/944 1015/966/943 
f 1015/966/943 1020/971/948 1019/970/947 
f 1021/972/949 1022/973/950 1023/974/951 
f 1023/974/951 948/975/877 1021/972/949 
f 1023/974/951 1022/973/950 1024/976/952 
f 1024/976/952 1020/971/948 1023/974/951 
f 1024/976/952 1022/973/950 939/889/868 
f 939/889/868 935/885/864 1024/976/952 
f 939/889/868 1022/973/950 1021/972/949 
f 1021/972/949 852/890/781 939/889/868 
f 1025/894/953 1026/977/954 1027/978/955 
f 1027/978/955 1028/895/956 1025/894/953 
f 1027/978/955 1026/977/954 1029/979/957 
f 1029/979/957 1030/980/958 1027/978/955 
f 1029/979/957 1026/977/954 1031/897/959 
f 1031/897/959 1032/897/960 1029/979/957 
f 1031/897/959 1026/977/954 1025/894/953 
f 1025/894/953 1033/897/961 1031/897/959 
f 1034/981/962 1035/982/963 1036/983/964 
f 1036/983/964 1037/984/965 1034/981/962 
f 1036/983/964 1035/982/963 1038/985/966 
f 1038/985/966 1039/986/967 1036/983/964 
f 1038/985/966 1035/982/963 1034/981/962 
f 1034/981/962 1040/911/968 1038/985/966 
f 1041/908/969 1042/987/970 1043/988/971 
f 1043/988/971 1044/909/972 1041/908/969 
f 1043/988/971 1042/987/970 1045/981/973 
f 1045/981/973 1046/984/974 1043/988/971 
f 1045/981/973 1042/987/970 1047/911/975 
f 1047/911/975 1048/911/976 1045/981/973 
f 1047/911/975 1042/987/970 1041/908/969 
f 1041/908/969 1049/911/977 1047/911/975 
f 1050/989/978 1051/990/979 1052/991/980 
f 1052/991/980 1053/992/981 1050/989/978 
f 1052/991/980 1051/990/979 1054/993/982 
f 1054/993/982 1055/994/983 1052/991/980 
f 1054/993/982 1051/990/979 1050/989/978 
f 1050/989/978 1056/922/984 1054/993/982 
f 1057/920/985 1058/995/986 1059/996/987 
f 1059/996/987 1060/137/988 1057/920/985 
f 1059/996/987 1058/995/986 1061/989/989 
f 1061/989/989 1062/992/990 1059/996/987 
f 1061/989/989 1058/995/986 1063/922/991 
f 1063/922/991 1064/922/992 1061/989/989 
f 1063/922/991 1058/995/986 1057/920/985 
f 1057/920/985 1065/922/993 1063/922/991 
f 1066/997/994 1067/998/995 1068/999/996 
f 1068/999/996 1069/1000/997 1066/997/994 
f 1068/999/996 1067/998/995 1059/1001/987 
f 1059/1001/987 1062/1002/990 1068/999/996 
f 1059/1001/987 1067/998/995 1070/134/998 
f 1070/134/998 1060/137/988 1059/1001/987 
f 1070/134/998 1067/998/995 1066/997/994 
f 1066/997/994 1071/135/999 1070/134/998 
f 1072/928/1000 1073/1003/1001 1074/1004/1002 
f 1074/1004/1002 1075/929/1003 1072/928/1000 
f 1074/1004/1002 1073/1003/1001 1076/997/1004 
f 1076/997/1004 1077/1000/1005 1074/1004/1002 
f 1076/997/1004 1073/1003/1001 1078/135/1006 
f 1078/135/1006 1079/135/1007 1076/997/1004 
f 1078/135/1006 1073/1003/1001 1072/928/1000 
f 1072/928/1000 1080/135/1008 1078/135/1006 
f 1081/1005/1009 1082/1006/1010 1083/1007/1011 
f 1083/1007/1011 1084/1008/1012 1081/1005/1009 
f 1083/1007/1011 1082/1006/1010 1085/1009/1013 
f 1085/1009/1013 1086/1010/1014 1083/1007/1011 
f 1085/1009/1013 1082/1006/1010 1081/1005/1009 
f 1081/1005/1009 1087/933/1015 1085/1009/1013 
f 1088/936/1016 1089/1011/1017 1090/1012/1018 
f 1090/1012/1018 1091/937/1019 1088/936/1016 
f 1090/1012/1018 1089/1011/1017 1092/1005/1020 
f 1092/1005/1020 1093/1008/1021 1090/1012/1018 
f 1092/1005/1020 1089/1011/1017 1094/933/1022 
f 1094/933/1022 1095/933/1023 1092/1005/1020 
f 1094/933/1022 1089/1011/1017 1088/936/1016 
f 1088/936/1016 1096/933/1024 1094/933/1022 
f 1097/1013/1025 1098/1014/1026 1099/1015/1027 
f 1099/1015/1027 1100/1016/1028 1097/1013/1025 
f 1099/1015/1027 1098/1014/1026 1101/1017/1029 
f 1101/1017/1029 1102/1018/1030 1099/1015/1027 
f 1101/1017/1029 1098/1014/1026 1097/1013/1025 
f 1097/1013/1025 1103/942/1031 1101/1017/1029 
f 1104/1019/1032 1105/1020/1033 1106/1013/1034 
f 1106/1013/1034 1107/1016/1035 1104/1019/1032 
f 1106/1013/1034 1105/1020/1033 1108/944/1036 
f 1108/944/1036 1109/942/1037 1106/1013/1034 
f 1108/944/1036 1105/1020/1033 1104/1019/1032 
f 1104/1019/1032 1110/223/1038 1108/944/1036 
f 1111/1021/1039 1112/1022/1040 1113/1023/1041 
f 1113/1023/1041 1114/1024/1042 1111/1021/1039 
f 1113/1023/1041 1112/1022/1040 1115/1025/1043 
f 1115/1025/1043 1116/1026/1044 1113/1023/1041 
f 1115/1025/1043 1112/1022/1040 1111/1021/1039 
f 1111/1021/1039 1117/221/1045 1115/1025/1043 
f 1118/1027/1046 1119/1028/1047 1120/1021/1048 
f 1120/1021/1048 1121/1024/1049 1118/1027/1046 
f 1120/1021/1048 1119/1028/1047 1122/951/1050 
f 1122/951/1050 1123/221/1051 1120/1021/1048 
f 1122/951/1050 1119/1028/1047 1118/1027/1046 
f 1118/1027/1046 1124/952/1052 1122/951/1050 
f 1125/1029/1053 1126/1030/1054 1127/1031/1055 
f 1127/1031/1055 1128/1032/1056 1125/1029/1053 
f 1127/1031/1055 1126/1030/1054 1129/1033/1057 
f 1129/1033/1057 1130/1034/1058 1127/1031/1055 
f 1129/1033/1057 1126/1030/1054 1125/1029/1053 
f 1125/1029/1053 1131/957/1059 1129/1033/1057 
f 1132/1035/1060 1133/1036/1061 1134/1029/1062 
f 1134/1029/1062 1135/1032/1063 1132/1035/1060 
f 1134/1029/1062 1133/1036/1061 1136/1037/1064 
f 1136/1037/1064 1137/957/1065 1134/1029/1062 
f 1136/1037/1064 1133/1036/1061 1132/1035/1060 
f 1132/1035/1060 1138/965/1066 1136/1037/1064 
f 1139/1038/1067 1140/1039/1068 1141/1040/1069 
f 1141/1040/1069 1142/1041/1070 1139/1038/1067 
f 1141/1040/1069 1140/1039/1068 1143/1042/1071 
f 1143/1042/1071 1144/1043/1072 1141/1040/1069 
f 1143/1042/1071 1140/1039/1068 1139/1038/1067 
f 1139/1038/1067 1145/963/1073 1143/1042/1071 
f 1146/968/1074 1147/1044/1075 1148/1045/1076 
f 1148/1045/1076 1149/969/1077 1146/968/1074 
f 1148/1045/1076 1147/1044/1075 1150/1038/1078 
f 1150/1038/1078 1151/1041/1079 1148/1045/1076 
f 1150/1038/1078 1147/1044/1075 1152/963/1080 
f 1152/963/1080 1153/963/1081 1150/1038/1078 
f 1152/963/1080 1147/1044/1075 1146/968/1074 
f 1146/968/1074 1154/963/1082 1152/963/1080 
f 1155/1046/1083 1156/1047/1084 1157/1048/1085 
f 1157/1048/1085 1158/1049/1086 1155/1046/1083 
f 1157/1048/1085 1156/1047/1084 1159/1050/1087 
f 1159/1050/1087 1160/1051/1088 1157/1048/1085 
f 1159/1050/1087 1156/1047/1084 1155/1046/1083 
f 1155/1046/1083 1161/1052/1089 1159/1050/1087 
f 1162/1053/1090 1163/1054/1091 1164/1055/1092 
f 1164/1055/1092 1165/1056/1093 1162/1053/1090 
f 1164/1055/1092 1163/1054/1091 1166/1057/1094 
f 1166/1057/1094 1167/1058/1095 1164/1055/1092 
f 1166/1057/1094 1163/1054/1091 1168/1059/1096 
f 1168/1059/1096 1169/1060/1097 1166/1057/1094 
f 1168/1059/1096 1163/1054/1091 1162/1053/1090 
f 1162/1053/1090 1170/1061/1098 1168/1059/1096 
f 1171/1062/1099 1172/1063/1100 1173/1064/1101 
f 1173/1064/1101 1174/1065/1102 1171/1062/1099 
f 1173/1064/1101 1172/1063/1100 1175/1066/1103 
f 1175/1066/1103 1176/1067/1104 1173/1064/1101 
f 1175/1066/1103 1172/1063/1100 1177/1068/1105 
f 1177/1068/1105 1178/1069/1106 1175/1066/1103 
f 1177/1068/1105 1172/1063/1100 1171/1062/1099 
f 1171/1062/1099 1179/1070/1107 1177/1068/1105 
f 1180/1071/1108 1181/1072/1109 1182/1073/1110 
f 1182/1073/1110 1183/1074/1111 1180/1071/1108 
f 1182/1073/1110 1181/1072/1109 1184/1062/1112 
f 1184/1062/1112 1185/1065/1113 1182/1073/1110 
f 1184/1062/1112 1181/1072/1109 1186/1075/1114 
f 1186/1075/1114 1187/1070/1115 1184/1062/1112 
f 1186/1075/1114 1181/1072/1109 1180/1071/1108 
f 1180/1071/1108 1188/1076/1116 1186/1075/1114 
f 1189/1077/1117 1190/1078/1118 1191/1079/1119 
f 1191/1079/1119 1192/8/1120 1189/1077/1117 
f 1191/1079/1119 1190/1078/1118 1193/1080/1121 
f 1193/1080/1121 1194/1081/1122 1191/1079/1119 
f 1193/1080/1121 1190/1078/1118 1195/1082/1123 
f 1195/1082/1123 1196/1083/1124 1193/1080/1121 
f 1195/1082/1123 1190/1078/1118 1189/1077/1117 
f 1189/1077/1117 1197/1084/1125 1195/1082/1123 
f 1198/1085/1126 1199/1086/1127 7/7/7 
f 7/7/7 9/9/9 1198/1085/1126 
f 7/7/7 1199/1086/1127 1200/1077/1128 
f 1200/1077/1128 8/8/8 7/7/7 
f 1200/1077/1128 1199/1086/1127 1201/1087/1129 
f 1201/1087/1129 1202/1084/1130 1200/1077/1128 
f 1201/1087/1129 1199/1086/1127 1198/1085/1126 
f 1198/1085/1126 1203/1088/1131 1201/1087/1129 
f 1204/1089/1132 1205/1090/1133 1206/1091/1134 
f 1206/1091/1134 1207/1092/1135 1204/1089/1132 
f 1206/1091/1134 1205/1090/1133 1208/1093/1136 
f 1208/1093/1136 1209/1094/1137 1206/1091/1134 
f 1208/1093/1136 1205/1090/1133 1210/1095/1138 
f 1210/1095/1138 1211/1096/1139 1208/1093/1136 
f 1210/1095/1138 1205/1090/1133 1204/1089/1132 
f 1204/1089/1132 1212/1097/1140 1210/1095/1138 
f 1213/1098/1141 1214/1099/1142 1215/1100/1143 
f 1215/1100/1143 1216/1101/1144 1213/1098/1141 
f 1215/1100/1143 1214/1099/1142 1217/1089/1145 
f 1217/1089/1145 1218/1092/1146 1215/1100/1143 
f 1217/1089/1145 1214/1099/1142 1219/1102/1147 
f 1219/1102/1147 1220/1097/1148 1217/1089/1145 
f 1219/1102/1147 1214/1099/1142 1213/1098/1141 
f 1213/1098/1141 1221/1103/1149 1219/1102/1147 
f 1222/1104/1150 1223/1105/1151 1224/1106/1152 
f 1224/1106/1152 1225/1107/1153 1222/1104/1150 
f 1224/1106/1152 1223/1105/1151 1226/1108/1154 
f 1226/1108/1154 1227/1109/1155 1224/1106/1152 
f 1226/1108/1154 1223/1105/1151 1228/1110/1156 
f 1228/1110/1156 1229/1101/1157 1226/1108/1154 
f 1228/1110/1156 1223/1105/1151 1222/1104/1150 
f 1222/1104/1150 1230/1111/1158 1228/1110/1156 
f 1231/1112/1159 1232/1113/1160 1233/1114/1161 
f 1233/1114/1161 1234/1115/1162 1231/1112/1159 
f 1233/1114/1161 1232/1113/1160 1235/1116/1163 
f 1235/1116/1163 1236/1117/1164 1233/1114/1161 
f 1235/1116/1163 1232/1113/1160 1237/1118/1165 
f 1237/1118/1165 1238/1008/1166 1235/1116/1163 
f 1237/1118/1165 1232/1113/1160 1231/1112/1159 
f 1231/1112/1159 1095/1018/1023 1237/1118/1165 
f 1239/1119/1167 1240/1120/1168 1241/1121/1169 
f 1241/1121/1169 1242/1122/1170 1239/1119/1167 
f 1241/1121/1169 1240/1120/1168 1243/1123/1171 
f 1243/1123/1171 1244/1124/1172 1241/1121/1169 
f 1243/1123/1171 1240/1120/1168 1245/1125/1173 
f 1245/1125/1173 1246/1126/1174 1243/1123/1171 
f 1245/1125/1173 1240/1120/1168 1239/1119/1167 
f 1239/1119/1167 1247/1127/1175 1245/1125/1173 
f 1248/1128/1176 1249/1129/1177 1250/1130/1178 
f 1250/1130/1178 1251/1131/1179 1248/1128/1176 
f 1250/1130/1178 1249/1129/1177 1252/1132/1180 
f 1252/1132/1180 1253/1133/1181 1250/1130/1178 
f 1252/1132/1180 1249/1129/1177 1104/1134/1032 
f 1104/1134/1032 1107/1016/1035 1252/1132/1180 
f 1104/1134/1032 1249/1129/1177 1248/1128/1176 
f 1248/1128/1176 1110/1026/1038 1104/1134/1032 
f 1254/1135/1182 1255/1136/1183 1256/1137/1184 
f 1256/1137/1184 1257/1138/1185 1254/1135/1182 
f 1256/1137/1184 1255/1136/1183 1258/1128/1186 
f 1258/1128/1186 1259/1131/1187 1256/1137/1184 
f 1258/1128/1186 1255/1136/1183 1113/1023/1041 
f 1113/1023/1041 1116/1026/1044 1258/1128/1186 
f 1113/1023/1041 1255/1136/1183 1254/1135/1182 
f 1254/1135/1182 1114/1024/1042 1113/1023/1041 
f 1260/1139/1188 1261/1140/1189 1262/1141/1190 
f 1262/1141/1190 1263/1142/1191 1260/1139/1188 
f 1262/1141/1190 1261/1140/1189 1264/1135/1192 
f 1264/1135/1192 1265/1138/1193 1262/1141/1190 
f 1264/1135/1192 1261/1140/1189 1118/1143/1046 
f 1118/1143/1046 1121/1024/1049 1264/1135/1192 
f 1118/1143/1046 1261/1140/1189 1260/1139/1188 
f 1260/1139/1188 1124/1034/1052 1118/1143/1046 
f 1266/1144/1194 1267/1145/1195 88/65/88 
f 88/65/88 90/67/90 1266/1144/1194 
f 88/65/88 1267/1145/1195 1268/1146/1196 
f 1268/1146/1196 89/66/89 88/65/88 
f 1268/1146/1196 1267/1145/1195 1269/1147/1197 
f 1269/1147/1197 1270/1148/1198 1268/1146/1196 
f 1269/1147/1197 1267/1145/1195 1266/1144/1194 
f 1266/1144/1194 1271/1149/1199 1269/1147/1197 
f 1272/1150/1200 1273/1151/1201 1274/1152/1202 
f 1274/1152/1202 1275/1153/1203 1272/1150/1200 
f 1274/1152/1202 1273/1151/1201 1276/1154/1204 
f 1276/1154/1204 1277/1155/1205 1274/1152/1202 
f 1276/1154/1204 1273/1151/1201 1132/1156/1060 
f 1132/1156/1060 1135/1032/1063 1276/1154/1204 
f 1132/1156/1060 1273/1151/1201 1272/1150/1200 
f 1272/1150/1200 1138/1043/1066 1132/1156/1060 
f 1278/1157/1206 1279/1158/1207 1280/1159/1208 
f 1280/1159/1208 1281/1160/1209 1278/1157/1206 
f 1280/1159/1208 1279/1158/1207 1282/1161/1210 
f 1282/1161/1210 1283/1162/1211 1280/1159/1208 
f 1282/1161/1210 1279/1158/1207 1284/1163/1212 
f 1284/1163/1212 1285/1153/1213 1282/1161/1210 
f 1284/1163/1212 1279/1158/1207 1278/1157/1206 
f 1278/1157/1206 1286/1164/1214 1284/1163/1212 
f 1287/1165/1215 1288/1166/1216 1289/1167/1217 
f 1289/1167/1217 1290/1168/1218 1287/1165/1215 
f 1289/1167/1217 1288/1166/1216 1291/1157/1219 
f 1291/1157/1219 1292/1160/1220 1289/1167/1217 
f 1291/1157/1219 1288/1166/1216 1293/1169/1221 
f 1293/1169/1221 1294/1164/1222 1291/1157/1219 
f 1293/1169/1221 1288/1166/1216 1287/1165/1215 
f 1287/1165/1215 1295/1170/1223 1293/1169/1221 
f 1296/1171/1224 1297/1172/1225 1298/1173/1226 
f 1298/1173/1226 1299/1174/1227 1296/1171/1224 
f 1298/1173/1226 1297/1172/1225 1300/1165/1228 
f 1300/1165/1228 1301/1168/1229 1298/1173/1226 
f 1300/1165/1228 1297/1172/1225 1302/1175/1230 
f 1302/1175/1230 1303/1170/1231 1300/1165/1228 
f 1302/1175/1230 1297/1172/1225 1296/1171/1224 
f 1296/1171/1224 1304/1176/1232 1302/1175/1230 
f 1305/1177/1233 1306/1178/1234 1307/1179/1235 
f 1307/1179/1235 1308/1180/1236 1305/1177/1233 
f 1307/1179/1235 1306/1178/1234 1309/1181/1237 
f 1309/1181/1237 1310/1182/1238 1307/1179/1235 
f 1309/1181/1237 1306/1178/1234 1164/1055/1092 
f 1164/1055/1092 1167/1058/1095 1309/1181/1237 
f 1164/1055/1092 1306/1178/1234 1305/1177/1233 
f 1305/1177/1233 1165/1056/1093 1164/1055/1092 
f 1311/1183/1239 1312/1184/1240 1313/1185/1241 
f 1313/1185/1241 1314/1186/1242 1311/1183/1239 
f 1313/1185/1241 1312/1184/1240 1315/1187/1243 
f 1315/1187/1243 1316/105/1244 1313/1185/1241 
f 1315/1187/1243 1312/1184/1240 1317/1188/1245 
f 1317/1188/1245 1318/1180/1246 1315/1187/1243 
f 1317/1188/1245 1312/1184/1240 1311/1183/1239 
f 1311/1183/1239 231/1189/231 1317/1188/1245 
f 1319/1190/1247 1320/1191/1248 1321/1192/1249 
f 1321/1192/1249 1322/167/1250 1319/1190/1247 
f 1321/1192/1249 1320/1191/1248 1323/1183/1251 
f 1323/1183/1251 205/1186/205 1321/1192/1249 
f 1323/1183/1251 1320/1191/1248 1324/1193/1252 
f 1324/1193/1252 230/1189/230 1323/1183/1251 
f 1324/1193/1252 1320/1191/1248 1319/1190/1247 
f 1319/1190/1247 1325/1194/1253 1324/1193/1252 
f 1326/5/1254 1327/1195/1255 1328/1196/1256 
f 1328/1196/1256 1329/6/1257 1326/5/1254 
f 1328/1196/1256 1327/1195/1255 1330/1197/1258 
f 1330/1197/1258 1331/1194/1259 1328/1196/1256 
f 1330/1197/1258 1327/1195/1255 1191/1079/1119 
f 1191/1079/1119 1194/1081/1122 1330/1197/1258 
f 1191/1079/1119 1327/1195/1255 1326/5/1254 
f 1326/5/1254 1192/8/1120 1191/1079/1119 
f 995/946/923 1332/1198/1260 916/870/845 
f 916/870/845 911/866/840 995/946/923 
f 916/870/845 1332/1198/1260 247/203/247 
f 247/203/247 250/206/250 916/870/845 
f 247/203/247 1332/1198/1260 1002/953/930 
f 1002/953/930 255/211/255 247/203/247 
f 1002/953/930 1332/1198/1260 995/946/923 
f 995/946/923 270/226/270 1002/953/930 
f 1333/1199/1261 1334/1200/1262 1335/1201/1263 
f 1335/1201/1263 203/165/203 1333/1199/1261 
f 1335/1201/1263 1334/1200/1262 1336/159/1264 
f 1336/159/1264 133/106/133 1335/1201/1263 
f 1336/159/1264 1334/1200/1262 1333/1199/1261 
f 1333/1199/1261 1314/187/1242 1336/159/1264 
f 1337/1202/1265 1338/1203/1266 1339/1204/1267 
f 1339/1204/1267 160/131/160 1337/1202/1265 
f 1339/1204/1267 1338/1203/1266 1340/1205/1268 
f 1340/1205/1268 206/168/206 1339/1204/1267 
f 1340/1205/1268 1338/1203/1266 1337/1202/1265 
f 1337/1202/1265 1341/187/1269 1340/1205/1268 
f 147/120/147 1342/1206/1270 895/853/824 
f 895/853/824 148/121/148 147/120/147 
f 895/853/824 1342/1206/1270 134/107/134 
f 134/107/134 137/110/137 895/853/824 
f 134/107/134 1342/1206/1270 987/938/915 
f 987/938/915 142/115/142 134/107/134 
f 987/938/915 1342/1206/1270 147/120/147 
f 147/120/147 150/123/150 987/938/915 
f 1343/1207/1271 1344/1208/1272 1345/1209/1273 
f 1345/1209/1273 212/187/212 1343/1207/1271 
f 1345/1209/1273 1344/1208/1272 1346/1210/1274 
f 1346/1210/1274 1347/1211/1275 1345/1209/1273 
f 1346/1210/1274 1344/1208/1272 1348/127/1276 
f 1348/127/1276 159/129/159 1346/1210/1274 
f 1348/127/1276 1344/1208/1272 1343/1207/1271 
f 1343/1207/1271 1349/128/1277 1348/127/1276 
f 1350/1212/1278 1351/1213/1279 1352/1214/1280 
f 1352/1214/1280 210/103/210 1350/1212/1278 
f 1352/1214/1280 1351/1213/1279 1353/148/1281 
f 1353/148/1281 1354/148/1282 1352/1214/1280 
f 1353/148/1281 1351/1213/1279 1355/1215/1283 
f 1355/1215/1283 178/148/178 1353/148/1281 
f 1355/1215/1283 1351/1213/1279 1350/1212/1278 
f 1350/1212/1278 1347/1211/1275 1355/1215/1283 
f 970/921/899 1356/1216/1284 1357/1217/1285 
f 1357/1217/1285 971/922/900 970/921/899 
f 1357/1217/1285 1356/1216/1284 955/906/884 
f 955/906/884 958/909/887 1357/1217/1285 
f 955/906/884 1356/1216/1284 965/916/894 
f 965/916/894 962/913/891 955/906/884 
f 965/916/894 1356/1216/1284 970/921/899 
f 970/921/899 966/917/895 965/916/894 
f 963/914/892 1358/1218/1286 876/838/805 
f 876/838/805 871/834/800 963/914/892 
f 876/838/805 1358/1218/1286 974/925/903 
f 974/925/903 877/839/806 876/838/805 
f 974/925/903 1358/1218/1286 972/923/901 
f 972/923/901 168/139/168 974/925/903 
f 972/923/901 1358/1218/1286 963/914/892 
f 963/914/892 966/917/895 972/923/901 
f 959/910/888 1359/1219/1287 1360/1220/1288 
f 1360/1220/1288 960/911/889 959/910/888 
f 1360/1220/1288 1359/1219/1287 941/892/870 
f 941/892/870 944/895/873 1360/1220/1288 
f 941/892/870 1359/1219/1287 952/903/881 
f 952/903/881 949/900/878 941/892/870 
f 952/903/881 1359/1219/1287 959/910/888 
f 959/910/888 953/904/882 952/903/881 
f 138/111/138 1361/1221/1289 904/860/833 
f 904/860/833 139/112/139 138/111/138 
f 904/860/833 1361/1221/1289 997/948/925 
f 997/948/925 905/861/834 904/860/833 
f 997/948/925 1361/1221/1289 994/945/922 
f 994/945/922 269/225/269 997/948/925 
f 994/945/922 1361/1221/1289 138/111/138 
f 138/111/138 141/114/141 994/945/922 
f 950/901/879 1362/1222/1290 864/828/793 
f 864/828/793 859/824/788 950/901/879 
f 864/828/793 1362/1222/1290 967/918/896 
f 967/918/896 865/829/794 864/828/793 
f 967/918/896 1362/1222/1290 961/912/890 
f 961/912/890 962/913/891 967/918/896 
f 961/912/890 1362/1222/1290 950/901/879 
f 950/901/879 953/904/882 961/912/890 
f 1363/1223/1291 1364/809/1292 845/809/775 
f 845/809/775 841/812/773 1363/1223/1291 
f 845/809/775 1364/809/1292 1365/1224/1293 
f 1365/1224/1293 744/810/742 845/809/775 
f 1365/1224/1293 1364/809/1292 940/809/869 
f 940/809/869 854/891/783 1365/1224/1293 
f 940/809/869 1364/809/1292 1363/1223/1291 
f 1363/1223/1291 937/886/866 940/809/869 
f 1021/1225/949 1366/1226/1294 849/815/778 
f 849/815/778 852/818/781 1021/1225/949 
f 849/815/778 1366/1226/1294 954/905/883 
f 954/905/883 850/816/779 849/815/778 
f 954/905/883 1366/1226/1294 947/898/876 
f 947/898/876 949/900/878 954/905/883 
f 947/898/876 1366/1226/1294 1021/1225/949 
f 1021/1225/949 948/899/877 947/898/876 
f 1367/169/1295 1368/170/1296 1369/171/1297 
f 1369/171/1297 155/172/155 1367/169/1295 
f 1369/171/1297 1368/170/1296 1370/173/1298 
f 1370/173/1298 1341/174/1269 1369/171/1297 
f 1370/173/1298 1368/170/1296 1371/175/1299 
f 1371/175/1299 1329/176/1257 1370/173/1298 
f 1371/175/1299 1368/170/1296 1367/169/1295 
f 1367/169/1295 6/177/6 1371/175/1299 
f 236/192/236 1372/1227/1300 934/884/863 
f 934/884/863 237/193/237 236/192/236 
f 934/884/863 1372/1227/1300 1024/976/952 
f 1024/976/952 935/885/864 934/884/863 
f 1024/976/952 1372/1227/1300 1019/970/947 
f 1019/970/947 1020/971/948 1024/976/952 
f 1019/970/947 1372/1227/1300 236/192/236 
f 236/192/236 239/195/239 1019/970/947 
f 1373/1228/1301 1374/1229/1302 1375/1230/1303 
f 1375/1230/1303 259/215/259 1373/1228/1301 
f 1375/1230/1303 1374/1229/1302 1376/1231/1304 
f 1376/1231/1304 246/202/246 1375/1230/1303 
f 1376/1231/1304 1374/1229/1302 1373/1228/1301 
f 1373/1228/1301 1377/103/1305 1376/1231/1304 
f 1013/964/941 1378/1232/1306 1379/1037/1307 
f 1379/1037/1307 1014/965/942 1013/964/941 
f 1379/1037/1307 1378/1232/1306 1003/954/931 
f 1003/954/931 1006/957/934 1379/1037/1307 
f 1003/954/931 1378/1232/1306 1008/959/936 
f 1008/959/936 254/210/254 1003/954/931 
f 1008/959/936 1378/1232/1306 1013/964/941 
f 1013/964/941 240/196/240 1008/959/936 
f 1380/154/1308 1381/1233/1309 1382/1234/1310 
f 1382/1234/1310 130/187/130 1380/154/1308 
f 1382/1234/1310 1381/1233/1309 1383/155/1311 
f 1383/155/1311 261/217/261 1382/1234/1310 
f 1383/155/1311 1381/1233/1309 1380/154/1308 
f 1380/154/1308 1384/103/1312 1383/155/1311 
f 1385/154/1313 1386/1235/1314 1025/1236/953 
f 1025/1236/953 1028/187/956 1385/154/1313 
f 1025/1236/953 1386/1235/1314 1387/171/1315 
f 1387/171/1315 1033/172/961 1025/1236/953 
f 1387/171/1315 1386/1235/1314 943/1237/872 
f 943/1237/872 946/174/875 1387/171/1315 
f 943/1237/872 1386/1235/1314 1385/154/1313 
f 1385/154/1313 944/103/873 943/1237/872 
f 1388/154/1316 1389/1235/1317 1390/1236/1318 
f 1390/1236/1318 1018/187/946 1388/154/1316 
f 1390/1236/1318 1389/1235/1317 1391/171/1319 
f 1391/171/1319 946/172/875 1390/1236/1318 
f 1391/171/1319 1389/1235/1317 1392/1237/1320 
f 1392/1237/1320 1161/174/1089 1391/171/1319 
f 1392/1237/1320 1389/1235/1317 1388/154/1316 
f 1388/154/1316 1149/103/1077 1392/1237/1320 
f 1393/154/1321 1394/1235/1322 1155/1236/1083 
f 1155/1236/1083 1158/187/1086 1393/154/1321 
f 1155/1236/1083 1394/1235/1322 1395/171/1323 
f 1395/171/1323 1161/172/1089 1155/1236/1083 
f 1395/171/1323 1394/1235/1322 1396/1237/1324 
f 1396/1237/1324 1033/174/961 1395/171/1323 
f 1396/1237/1324 1394/1235/1322 1393/154/1321 
f 1393/154/1321 1397/103/1325 1396/1237/1324 
f 1398/154/1326 1399/1235/1327 1400/1236/1328 
f 1400/1236/1328 1040/187/968 1398/154/1326 
f 1400/1236/1328 1399/1235/1327 1385/171/1313 
f 1385/171/1313 1028/172/956 1400/1236/1328 
f 1385/171/1313 1399/1235/1327 1360/1237/1288 
f 1360/1237/1288 944/174/873 1385/171/1313 
f 1360/1237/1288 1399/1235/1327 1398/154/1326 
f 1398/154/1326 960/103/889 1360/1237/1288 
f 1401/154/1329 1402/1235/1330 1041/1236/969 
f 1041/1236/969 1044/187/972 1401/154/1329 
f 1041/1236/969 1402/1235/1330 1403/171/1331 
f 1403/171/1331 1049/172/977 1041/1236/969 
f 1403/171/1331 1402/1235/1330 957/1237/886 
f 957/1237/886 960/174/889 1403/171/1331 
f 957/1237/886 1402/1235/1330 1401/154/1329 
f 1401/154/1329 958/103/887 957/1237/886 
f 1404/154/1332 1405/1235/1333 1406/1236/1334 
f 1406/1236/1334 1049/187/977 1404/154/1332 
f 1406/1236/1334 1405/1235/1333 1407/171/1335 
f 1407/171/1335 1408/172/1336 1406/1236/1334 
f 1407/171/1335 1405/1235/1333 1034/1237/962 
f 1034/1237/962 1037/174/965 1407/171/1335 
f 1034/1237/962 1405/1235/1333 1404/154/1332 
f 1404/154/1332 1040/103/968 1034/1237/962 
f 1401/154/1329 1409/1235/1337 1357/1236/1285 
f 1357/1236/1285 958/187/887 1401/154/1329 
f 1357/1236/1285 1409/1235/1337 1410/171/1338 
f 1410/171/1338 971/172/900 1357/1236/1285 
f 1410/171/1338 1409/1235/1337 1411/1237/1339 
f 1411/1237/1339 1056/174/984 1410/171/1338 
f 1411/1237/1339 1409/1235/1337 1401/154/1329 
f 1401/154/1329 1044/103/972 1411/1237/1339 
f 1412/154/1340 1413/1235/1341 969/1236/898 
f 969/1236/898 971/187/900 1412/154/1340 
f 969/1236/898 1413/1235/1341 1414/171/1342 
f 1414/171/1342 166/172/166 969/1236/898 
f 1414/171/1342 1413/1235/1341 1057/1237/985 
f 1057/1237/985 1060/174/988 1414/171/1342 
f 1057/1237/985 1413/1235/1341 1412/154/1340 
f 1412/154/1340 1065/103/993 1057/1237/985 
f 1415/154/1343 1416/1235/1344 1417/1236/1345 
f 1417/1236/1345 1065/187/993 1415/154/1343 
f 1417/1236/1345 1416/1235/1344 1418/171/1346 
f 1418/171/1346 1419/172/1347 1417/1236/1345 
f 1418/171/1346 1416/1235/1344 1050/1237/978 
f 1050/1237/978 1053/174/981 1418/171/1346 
f 1050/1237/978 1416/1235/1344 1415/154/1343 
f 1415/154/1343 1056/103/984 1050/1237/978 
f 1414/154/1342 1420/1235/1348 163/1236/163 
f 163/1236/163 166/187/166 1414/154/1342 
f 163/1236/163 1420/1235/1348 1421/171/1349 
f 1421/171/1349 164/172/164 163/1236/163 
f 1421/171/1349 1420/1235/1348 1070/1237/998 
f 1070/1237/998 1071/174/999 1421/171/1349 
f 1070/1237/998 1420/1235/1348 1414/154/1342 
f 1414/154/1342 1060/103/988 1070/1237/998 
f 1422/154/1350 1423/1235/1351 1072/1236/1000 
f 1072/1236/1000 1075/187/1003 1422/154/1350 
f 1072/1236/1000 1423/1235/1351 1424/171/1352 
f 1424/171/1352 1080/172/1008 1072/1236/1000 
f 1424/171/1352 1423/1235/1351 977/1237/906 
f 977/1237/906 164/174/164 1424/171/1352 
f 977/1237/906 1423/1235/1351 1422/154/1350 
f 1422/154/1350 978/103/907 977/1237/906 
f 1425/154/1353 1426/1235/1354 1427/1236/1355 
f 1427/1236/1355 1428/187/1356 1425/154/1353 
f 1427/1236/1355 1426/1235/1354 1429/171/1357 
f 1429/171/1357 1071/172/999 1427/1236/1355 
f 1429/171/1357 1426/1235/1354 1430/1237/1358 
f 1430/1237/1358 1080/174/1008 1429/171/1357 
f 1430/1237/1358 1426/1235/1354 1425/154/1353 
f 1425/154/1353 1431/103/1359 1430/1237/1358 
f 1432/154/1360 1433/1235/1361 1434/1236/1362 
f 1434/1236/1362 1087/187/1015 1432/154/1360 
f 1434/1236/1362 1433/1235/1361 1422/171/1350 
f 1422/171/1350 1075/172/1003 1434/1236/1362 
f 1422/171/1350 1433/1235/1361 981/1237/910 
f 981/1237/910 978/174/907 1422/171/1350 
f 981/1237/910 1433/1235/1361 1432/154/1360 
f 1432/154/1360 982/103/911 981/1237/910 
f 1435/154/1363 1436/1235/1364 1088/1236/1016 
f 1088/1236/1016 1091/187/1019 1435/154/1363 
f 1088/1236/1016 1436/1235/1364 1437/171/1365 
f 1437/171/1365 1096/172/1024 1088/1236/1016 
f 1437/171/1365 1436/1235/1364 985/1237/913 
f 985/1237/913 982/174/911 1437/171/1365 
f 985/1237/913 1436/1235/1364 1435/154/1363 
f 1435/154/1363 986/103/914 985/1237/913 
f 1438/154/1366 1439/1235/1367 1440/1236/1368 
f 1440/1236/1368 1096/187/1024 1438/154/1366 
f 1440/1236/1368 1439/1235/1367 1441/171/1369 
f 1441/171/1369 1238/172/1166 1440/1236/1368 
f 1441/171/1369 1439/1235/1367 1081/1237/1009 
f 1081/1237/1009 1084/174/1012 1441/171/1369 
f 1081/1237/1009 1439/1235/1367 1438/154/1366 
f 1438/154/1366 1087/103/1015 1081/1237/1009 
f 1435/154/1363 1442/1235/1370 990/1236/918 
f 990/1236/918 986/187/914 1435/154/1363 
f 990/1236/918 1442/1235/1370 1443/171/1371 
f 1443/171/1371 991/172/919 990/1236/918 
f 1443/171/1371 1442/1235/1370 1444/1237/1372 
f 1444/1237/1372 1103/174/1031 1443/171/1371 
f 1444/1237/1372 1442/1235/1370 1435/154/1363 
f 1435/154/1363 1091/103/1019 1444/1237/1372 
f 1445/154/1373 1446/1235/1374 1447/1236/1375 
f 1447/1236/1375 1448/187/1376 1445/154/1373 
f 1447/1236/1375 1446/1235/1374 1449/171/1377 
f 1449/171/1377 1109/172/1037 1447/1236/1375 
f 1449/171/1377 1446/1235/1374 993/1237/921 
f 993/1237/921 991/174/919 1449/171/1377 
f 993/1237/921 1446/1235/1374 1445/154/1373 
f 1445/154/1373 267/103/267 993/1237/921 
f 1450/154/1378 1451/1235/1379 1097/1236/1025 
f 1097/1236/1025 1100/187/1028 1450/154/1378 
f 1097/1236/1025 1451/1235/1379 1452/171/1380 
f 1452/171/1380 1103/172/1031 1097/1236/1025 
f 1452/171/1380 1451/1235/1379 1106/1237/1034 
f 1106/1237/1034 1109/174/1037 1452/171/1380 
f 1106/1237/1034 1451/1235/1379 1450/154/1378 
f 1450/154/1378 1107/103/1035 1106/1237/1034 
f 1453/154/1381 1454/1235/1382 1455/1236/1383 
f 1455/1236/1383 1117/187/1045 1453/154/1381 
f 1455/1236/1383 1454/1235/1382 1445/171/1373 
f 1445/171/1373 1448/172/1376 1455/1236/1383 
f 1445/171/1373 1454/1235/1382 264/1237/264 
f 264/1237/264 267/174/267 1445/171/1373 
f 264/1237/264 1454/1235/1382 1453/154/1381 
f 1453/154/1381 265/103/265 264/1237/264 
f 1456/154/1384 1457/1235/1385 1458/1236/1386 
f 1458/1236/1386 1459/187/1387 1456/154/1384 
f 1458/1236/1386 1457/1235/1385 1460/171/1388 
f 1460/171/1388 1123/172/1051 1458/1236/1386 
f 1460/171/1388 1457/1235/1385 1000/1237/928 
f 1000/1237/928 265/174/265 1460/171/1388 
f 1000/1237/928 1457/1235/1385 1456/154/1384 
f 1456/154/1384 1001/103/929 1000/1237/928 
f 1461/154/1389 1462/1235/1390 1111/1236/1039 
f 1111/1236/1039 1114/187/1042 1461/154/1389 
f 1111/1236/1039 1462/1235/1390 1463/171/1391 
f 1463/171/1391 1117/172/1045 1111/1236/1039 
f 1463/171/1391 1462/1235/1390 1120/1237/1048 
f 1120/1237/1048 1123/174/1051 1463/171/1391 
f 1120/1237/1048 1462/1235/1390 1461/154/1389 
f 1461/154/1389 1121/103/1049 1120/1237/1048 
f 1456/154/1384 1464/1235/1392 1005/1236/933 
f 1005/1236/933 1001/187/929 1456/154/1384 
f 1005/1236/933 1464/1235/1392 1465/171/1393 
f 1465/171/1393 1006/172/934 1005/1236/933 
f 1465/171/1393 1464/1235/1392 1466/1237/1394 
f 1466/1237/1394 1131/174/1059 1465/171/1393 
f 1466/1237/1394 1464/1235/1392 1456/154/1384 
f 1456/154/1384 1459/103/1387 1466/1237/1394 
f 1467/154/1395 1468/1235/1396 1469/1236/1397 
f 1469/1236/1397 1470/187/1398 1467/154/1395 
f 1469/1236/1397 1468/1235/1396 1471/171/1399 
f 1471/171/1399 1137/172/1065 1469/1236/1397 
f 1471/171/1399 1468/1235/1396 1379/1237/1307 
f 1379/1237/1307 1006/174/934 1471/171/1399 
f 1379/1237/1307 1468/1235/1396 1467/154/1395 
f 1467/154/1395 1014/103/942 1379/1237/1307 
f 1472/154/1400 1473/1235/1401 1125/1236/1053 
f 1125/1236/1053 1128/187/1056 1472/154/1400 
f 1125/1236/1053 1473/1235/1401 1474/171/1402 
f 1474/171/1402 1131/172/1059 1125/1236/1053 
f 1474/171/1402 1473/1235/1401 1134/1237/1062 
f 1134/1237/1062 1137/174/1065 1474/171/1402 
f 1134/1237/1062 1473/1235/1401 1472/154/1400 
f 1472/154/1400 1135/103/1063 1134/1237/1062 
f 1475/154/1403 1476/1235/1404 1477/1236/1405 
f 1477/1236/1405 1145/187/1073 1475/154/1403 
f 1477/1236/1405 1476/1235/1404 1467/171/1395 
f 1467/171/1395 1470/172/1398 1477/1236/1405 
f 1467/171/1395 1476/1235/1404 1011/1237/939 
f 1011/1237/939 1014/174/942 1467/171/1395 
f 1011/1237/939 1476/1235/1404 1475/154/1403 
f 1475/154/1403 1012/103/940 1011/1237/939 
f 1478/154/1406 1479/1235/1407 1017/1236/945 
f 1017/1236/945 1012/187/940 1478/154/1406 
f 1017/1236/945 1479/1235/1407 1388/171/1316 
f 1388/171/1316 1018/172/946 1017/1236/945 
f 1388/171/1316 1479/1235/1407 1146/1237/1074 
f 1146/1237/1074 1149/174/1077 1388/171/1316 
f 1146/1237/1074 1479/1235/1407 1478/154/1406 
f 1478/154/1406 1154/103/1082 1146/1237/1074 
f 1480/154/1408 1481/1235/1409 1139/1236/1067 
f 1139/1236/1067 1142/187/1070 1480/154/1408 
f 1139/1236/1067 1481/1235/1409 1482/171/1410 
f 1482/171/1410 1145/172/1073 1139/1236/1067 
f 1482/171/1410 1481/1235/1409 1483/1237/1411 
f 1483/1237/1411 1154/174/1082 1482/171/1410 
f 1483/1237/1411 1481/1235/1409 1480/154/1408 
f 1480/154/1408 1484/103/1412 1483/1237/1411 
f 1485/1238/1413 1486/1239/1414 1487/1240/1415 
f 1487/1240/1415 1299/1241/1227 1485/1238/1413 
f 1487/1240/1415 1486/1239/1414 1488/1242/1416 
f 1488/1242/1416 1489/1243/1417 1487/1240/1415 
f 1488/1242/1416 1486/1239/1414 1490/1244/1418 
f 1490/1244/1418 1169/1245/1097 1488/1242/1416 
f 1490/1244/1418 1486/1239/1414 1485/1238/1413 
f 1485/1238/1413 1491/1246/1419 1490/1244/1418 
f 1492/1247/1420 1493/1248/1421 1494/1249/1422 
f 1494/1249/1422 1495/1250/1423 1492/1247/1420 
f 1494/1249/1422 1493/1248/1421 1496/1251/1424 
f 1496/1251/1424 1497/1252/1425 1494/1249/1422 
f 1496/1251/1424 1493/1248/1421 1498/1253/1426 
f 1498/1253/1426 1174/1254/1102 1496/1251/1424 
f 1498/1253/1426 1493/1248/1421 1492/1247/1420 
f 1492/1247/1420 1185/1255/1113 1498/1253/1426 
f 1499/1256/1427 1500/1257/1428 1501/1258/1429 
f 1501/1258/1429 1502/1259/1430 1499/1256/1427 
f 1501/1258/1429 1500/1257/1428 1503/1260/1431 
f 1503/1260/1431 1504/1261/1432 1501/1258/1429 
f 1503/1260/1431 1500/1257/1428 1505/1240/1433 
f 1505/1240/1433 1506/1243/1434 1503/1260/1431 
f 1505/1240/1433 1500/1257/1428 1499/1256/1427 
f 1499/1256/1427 1507/1241/1435 1505/1240/1433 
f 1425/154/1353 1508/1262/1436 1509/1263/1437 
f 1509/1263/1437 1431/187/1359 1425/154/1353 
f 1509/1263/1437 1508/1262/1436 1510/1264/1438 
f 1510/1264/1438 1220/1265/1148 1509/1263/1437 
f 1510/1264/1438 1508/1262/1436 1511/1266/1439 
f 1511/1266/1439 1212/1267/1140 1510/1264/1438 
f 1511/1266/1439 1508/1262/1436 1425/154/1353 
f 1425/154/1353 1428/103/1356 1511/1266/1439 
f 1512/1268/1440 1513/1269/1441 1514/1253/1442 
f 1514/1253/1442 1515/1255/1443 1512/1268/1440 
f 1514/1253/1442 1513/1269/1441 1516/1270/1444 
f 1516/1270/1444 1230/1254/1158 1514/1253/1442 
f 1516/1270/1444 1513/1269/1441 1517/1264/1445 
f 1517/1264/1445 1518/1267/1446 1516/1270/1444 
f 1517/1264/1445 1513/1269/1441 1512/1268/1440 
f 1512/1268/1440 1236/1265/1164 1517/1264/1445 
f 1519/154/1447 1520/1271/1448 1521/1272/1449 
f 1521/1272/1449 54/187/54 1519/154/1447 
f 1521/1272/1449 1520/1271/1448 1522/1244/1450 
f 1522/1244/1450 1242/1246/1170 1521/1272/1449 
f 1522/1244/1450 1520/1271/1448 1523/1273/1451 
f 1523/1273/1451 1524/1245/1452 1522/1244/1450 
f 1523/1273/1451 1520/1271/1448 1519/154/1447 
f 1519/154/1447 62/103/62 1523/1273/1451 
f 1525/1247/1453 1526/1248/1454 1527/1249/1455 
f 1527/1249/1455 1528/1250/1456 1525/1247/1453 
f 1527/1249/1455 1526/1248/1454 1529/1251/1457 
f 1529/1251/1457 1530/1252/1458 1527/1249/1455 
f 1529/1251/1457 1526/1248/1454 1531/1253/1459 
f 1531/1253/1459 1532/1254/1460 1529/1251/1457 
f 1531/1253/1459 1526/1248/1454 1525/1247/1453 
f 1525/1247/1453 1533/1255/1461 1531/1253/1459 
f 1534/154/1462 1535/1271/1463 1266/1272/1194 
f 1266/1272/1194 90/187/90 1534/154/1462 
f 1266/1272/1194 1535/1271/1463 1536/1244/1464 
f 1536/1244/1464 1271/1246/1199 1266/1272/1194 
f 1536/1244/1464 1535/1271/1463 1537/1273/1465 
f 1537/1273/1465 1538/1245/1466 1536/1244/1464 
f 1537/1273/1465 1535/1271/1463 1534/154/1462 
f 1534/154/1462 1539/103/1467 1537/1273/1465 
f 1540/1274/1468 1541/1275/1469 1542/171/1470 
f 1542/171/1470 1543/172/1471 1540/1274/1468 
f 1542/171/1470 1541/1275/1469 1544/1276/1472 
f 1544/1276/1472 108/174/108 1542/171/1470 
f 1544/1276/1472 1541/1275/1469 1545/1249/1473 
f 1545/1249/1473 1546/1252/1474 1544/1276/1472 
f 1545/1249/1473 1541/1275/1469 1540/1274/1468 
f 1540/1274/1468 1547/1250/1475 1545/1249/1473 
f 1548/169/1476 1549/170/1477 1550/171/1478 
f 1550/171/1478 132/172/132 1548/169/1476 
f 1550/171/1478 1549/170/1477 1551/173/1479 
f 1551/173/1479 1384/174/1312 1550/171/1478 
f 1551/173/1479 1549/170/1477 1552/175/1480 
f 1552/175/1480 121/176/121 1551/173/1479 
f 1552/175/1480 1549/170/1477 1548/169/1476 
f 1548/169/1476 1310/177/1238 1552/175/1480 
f 1323/169/1251 1553/170/1481 1554/171/1482 
f 1554/171/1482 205/172/205 1323/169/1251 
f 1554/171/1482 1553/170/1481 1311/173/1239 
f 1311/173/1239 1314/174/1242 1554/171/1482 
f 1311/173/1239 1553/170/1481 229/175/229 
f 229/175/229 231/176/231 1311/173/1239 
f 229/175/229 1553/170/1481 1323/169/1251 
f 1323/169/1251 230/177/230 229/175/229 
f 1555/154/1483 1556/185/1484 5/186/5 
f 5/186/5 8/187/8 1555/154/1483 
f 5/186/5 1556/185/1484 1371/175/1299 
f 1371/175/1299 6/177/6 5/186/5 
f 1371/175/1299 1556/185/1484 1326/184/1254 
f 1326/184/1254 1329/176/1257 1371/175/1299 
f 1326/184/1254 1556/185/1484 1555/154/1483 
f 1555/154/1483 1192/103/1120 1326/184/1254 
f 1557/154/1485 1558/185/1486 23/186/23 
f 23/186/23 26/187/26 1557/154/1485 
f 23/186/23 1558/185/1486 213/175/213 
f 213/175/213 24/177/24 23/186/23 
f 213/175/213 1558/185/1486 10/184/10 
f 10/184/10 13/176/13 213/175/213 
f 10/184/10 1558/185/1486 1557/154/1485 
f 1557/154/1485 18/103/18 10/184/10 
f 1559/154/1487 1560/185/1488 41/186/41 
f 41/186/41 44/187/44 1559/154/1487 
f 41/186/41 1560/185/1488 1561/175/1489 
f 1561/175/1489 42/177/42 41/186/41 
f 1561/175/1489 1560/185/1488 28/184/28 
f 28/184/28 31/176/31 1561/175/1489 
f 28/184/28 1560/185/1488 1559/154/1487 
f 1559/154/1487 36/103/36 28/184/28 
f 1562/169/1490 1563/170/1491 1564/171/1492 
f 1564/171/1492 1565/172/1493 1562/169/1490 
f 1564/171/1492 1563/170/1491 1566/173/1494 
f 1566/173/1494 195/174/195 1564/171/1492 
f 1566/173/1494 1563/170/1491 1567/175/1495 
f 1567/175/1495 49/176/49 1566/173/1494 
f 1567/175/1495 1563/170/1491 1562/169/1490 
f 1562/169/1490 60/177/60 1567/175/1495 
f 77/169/77 1568/170/1496 1569/171/1497 
f 1569/171/1497 78/172/78 77/169/77 
f 1569/171/1497 1568/170/1496 1570/173/1498 
f 1570/173/1498 217/174/217 1569/171/1497 
f 1570/173/1498 1568/170/1496 1571/175/1499 
f 1571/175/1499 67/176/67 1570/173/1498 
f 1571/175/1499 1568/170/1496 77/169/77 
f 77/169/77 80/177/80 1571/175/1499 
f 1534/154/1462 1572/185/1500 1573/186/1501 
f 1573/186/1501 1539/187/1467 1534/154/1462 
f 1573/186/1501 1572/185/1500 1574/175/1502 
f 1574/175/1502 98/177/98 1573/186/1501 
f 1574/175/1502 1572/185/1500 82/184/82 
f 82/184/82 85/176/85 1574/175/1502 
f 82/184/82 1572/185/1500 1534/154/1462 
f 1534/154/1462 90/103/90 82/184/82 
f 1575/154/1503 1576/1277/1504 1577/1278/1505 
f 1577/1278/1505 1377/187/1305 1575/154/1503 
f 1577/1278/1505 1576/1277/1504 1578/1279/1506 
f 1578/1279/1506 103/1280/103 1577/1278/1505 
f 1578/1279/1506 1576/1277/1504 113/1281/113 
f 113/1281/113 116/1282/116 1578/1279/1506 
f 113/1281/113 1576/1277/1504 1575/154/1503 
f 1575/154/1503 114/103/114 113/1281/113 
f 1395/154/1323 1579/1283/1507 1391/1236/1319 
f 1391/1236/1319 1161/187/1089 1395/154/1323 
f 1391/1236/1319 1579/1283/1507 1387/1235/1315 
f 1387/1235/1315 946/172/875 1391/1236/1319 
f 1387/1235/1315 1579/1283/1507 1395/154/1323 
f 1395/154/1323 1033/103/961 1387/1235/1315 
f 1404/154/1332 1580/1283/1508 1398/1236/1326 
f 1398/1236/1326 1040/187/968 1404/154/1332 
f 1398/1236/1326 1580/1283/1508 1403/1235/1331 
f 1403/1235/1331 960/172/889 1398/1236/1326 
f 1403/1235/1331 1580/1283/1508 1404/154/1332 
f 1404/154/1332 1049/103/977 1403/1235/1331 
f 1415/154/1343 1581/1283/1509 1410/1236/1338 
f 1410/1236/1338 1056/187/984 1415/154/1343 
f 1410/1236/1338 1581/1283/1509 1412/1235/1340 
f 1412/1235/1340 971/172/900 1410/1236/1338 
f 1412/1235/1340 1581/1283/1509 1415/154/1343 
f 1415/154/1343 1065/103/993 1412/1235/1340 
f 1429/154/1357 1582/1283/1510 1421/1236/1349 
f 1421/1236/1349 1071/187/999 1429/154/1357 
f 1421/1236/1349 1582/1283/1510 1424/1235/1352 
f 1424/1235/1352 164/172/164 1421/1236/1349 
f 1424/1235/1352 1582/1283/1510 1429/154/1357 
f 1429/154/1357 1080/103/1008 1424/1235/1352 
f 1432/154/1360 1583/1283/1511 1437/1236/1365 
f 1437/1236/1365 982/187/911 1432/154/1360 
f 1437/1236/1365 1583/1283/1511 1438/1235/1366 
f 1438/1235/1366 1096/172/1024 1437/1236/1365 
f 1438/1235/1366 1583/1283/1511 1432/154/1360 
f 1432/154/1360 1087/103/1015 1438/1235/1366 
f 1443/154/1371 1584/1283/1512 1449/1236/1377 
f 1449/1236/1377 991/187/919 1443/154/1371 
f 1449/1236/1377 1584/1283/1512 1452/1235/1380 
f 1452/1235/1380 1109/172/1037 1449/1236/1377 
f 1452/1235/1380 1584/1283/1512 1443/154/1371 
f 1443/154/1371 1103/103/1031 1452/1235/1380 
f 1463/154/1391 1585/1283/1513 1453/1236/1381 
f 1453/1236/1381 1117/187/1045 1463/154/1391 
f 1453/1236/1381 1585/1283/1513 1460/1235/1388 
f 1460/1235/1388 265/172/265 1453/1236/1381 
f 1460/1235/1388 1585/1283/1513 1463/154/1391 
f 1463/154/1391 1123/103/1051 1460/1235/1388 
f 1465/154/1393 1586/1283/1514 1471/1236/1399 
f 1471/1236/1399 1006/187/934 1465/154/1393 
f 1471/1236/1399 1586/1283/1514 1474/1235/1402 
f 1474/1235/1402 1137/172/1065 1471/1236/1399 
f 1474/1235/1402 1586/1283/1514 1465/154/1393 
f 1465/154/1393 1131/103/1059 1474/1235/1402 
f 1475/154/1403 1587/1283/1515 1478/1236/1406 
f 1478/1236/1406 1012/187/940 1475/154/1403 
f 1478/1236/1406 1587/1283/1515 1482/1235/1410 
f 1482/1235/1410 1154/172/1082 1478/1236/1406 
f 1482/1235/1410 1587/1283/1515 1475/154/1403 
f 1475/154/1403 1145/103/1073 1482/1235/1410 
f 1373/154/1301 1588/1283/1516 1575/1236/1503 
f 1575/1236/1503 1377/187/1305 1373/154/1301 
f 1575/1236/1503 1588/1283/1516 258/1235/258 
f 258/1235/258 114/172/114 1575/1236/1503 
f 258/1235/258 1588/1283/1516 1373/154/1301 
f 1373/154/1301 259/103/259 258/1235/258 
f 1550/154/1478 1589/1283/1517 129/1236/129 
f 129/1236/129 132/187/132 1550/154/1478 
f 129/1236/129 1589/1283/1517 1380/1235/1308 
f 1380/1235/1308 130/172/130 129/1236/129 
f 1380/1235/1308 1589/1283/1517 1550/154/1478 
f 1550/154/1478 1384/103/1312 1380/1235/1308 
f 1333/154/1261 1590/1283/1518 1554/1236/1482 
f 1554/1236/1482 1314/187/1242 1333/154/1261 
f 1554/1236/1482 1590/1283/1518 202/1235/202 
f 202/1235/202 205/172/205 1554/1236/1482 
f 202/1235/202 1590/1283/1518 1333/154/1261 
f 1333/154/1261 203/103/203 202/1235/202 
f 1337/154/1265 1591/1283/1519 1369/1236/1297 
f 1369/1236/1297 1341/187/1269 1337/154/1265 
f 1369/1236/1297 1591/1283/1519 152/1235/152 
f 152/1235/152 155/172/155 1369/1236/1297 
f 152/1235/152 1591/1283/1519 1337/154/1265 
f 1337/154/1265 160/103/160 152/1235/152 
f 1345/154/1273 1592/1283/1520 209/1236/209 
f 209/1236/209 212/187/212 1345/154/1273 
f 209/1236/209 1592/1283/1520 1350/1235/1278 
f 1350/1235/1278 210/172/210 209/1236/209 
f 1350/1235/1278 1592/1283/1520 1345/154/1273 
f 1345/154/1273 1347/103/1275 1350/1235/1278 
f 181/154/181 1593/1283/1521 1594/1236/1522 
f 1594/1236/1522 182/187/182 181/154/181 
f 1594/1236/1522 1593/1283/1521 184/1235/184 
f 184/1235/184 187/172/187 1594/1236/1522 
f 184/1235/184 1593/1283/1521 181/154/181 
f 181/154/181 183/103/183 184/1235/184 
f 194/154/194 1595/1283/1523 1564/1236/1492 
f 1564/1236/1492 195/187/195 194/154/194 
f 1564/1236/1492 1595/1283/1523 1596/1235/1524 
f 1596/1235/1524 1565/172/1493 1564/1236/1492 
f 1596/1235/1524 1595/1283/1523 194/154/194 
f 194/154/194 197/103/197 1596/1235/1524 
f 945/1284/874 1597/1285/1525 1390/1286/1318 
f 1390/1286/1318 946/1052/875 945/1284/874 
f 1390/1286/1318 1597/1285/1525 1015/966/943 
f 1015/966/943 1018/969/946 1390/1286/1318 
f 1015/966/943 1597/1285/1525 1023/974/951 
f 1023/974/951 1020/971/948 1015/966/943 
f 1023/974/951 1597/1285/1525 945/1284/874 
f 945/1284/874 948/975/877 1023/974/951 
f 1598/154/1526 1599/1283/1527 243/1236/243 
f 243/1236/243 96/187/96 1598/154/1526 
f 243/1236/243 1599/1283/1527 1600/1235/1528 
f 1600/1235/1528 244/172/244 243/1236/243 
f 1600/1235/1528 1599/1283/1527 1598/154/1526 
f 1598/154/1526 1601/103/1529 1600/1235/1528 
f 1602/1287/1530 1603/1288/1531 1604/1289/1532 
f 1604/1289/1532 1397/980/1325 1602/1287/1530 
f 1604/1289/1532 1603/1288/1531 1605/1290/1533 
f 1605/1290/1533 1032/986/960 1604/1289/1532 
f 1605/1290/1533 1603/1288/1531 1606/1291/1534 
f 1606/1291/1534 1607/1069/1535 1605/1290/1533 
f 1606/1291/1534 1603/1288/1531 1602/1287/1530 
f 1602/1287/1530 1608/1292/1536 1606/1291/1534 
f 1609/1293/1537 1610/1294/1538 1611/1295/1539 
f 1611/1295/1539 226/1296/226 1609/1293/1537 
f 1611/1295/1539 1610/1294/1538 1612/1053/1540 
f 1612/1053/1540 1613/1056/1541 1611/1295/1539 
f 1612/1053/1540 1610/1294/1538 1614/1297/1542 
f 1614/1297/1542 1615/1061/1543 1612/1053/1540 
f 1614/1297/1542 1610/1294/1538 1609/1293/1537 
f 1609/1293/1537 1497/1298/1425 1614/1297/1542 
f 1616/1299/1544 1617/1300/1545 1618/1301/1546 
f 1618/1301/1546 1619/1083/1547 1616/1299/1544 
f 1618/1301/1546 1617/1300/1545 1492/1302/1420 
f 1492/1302/1420 1495/1298/1423 1618/1301/1546 
f 1492/1302/1420 1617/1300/1545 1182/1073/1110 
f 1182/1073/1110 1185/1065/1113 1492/1302/1420 
f 1182/1073/1110 1617/1300/1545 1616/1299/1544 
f 1616/1299/1544 1183/1074/1111 1182/1073/1110 
f 1620/1303/1548 1621/1304/1549 1052/991/980 
f 1052/991/980 1055/994/983 1620/1303/1548 
f 1052/991/980 1621/1304/1549 1622/1305/1550 
f 1622/1305/1550 1053/992/981 1052/991/980 
f 1622/1305/1550 1621/1304/1549 1623/1306/1551 
f 1623/1306/1551 1502/1307/1430 1622/1305/1550 
f 1623/1306/1551 1621/1304/1549 1620/1303/1548 
f 1620/1303/1548 1624/1076/1552 1623/1306/1551 
f 1625/1305/1553 1626/1308/1554 1627/1309/1555 
f 1627/1309/1555 1419/992/1347 1625/1305/1553 
f 1627/1309/1555 1626/1308/1554 1628/1310/1556 
f 1628/1310/1556 1064/1002/992 1627/1309/1555 
f 1628/1310/1556 1626/1308/1554 1629/1311/1557 
f 1629/1311/1557 1630/1096/1558 1628/1310/1556 
f 1629/1311/1557 1626/1308/1554 1625/1305/1553 
f 1625/1305/1553 1504/1307/1432 1629/1311/1557 
f 1631/1312/1559 1632/1313/1560 16/14/16 
f 16/14/16 18/15/18 1631/1312/1559 
f 16/14/16 1632/1313/1560 1633/1085/1561 
f 1633/1085/1561 17/9/17 16/14/16 
f 1633/1085/1561 1632/1313/1560 1634/1314/1562 
f 1634/1314/1562 1635/1088/1563 1633/1085/1561 
f 1634/1314/1562 1632/1313/1560 1631/1312/1559 
f 1631/1312/1559 1636/1315/1564 1634/1314/1562 
f 1637/1108/1565 1638/1316/1566 1639/1317/1567 
f 1639/1317/1567 1640/1109/1568 1637/1108/1565 
f 1639/1317/1567 1638/1316/1566 1641/1318/1569 
f 1641/1318/1569 1642/1315/1570 1639/1317/1567 
f 1641/1318/1569 1638/1316/1566 1215/1100/1143 
f 1215/1100/1143 1218/1092/1146 1641/1318/1569 
f 1215/1100/1143 1638/1316/1566 1637/1108/1565 
f 1637/1108/1565 1216/1101/1144 1215/1100/1143 
f 1643/1319/1571 1644/1320/1572 1083/1007/1011 
f 1083/1007/1011 1086/1010/1014 1643/1319/1571 
f 1083/1007/1011 1644/1320/1572 1645/1116/1573 
f 1645/1116/1573 1084/1008/1012 1083/1007/1011 
f 1645/1116/1573 1644/1320/1572 1646/1321/1574 
f 1646/1321/1574 1518/1117/1446 1645/1116/1573 
f 1646/1321/1574 1644/1320/1572 1643/1319/1571 
f 1643/1319/1571 1647/1103/1575 1646/1321/1574 
f 1648/1322/1576 1649/1323/1577 43/32/43 
f 43/32/43 45/33/45 1648/1322/1576 
f 43/32/43 1649/1323/1577 1650/1324/1578 
f 1650/1324/1578 44/27/44 43/32/43 
f 1650/1324/1578 1649/1323/1577 1651/1325/1579 
f 1651/1325/1579 1652/1107/1580 1650/1324/1578 
f 1651/1325/1579 1649/1323/1577 1648/1322/1576 
f 1648/1322/1576 1653/1124/1581 1651/1325/1579 
f 1654/1326/1582 1655/1327/1583 1656/1328/1584 
f 1656/1328/1584 1657/1115/1585 1654/1326/1582 
f 1656/1328/1584 1655/1327/1583 1658/1329/1586 
f 1658/1329/1586 1659/1133/1587 1656/1328/1584 
f 1658/1329/1586 1655/1327/1583 1245/1125/1173 
f 1245/1125/1173 1247/1127/1175 1658/1329/1586 
f 1245/1125/1173 1655/1327/1583 1654/1326/1582 
f 1654/1326/1582 1246/1126/1174 1245/1125/1173 
f 1660/1330/1588 1661/1331/1589 61/44/61 
f 61/44/61 63/45/63 1660/1330/1588 
f 61/44/61 1661/1331/1589 1523/1332/1451 
f 1523/1332/1451 62/39/62 61/44/61 
f 1523/1332/1451 1661/1331/1589 1662/1333/1590 
f 1662/1333/1590 1524/1122/1452 1523/1332/1451 
f 1662/1333/1590 1661/1331/1589 1660/1330/1588 
f 1660/1330/1588 1663/1334/1591 1662/1333/1590 
f 1529/1335/1457 1664/1336/1592 1665/1337/1593 
f 1665/1337/1593 1530/1338/1458 1529/1335/1457 
f 1665/1337/1593 1664/1336/1592 1666/1339/1594 
f 1666/1339/1594 1667/1334/1595 1665/1337/1593 
f 1666/1339/1594 1664/1336/1592 1668/1340/1596 
f 1668/1340/1596 1669/1341/1597 1666/1339/1594 
f 1668/1340/1596 1664/1336/1592 1529/1335/1457 
f 1529/1335/1457 1532/1342/1460 1668/1340/1596 
f 1670/1146/1598 1671/1343/1599 1672/1344/1600 
f 1672/1344/1600 1673/66/1601 1670/1146/1598 
f 1672/1344/1600 1671/1343/1599 1674/1345/1602 
f 1674/1345/1602 1675/51/1603 1672/1344/1600 
f 1674/1345/1602 1671/1343/1599 1676/1346/1604 
f 1676/1346/1604 1528/1338/1456 1674/1345/1602 
f 1676/1346/1604 1671/1343/1599 1670/1146/1598 
f 1670/1146/1598 1677/1148/1605 1676/1346/1604 
f 1678/1139/1606 1679/1347/1607 1127/1031/1055 
f 1127/1031/1055 1130/1034/1058 1678/1139/1606 
f 1127/1031/1055 1679/1347/1607 1680/1154/1608 
f 1680/1154/1608 1128/1032/1056 1127/1031/1055 
f 1680/1154/1608 1679/1347/1607 1681/1348/1609 
f 1681/1348/1609 1682/1155/1610 1680/1154/1608 
f 1681/1348/1609 1679/1347/1607 1678/1139/1606 
f 1678/1139/1606 1683/1142/1611 1681/1348/1609 
f 1684/1349/1612 1685/1350/1613 1686/1351/1614 
f 1686/1351/1614 1687/1352/1615 1684/1349/1612 
f 1686/1351/1614 1685/1350/1613 1688/1353/1616 
f 1688/1353/1616 1538/1149/1466 1686/1351/1614 
f 1688/1353/1616 1685/1350/1613 1689/1354/1617 
f 1689/1354/1617 1690/1355/1618 1688/1353/1616 
f 1689/1354/1617 1685/1350/1613 1684/1349/1612 
f 1684/1349/1612 1691/1162/1619 1689/1354/1617 
f 1544/1356/1472 1692/1357/1620 106/81/106 
f 106/81/106 108/83/108 1544/1356/1472 
f 106/81/106 1692/1357/1620 1693/1358/1621 
f 1693/1358/1621 107/82/107 106/81/106 
f 1693/1358/1621 1692/1357/1620 1694/1359/1622 
f 1694/1359/1622 1695/1352/1623 1693/1358/1621 
f 1694/1359/1622 1692/1357/1620 1544/1356/1472 
f 1544/1356/1472 1546/1360/1474 1694/1359/1622 
f 1696/1361/1624 1697/1362/1625 1698/1363/1626 
f 1698/1363/1626 1699/1364/1627 1696/1361/1624 
f 1698/1363/1626 1697/1362/1625 1700/1365/1628 
f 1700/1365/1628 1547/1360/1475 1698/1363/1626 
f 1700/1365/1628 1697/1362/1625 1289/1167/1217 
f 1289/1167/1217 1292/1160/1220 1700/1365/1628 
f 1289/1167/1217 1697/1362/1625 1696/1361/1624 
f 1696/1361/1624 1290/1168/1218 1289/1167/1217 
f 1701/1366/1629 1702/1367/1630 124/97/124 
f 124/97/124 126/99/126 1701/1366/1629 
f 124/97/124 1702/1367/1630 1703/1368/1631 
f 1703/1368/1631 125/98/125 124/97/124 
f 1703/1368/1631 1702/1367/1630 1704/1369/1632 
f 1704/1369/1632 1705/1364/1633 1703/1368/1631 
f 1704/1369/1632 1702/1367/1630 1701/1366/1629 
f 1701/1366/1629 1491/1370/1419 1704/1369/1632 
f 1706/1371/1634 1707/1372/1635 1393/171/1321 
f 1393/171/1321 1158/172/1086 1706/1371/1634 
f 1393/171/1321 1707/1372/1635 1602/1373/1530 
f 1602/1373/1530 1397/174/1325 1393/171/1321 
f 1602/1373/1530 1707/1372/1635 1708/1258/1636 
f 1708/1258/1636 1608/1261/1536 1602/1373/1530 
f 1708/1258/1636 1707/1372/1635 1706/1371/1634 
f 1706/1371/1634 1304/1259/1232 1708/1258/1636 
f 1709/1266/1637 1710/1262/1638 1407/154/1335 
f 1407/154/1335 1037/103/965 1709/1266/1637 
f 1407/154/1335 1710/1262/1638 1711/1263/1639 
f 1711/1263/1639 1408/187/1336 1407/154/1335 
f 1711/1263/1639 1710/1262/1638 1712/1264/1640 
f 1712/1264/1640 1187/1265/1115 1711/1263/1639 
f 1712/1264/1640 1710/1262/1638 1709/1266/1637 
f 1709/1266/1637 1179/1267/1107 1712/1264/1640 
f 1713/1242/1641 1714/1239/1642 1715/1244/1643 
f 1715/1244/1643 1202/1245/1130 1713/1242/1641 
f 1715/1244/1643 1714/1239/1642 1716/1238/1644 
f 1716/1238/1644 1197/1246/1125 1715/1244/1643 
f 1716/1238/1644 1714/1239/1642 1505/1240/1433 
f 1505/1240/1433 1507/1241/1435 1716/1238/1644 
f 1505/1240/1433 1714/1239/1642 1713/1242/1641 
f 1713/1242/1641 1506/1243/1434 1505/1240/1433 
f 1717/1274/1645 1718/1275/1646 1557/171/1485 
f 1557/171/1485 26/172/26 1717/1274/1645 
f 1557/171/1485 1718/1275/1646 1631/1276/1559 
f 1631/1276/1559 18/174/18 1557/171/1485 
f 1631/1276/1559 1718/1275/1646 1719/1249/1647 
f 1719/1249/1647 1636/1252/1564 1631/1276/1559 
f 1719/1249/1647 1718/1275/1646 1717/1274/1645 
f 1717/1274/1645 1642/1250/1570 1719/1249/1647 
f 1720/1247/1648 1721/1248/1649 1722/1249/1650 
f 1722/1249/1650 1652/1250/1580 1720/1247/1648 
f 1722/1249/1650 1721/1248/1649 1222/1251/1150 
f 1222/1251/1150 1225/1252/1153 1722/1249/1650 
f 1222/1251/1150 1721/1248/1649 1514/1253/1442 
f 1514/1253/1442 1230/1254/1158 1222/1251/1150 
f 1514/1253/1442 1721/1248/1649 1720/1247/1648 
f 1720/1247/1648 1515/1255/1443 1514/1253/1442 
f 1658/1256/1586 1723/1257/1651 1724/1258/1652 
f 1724/1258/1652 1659/1259/1587 1658/1256/1586 
f 1724/1258/1652 1723/1257/1651 1725/1260/1653 
f 1725/1260/1653 1253/1261/1181 1724/1258/1652 
f 1725/1260/1653 1723/1257/1651 1726/1240/1654 
f 1726/1240/1654 1727/1243/1655 1725/1260/1653 
f 1726/1240/1654 1723/1257/1651 1658/1256/1586 
f 1658/1256/1586 1247/1241/1175 1726/1240/1654 
f 1254/1266/1182 1728/1262/1656 1461/154/1389 
f 1461/154/1389 1114/103/1042 1254/1266/1182 
f 1461/154/1389 1728/1262/1656 1264/1263/1192 
f 1264/1263/1192 1121/187/1049 1461/154/1389 
f 1264/1263/1192 1728/1262/1656 1729/1264/1657 
f 1729/1264/1657 1265/1265/1193 1264/1263/1192 
f 1729/1264/1657 1728/1262/1656 1254/1266/1182 
f 1254/1266/1182 1257/1267/1185 1729/1264/1657 
f 1730/1256/1658 1731/1257/1659 1732/1258/1660 
f 1732/1258/1660 1682/1259/1610 1730/1256/1658 
f 1732/1258/1660 1731/1257/1659 1733/1260/1661 
f 1733/1260/1661 1277/1261/1205 1732/1258/1660 
f 1733/1260/1661 1731/1257/1659 1734/1240/1662 
f 1734/1240/1662 1690/1243/1618 1733/1260/1661 
f 1734/1240/1662 1731/1257/1659 1730/1256/1658 
f 1730/1256/1658 1735/1241/1663 1734/1240/1662 
f 1736/1266/1664 1737/1262/1665 1480/154/1408 
f 1480/154/1408 1142/103/1070 1736/1266/1664 
f 1480/154/1408 1737/1262/1665 1738/1263/1666 
f 1738/1263/1666 1484/187/1412 1480/154/1408 
f 1738/1263/1666 1737/1262/1665 1739/1264/1667 
f 1739/1264/1667 1294/1265/1222 1738/1263/1666 
f 1739/1264/1667 1737/1262/1665 1736/1266/1664 
f 1736/1266/1664 1286/1267/1214 1739/1264/1667 
f 1488/1374/1416 1740/1375/1668 1741/1376/1669 
f 1741/1376/1669 1489/1377/1417 1488/1374/1416 
f 1741/1376/1669 1740/1375/1668 1742/1378/1670 
f 1742/1378/1670 1743/1067/1671 1741/1376/1669 
f 1742/1378/1670 1740/1375/1668 1168/1059/1096 
f 1168/1059/1096 1170/1061/1098 1742/1378/1670 
f 1168/1059/1096 1740/1375/1668 1488/1374/1416 
f 1488/1374/1416 1169/1060/1097 1168/1059/1096 
f 1744/1299/1672 1745/1379/1673 1746/1380/1674 
f 1746/1380/1674 1747/1074/1675 1744/1299/1672 
f 1746/1380/1674 1745/1379/1673 1716/1381/1644 
f 1716/1381/1644 1507/1382/1435 1746/1380/1674 
f 1716/1381/1644 1745/1379/1673 1195/1082/1123 
f 1195/1082/1123 1197/1084/1125 1716/1381/1644 
f 1195/1082/1123 1745/1379/1673 1744/1299/1672 
f 1744/1299/1672 1196/1083/1124 1195/1082/1123 
f 1713/1381/1641 1748/1383/1676 1749/1384/1677 
f 1749/1384/1677 1506/1382/1434 1713/1381/1641 
f 1749/1384/1677 1748/1383/1676 1750/1385/1678 
f 1750/1385/1678 1751/1094/1679 1749/1384/1677 
f 1750/1385/1678 1748/1383/1676 1201/1087/1129 
f 1201/1087/1129 1203/1088/1131 1750/1385/1678 
f 1201/1087/1129 1748/1383/1676 1713/1381/1641 
f 1713/1381/1641 1202/1084/1130 1201/1087/1129 
f 1752/1324/1680 1753/1386/1681 34/26/34 
f 34/26/34 36/27/36 1752/1324/1680 
f 34/26/34 1753/1386/1681 1754/1387/1682 
f 1754/1387/1682 35/21/35 34/26/34 
f 1754/1387/1682 1753/1386/1681 1224/1106/1152 
f 1224/1106/1152 1227/1109/1155 1754/1387/1682 
f 1224/1106/1152 1753/1386/1681 1752/1324/1680 
f 1752/1324/1680 1225/1107/1153 1224/1106/1152 
f 1521/1332/1449 1755/1388/1683 52/38/52 
f 52/38/52 54/39/54 1521/1332/1449 
f 52/38/52 1755/1388/1683 1756/1322/1684 
f 1756/1322/1684 53/33/53 52/38/52 
f 1756/1322/1684 1755/1388/1683 1241/1121/1169 
f 1241/1121/1169 1244/1124/1172 1756/1322/1684 
f 1241/1121/1169 1755/1388/1683 1521/1332/1449 
f 1521/1332/1449 1242/1122/1170 1241/1121/1169 
f 1757/1389/1685 1758/1390/1686 1759/1391/1687 
f 1759/1391/1687 1760/1392/1688 1757/1389/1685 
f 1759/1391/1687 1758/1390/1686 1761/1353/1689 
f 1761/1353/1689 1735/1355/1663 1759/1391/1687 
f 1761/1353/1689 1758/1390/1686 1269/1147/1197 
f 1269/1147/1197 1271/1149/1199 1761/1353/1689 
f 1269/1147/1197 1758/1390/1686 1757/1389/1685 
f 1757/1389/1685 1270/1148/1198 1269/1147/1197 
f 1166/1273/1094 1762/1271/1690 1763/154/1691 
f 1763/154/1691 1167/103/1095 1166/1273/1094 
f 1763/154/1691 1762/1271/1690 1701/1272/1629 
f 1701/1272/1629 126/187/126 1763/154/1691 
f 1701/1272/1629 1762/1271/1690 1490/1244/1418 
f 1490/1244/1418 1491/1246/1419 1701/1272/1629 
f 1490/1244/1418 1762/1271/1690 1166/1273/1094 
f 1166/1273/1094 1169/1245/1097 1490/1244/1418 
f 1764/1274/1692 1765/1275/1693 225/171/225 
f 225/171/225 228/172/228 1764/1274/1692 
f 225/171/225 1765/1275/1693 1609/1276/1537 
f 1609/1276/1537 226/174/226 225/171/225 
f 1609/1276/1537 1765/1275/1693 1494/1249/1422 
f 1494/1249/1422 1497/1252/1425 1609/1276/1537 
f 1494/1249/1422 1765/1275/1693 1764/1274/1692 
f 1764/1274/1692 1495/1250/1423 1494/1249/1422 
f 1239/1238/1167 1766/1239/1694 1726/1240/1654 
f 1726/1240/1654 1247/1241/1175 1239/1238/1167 
f 1726/1240/1654 1766/1239/1694 1767/1242/1695 
f 1767/1242/1695 1727/1243/1655 1726/1240/1654 
f 1767/1242/1695 1766/1239/1694 1522/1244/1450 
f 1522/1244/1450 1524/1245/1452 1767/1242/1695 
f 1522/1244/1450 1766/1239/1694 1239/1238/1167 
f 1239/1238/1167 1242/1246/1170 1522/1244/1450 
f 1674/1274/1602 1768/1275/1696 1769/171/1697 
f 1769/171/1697 1675/172/1603 1674/1274/1602 
f 1769/171/1697 1768/1275/1696 1770/1276/1698 
f 1770/1276/1698 72/174/72 1769/171/1697 
f 1770/1276/1698 1768/1275/1696 1527/1249/1455 
f 1527/1249/1455 1530/1252/1458 1770/1276/1698 
f 1527/1249/1455 1768/1275/1696 1674/1274/1602 
f 1674/1274/1602 1528/1250/1456 1527/1249/1455 
f 1761/1238/1689 1771/1239/1699 1734/1240/1662 
f 1734/1240/1662 1735/1241/1663 1761/1238/1689 
f 1734/1240/1662 1771/1239/1699 1688/1242/1616 
f 1688/1242/1616 1690/1243/1618 1734/1240/1662 
f 1688/1242/1616 1771/1239/1699 1536/1244/1464 
f 1536/1244/1464 1538/1245/1466 1688/1242/1616 
f 1536/1244/1464 1771/1239/1699 1761/1238/1689 
f 1761/1238/1689 1271/1246/1199 1536/1244/1464 
f 1772/1251/1700 1773/1248/1701 1774/1253/1702 
f 1774/1253/1702 1281/1254/1209 1772/1251/1700 
f 1774/1253/1702 1773/1248/1701 1700/1247/1628 
f 1700/1247/1628 1292/1255/1220 1774/1253/1702 
f 1700/1247/1628 1773/1248/1701 1545/1249/1473 
f 1545/1249/1473 1547/1250/1475 1700/1247/1628 
f 1545/1249/1473 1773/1248/1701 1772/1251/1700 
f 1772/1251/1700 1546/1252/1474 1545/1249/1473 
f 1775/1378/1703 1776/1393/1704 1173/1064/1101 
f 1173/1064/1101 1176/1067/1104 1775/1378/1703 
f 1173/1064/1101 1776/1393/1704 1496/1302/1424 
f 1496/1302/1424 1174/1065/1102 1173/1064/1101 
f 1496/1302/1424 1776/1393/1704 1614/1297/1542 
f 1614/1297/1542 1497/1298/1425 1496/1302/1424 
f 1614/1297/1542 1776/1393/1704 1775/1378/1703 
f 1775/1378/1703 1615/1061/1543 1614/1297/1542 
f 1777/1080/1705 1778/1394/1706 1779/1395/1707 
f 1779/1395/1707 1780/1081/1708 1777/1080/1705 
f 1779/1395/1707 1778/1394/1706 1764/1293/1692 
f 1764/1293/1692 228/1296/228 1779/1395/1707 
f 1764/1293/1692 1778/1394/1706 1618/1301/1546 
f 1618/1301/1546 1495/1298/1423 1764/1293/1692 
f 1618/1301/1546 1778/1394/1706 1777/1080/1705 
f 1777/1080/1705 1619/1083/1547 1618/1301/1546 
f 1781/1385/1709 1782/1396/1710 1206/1091/1134 
f 1206/1091/1134 1209/1094/1137 1781/1385/1709 
f 1206/1091/1134 1782/1396/1710 1783/1318/1711 
f 1783/1318/1711 1207/1092/1135 1206/1091/1134 
f 1783/1318/1711 1782/1396/1710 1634/1314/1562 
f 1634/1314/1562 1636/1315/1564 1783/1318/1711 
f 1634/1314/1562 1782/1396/1710 1781/1385/1709 
f 1781/1385/1709 1635/1088/1563 1634/1314/1562 
f 1784/1387/1712 1785/1397/1713 25/20/25 
f 25/20/25 27/21/27 1784/1387/1712 
f 25/20/25 1785/1397/1713 1717/1312/1645 
f 1717/1312/1645 26/15/26 25/20/25 
f 1717/1312/1645 1785/1397/1713 1639/1317/1567 
f 1639/1317/1567 1642/1315/1570 1717/1312/1645 
f 1639/1317/1567 1785/1397/1713 1784/1387/1712 
f 1784/1387/1712 1640/1109/1568 1639/1317/1567 
f 1720/1104/1648 1786/1398/1714 1787/1399/1715 
f 1787/1399/1715 1515/1111/1443 1720/1104/1648 
f 1787/1399/1715 1786/1398/1714 1788/1123/1716 
f 1788/1123/1716 1789/1126/1717 1787/1399/1715 
f 1788/1123/1716 1786/1398/1714 1651/1325/1579 
f 1651/1325/1579 1653/1124/1581 1788/1123/1716 
f 1651/1325/1579 1786/1398/1714 1720/1104/1648 
f 1720/1104/1648 1652/1107/1580 1651/1325/1579 
f 1767/1119/1695 1790/1400/1718 1791/1401/1719 
f 1791/1401/1719 1727/1127/1655 1767/1119/1695 
f 1791/1401/1719 1790/1400/1718 1792/1339/1720 
f 1792/1339/1720 1793/1341/1721 1791/1401/1719 
f 1792/1339/1720 1790/1400/1718 1662/1333/1590 
f 1662/1333/1590 1663/1334/1591 1792/1339/1720 
f 1662/1333/1590 1790/1400/1718 1767/1119/1695 
f 1767/1119/1695 1524/1122/1452 1662/1333/1590 
f 1770/1345/1698 1794/1402/1722 70/50/70 
f 70/50/70 72/51/72 1770/1345/1698 
f 70/50/70 1794/1402/1722 1795/1330/1723 
f 1795/1330/1723 71/45/71 70/50/70 
f 1795/1330/1723 1794/1402/1722 1665/1337/1593 
f 1665/1337/1593 1667/1334/1595 1795/1330/1723 
f 1665/1337/1593 1794/1402/1722 1770/1345/1698 
f 1770/1345/1698 1530/1338/1458 1665/1337/1593 
f 1525/1335/1453 1796/1403/1724 1797/1404/1725 
f 1797/1404/1725 1533/1342/1461 1525/1335/1453 
f 1797/1404/1725 1796/1403/1724 1798/1389/1726 
f 1798/1389/1726 1799/1392/1727 1797/1404/1725 
f 1798/1389/1726 1796/1403/1724 1676/1346/1604 
f 1676/1346/1604 1677/1148/1605 1798/1389/1726 
f 1676/1346/1604 1796/1403/1724 1525/1335/1453 
f 1525/1335/1453 1528/1338/1456 1676/1346/1604 
f 1800/1358/1728 1801/1405/1729 1802/1406/1730 
f 1802/1406/1730 1803/82/1731 1800/1358/1728 
f 1802/1406/1730 1801/1405/1729 1537/1144/1465 
f 1537/1144/1465 1539/67/1467 1802/1406/1730 
f 1537/1144/1465 1801/1405/1729 1686/1351/1614 
f 1686/1351/1614 1538/1149/1466 1537/1144/1465 
f 1686/1351/1614 1801/1405/1729 1800/1358/1728 
f 1800/1358/1728 1687/1352/1615 1686/1351/1614 
f 1804/1349/1732 1805/1407/1733 1280/1159/1208 
f 1280/1159/1208 1283/1162/1211 1804/1349/1732 
f 1280/1159/1208 1805/1407/1733 1772/1365/1700 
f 1772/1365/1700 1281/1160/1209 1280/1159/1208 
f 1772/1365/1700 1805/1407/1733 1694/1359/1622 
f 1694/1359/1622 1546/1360/1474 1772/1365/1700 
f 1694/1359/1622 1805/1407/1733 1804/1349/1732 
f 1804/1349/1732 1695/1352/1623 1694/1359/1622 
f 1806/1368/1734 1807/1408/1735 1808/1409/1736 
f 1808/1409/1736 1809/98/1737 1806/1368/1734 
f 1808/1409/1736 1807/1408/1735 1540/1356/1468 
f 1540/1356/1468 1543/83/1471 1808/1409/1736 
f 1540/1356/1468 1807/1408/1735 1698/1363/1626 
f 1698/1363/1626 1547/1360/1475 1540/1356/1468 
f 1698/1363/1626 1807/1408/1735 1806/1368/1734 
f 1806/1368/1734 1699/1364/1627 1698/1363/1626 
f 1810/1361/1738 1811/1410/1739 1298/1173/1226 
f 1298/1173/1226 1301/1168/1229 1810/1361/1738 
f 1298/1173/1226 1811/1410/1739 1485/1411/1413 
f 1485/1411/1413 1299/1174/1227 1298/1173/1226 
f 1485/1411/1413 1811/1410/1739 1704/1369/1632 
f 1704/1369/1632 1491/1370/1419 1485/1411/1413 
f 1704/1369/1632 1811/1410/1739 1810/1361/1738 
f 1810/1361/1738 1705/1364/1633 1704/1369/1632 
f 1200/1273/1128 1812/1271/1740 1555/154/1483 
f 1555/154/1483 8/103/8 1200/1273/1128 
f 1555/154/1483 1812/1271/1740 1189/1272/1117 
f 1189/1272/1117 1192/187/1120 1555/154/1483 
f 1189/1272/1117 1812/1271/1740 1715/1244/1643 
f 1715/1244/1643 1197/1246/1125 1189/1272/1117 
f 1715/1244/1643 1812/1271/1740 1200/1273/1128 
f 1200/1273/1128 1202/1245/1130 1715/1244/1643 
f 1783/1251/1711 1813/1248/1741 1814/1253/1742 
f 1814/1253/1742 1207/1254/1135 1783/1251/1711 
f 1814/1253/1742 1813/1248/1741 1641/1247/1569 
f 1641/1247/1569 1218/1255/1146 1814/1253/1742 
f 1641/1247/1569 1813/1248/1741 1719/1249/1647 
f 1719/1249/1647 1642/1250/1570 1641/1247/1569 
f 1719/1249/1647 1813/1248/1741 1783/1251/1711 
f 1783/1251/1711 1636/1252/1564 1719/1249/1647 
f 1650/1274/1578 1815/1275/1743 1559/171/1487 
f 1559/171/1487 44/172/44 1650/1274/1578 
f 1559/171/1487 1815/1275/1743 1752/1276/1680 
f 1752/1276/1680 36/174/36 1559/171/1487 
f 1752/1276/1680 1815/1275/1743 1722/1249/1650 
f 1722/1249/1650 1225/1252/1153 1752/1276/1680 
f 1722/1249/1650 1815/1275/1743 1650/1274/1578 
f 1650/1274/1578 1652/1250/1580 1722/1249/1650 
f 1816/1412/1744 1817/1413/1745 1818/1414/1746 
f 1818/1414/1746 1819/1415/1747 1816/1412/1744 
f 1818/1414/1746 1817/1413/1745 1820/1416/1748 
f 1820/1416/1748 1821/1417/1749 1818/1414/1746 
f 1820/1416/1748 1817/1413/1745 1822/1418/1750 
f 1822/1418/1750 1823/1419/739 1820/1416/1748 
f 1822/1418/1750 1817/1413/1745 1816/1412/1744 
f 1816/1412/1744 1824/1420/1751 1822/1418/1750 
f 1825/1421/1752 1826/1422/1753 1827/1423/1754 
f 1827/1423/1754 1828/1424/1755 1825/1421/1752 
f 1827/1423/1754 1826/1422/1753 1829/1425/1756 
f 1829/1425/1756 1830/1426/1757 1827/1423/1754 
f 1829/1425/1756 1826/1422/1753 1831/1427/1758 
f 1831/1427/1758 1832/1428/1759 1829/1425/1756 
f 1831/1427/1758 1826/1422/1753 1825/1421/1752 
f 1825/1421/1752 1823/1419/739 1831/1427/1758 
f 1820/1416/1748 1833/1429/1760 1834/1430/1761 
f 1834/1430/1761 1821/1417/1749 1820/1416/1748 
f 1834/1430/1761 1833/1429/1760 1835/1431/1762 
f 1835/1431/1762 1836/1432/1763 1834/1430/1761 
f 1835/1431/1762 1833/1429/1760 1820/1416/1748 
f 1820/1416/1748 1823/1419/739 1835/1431/1762 
f 1837/1433/1764 1838/1434/1765 1839/1435/1766 
f 1839/1435/1766 1840/1436/1767 1837/1433/1764 
f 1839/1435/1766 1838/1434/1765 1841/1437/1768 
f 1841/1437/1768 1842/1438/1769 1839/1435/1766 
f 1841/1437/1768 1838/1434/1765 1835/1431/1762 
f 1835/1431/1762 1823/1419/739 1841/1437/1768 
f 1835/1431/1762 1838/1434/1765 1837/1433/1764 
f 1837/1433/1764 1836/1432/1763 1835/1431/1762 
f 1843/1439/1770 1844/1440/1771 1829/1441/1756 
f 1829/1441/1756 1832/1442/1759 1843/1439/1770 
f 1829/1441/1756 1844/1440/1771 1845/1443/1772 
f 1845/1443/1772 1830/1443/1757 1829/1441/1756 
f 1845/1443/1772 1844/1440/1771 1846/1444/1773 
f 1846/1444/1773 1847/1443/1774 1845/1443/1772 
f 1846/1444/1773 1844/1440/1771 1843/1439/1770 
f 1843/1439/1770 1848/1445/1775 1846/1444/1773 
f 1841/1437/1768 1849/1446/1776 1850/1447/1777 
f 1850/1447/1777 1842/1438/1769 1841/1437/1768 
f 1850/1447/1777 1849/1446/1776 1851/1448/1778 
f 1851/1448/1778 1852/1449/1779 1850/1447/1777 
f 1851/1448/1778 1849/1446/1776 1825/1421/1752 
f 1825/1421/1752 1828/1424/1755 1851/1448/1778 
f 1825/1421/1752 1849/1446/1776 1841/1437/1768 
f 1841/1437/1768 1823/1419/739 1825/1421/1752 
f 1853/1450/1780 1854/1451/1781 1855/1452/1782 
f 1855/1452/1782 1856/1453/1783 1853/1450/1780 
f 1855/1452/1782 1854/1451/1781 1857/1454/1784 
f 1857/1454/1784 1858/1455/1785 1855/1452/1782 
f 1857/1454/1784 1854/1451/1781 1822/1418/1750 
f 1822/1418/1750 1824/1420/1751 1857/1454/1784 
f 1822/1418/1750 1854/1451/1781 1853/1450/1780 
f 1853/1450/1780 1823/1419/739 1822/1418/1750 
f 1859/1456/1786 1860/1457/1787 1861/1458/1788 
f 1861/1458/1788 1862/1459/1789 1859/1456/1786 
f 1861/1458/1788 1860/1457/1787 1863/1460/1790 
f 1863/1460/1790 1864/1461/1791 1861/1458/1788 
f 1863/1460/1790 1860/1457/1787 1831/1427/1758 
f 1831/1427/1758 1823/1419/739 1863/1460/1790 
f 1831/1427/1758 1860/1457/1787 1859/1456/1786 
f 1859/1456/1786 1832/1428/1759 1831/1427/1758 
f 1845/1462/1772 1865/1463/1792 1827/1464/1754 
f 1827/1464/1754 1830/1465/1757 1845/1462/1772 
f 1827/1464/1754 1865/1463/1792 1866/1466/1793 
f 1866/1466/1793 1828/1467/1755 1827/1464/1754 
f 1866/1466/1793 1865/1463/1792 1867/1468/1794 
f 1867/1468/1794 1868/1469/1795 1866/1466/1793 
f 1867/1468/1794 1865/1463/1792 1845/1462/1772 
f 1845/1462/1772 1847/1470/1774 1867/1468/1794 
f 1869/1471/1796 1870/1472/1797 1871/1473/1798 
f 1871/1473/1798 1872/1474/1799 1869/1471/1796 
f 1871/1473/1798 1870/1472/1797 1873/1475/1800 
f 1873/1475/1800 1874/1476/1801 1871/1473/1798 
f 1873/1475/1800 1870/1472/1797 1853/1450/1780 
f 1853/1450/1780 1856/1453/1783 1873/1475/1800 
f 1853/1450/1780 1870/1472/1797 1869/1471/1796 
f 1869/1471/1796 1823/1419/739 1853/1450/1780 
f 1863/1460/1790 1875/1477/1802 1876/1478/1803 
f 1876/1478/1803 1864/1461/1791 1863/1460/1790 
f 1876/1478/1803 1875/1477/1802 1877/1479/1804 
f 1877/1479/1804 1878/1480/1805 1876/1478/1803 
f 1877/1479/1804 1875/1477/1802 1863/1460/1790 
f 1863/1460/1790 1823/1419/739 1877/1479/1804 
f 1879/154/1806 1880/1235/1807 1846/1236/1773 
f 1846/1236/1773 1848/187/1775 1879/154/1806 
f 1846/1236/1773 1880/1235/1807 1881/171/1808 
f 1881/171/1808 1847/172/1774 1846/1236/1773 
f 1881/171/1808 1880/1235/1807 290/1237/290 
f 290/1237/290 291/174/291 1881/171/1808 
f 290/1237/290 1880/1235/1807 1879/154/1806 
f 1879/154/1806 285/103/285 290/1237/290 
f 1881/154/1808 1882/1235/1809 1867/1236/1794 
f 1867/1236/1794 1847/187/1774 1881/154/1808 
f 1867/1236/1794 1882/1235/1809 1883/171/1810 
f 1883/171/1810 1868/172/1795 1867/1236/1794 
f 1883/171/1810 1882/1235/1809 296/1237/296 
f 296/1237/296 297/174/297 1883/171/1810 
f 296/1237/296 1882/1235/1809 1881/154/1808 
f 1881/154/1808 291/103/291 296/1237/296 
f 1883/154/1810 1884/1235/1811 1885/1236/1812 
f 1885/1236/1812 1868/187/1795 1883/154/1810 
f 1885/1236/1812 1884/1235/1811 1886/171/1813 
f 1886/171/1813 1887/172/1814 1885/1236/1812 
f 1886/171/1813 1884/1235/1811 302/1237/302 
f 302/1237/302 303/174/303 1886/171/1813 
f 302/1237/302 1884/1235/1811 1883/154/1810 
f 1883/154/1810 297/103/297 302/1237/302 
f 1886/154/1813 1888/1235/1815 1889/1236/1816 
f 1889/1236/1816 1887/187/1814 1886/154/1813 
f 1889/1236/1816 1888/1235/1815 1890/171/1817 
f 1890/171/1817 1891/172/1818 1889/1236/1816 
f 1890/171/1817 1888/1235/1815 308/1237/308 
f 308/1237/308 309/174/309 1890/171/1817 
f 308/1237/308 1888/1235/1815 1886/154/1813 
f 1886/154/1813 303/103/303 308/1237/308 
f 1890/154/1817 1892/1235/1819 1893/1236/1820 
f 1893/1236/1820 1891/187/1818 1890/154/1817 
f 1893/1236/1820 1892/1235/1819 1894/171/1821 
f 1894/171/1821 1895/172/1822 1893/1236/1820 
f 1894/171/1821 1892/1235/1819 314/1237/314 
f 314/1237/314 315/174/315 1894/171/1821 
f 314/1237/314 1892/1235/1819 1890/154/1817 
f 1890/154/1817 309/103/309 314/1237/314 
f 1894/154/1821 1896/1235/1823 1897/1236/1824 
f 1897/1236/1824 1895/187/1822 1894/154/1821 
f 1897/1236/1824 1896/1235/1823 1898/171/1825 
f 1898/171/1825 1899/172/1826 1897/1236/1824 
f 1898/171/1825 1896/1235/1823 320/1237/320 
f 320/1237/320 321/174/321 1898/171/1825 
f 320/1237/320 1896/1235/1823 1894/154/1821 
f 1894/154/1821 315/103/315 320/1237/320 
f 1898/154/1825 1900/1235/1827 1901/1236/1828 
f 1901/1236/1828 1899/187/1826 1898/154/1825 
f 1901/1236/1828 1900/1235/1827 1902/171/1829 
f 1902/171/1829 1903/172/1830 1901/1236/1828 
f 1902/171/1829 1900/1235/1827 326/1237/326 
f 326/1237/326 327/174/327 1902/171/1829 
f 326/1237/326 1900/1235/1827 1898/154/1825 
f 1898/154/1825 321/103/321 326/1237/326 
f 1902/154/1829 1904/1235/1831 1905/1236/1832 
f 1905/1236/1832 1903/187/1830 1902/154/1829 
f 1905/1236/1832 1904/1235/1831 1906/171/1833 
f 1906/171/1833 1907/172/1834 1905/1236/1832 
f 1906/171/1833 1904/1235/1831 332/1237/332 
f 332/1237/332 333/174/333 1906/171/1833 
f 332/1237/332 1904/1235/1831 1902/154/1829 
f 1902/154/1829 327/103/327 332/1237/332 
f 1906/154/1833 1908/1235/1835 1909/1236/1836 
f 1909/1236/1836 1907/187/1834 1906/154/1833 
f 1909/1236/1836 1908/1235/1835 1910/171/1837 
f 1910/171/1837 1911/172/1838 1909/1236/1836 
f 1910/171/1837 1908/1235/1835 338/1237/338 
f 338/1237/338 339/174/339 1910/171/1837 
f 338/1237/338 1908/1235/1835 1906/154/1833 
f 1906/154/1833 333/103/333 338/1237/338 
f 1910/154/1837 1912/1235/1839 1913/1236/1840 
f 1913/1236/1840 1911/187/1838 1910/154/1837 
f 1913/1236/1840 1912/1235/1839 1914/171/1841 
f 1914/171/1841 1915/172/1842 1913/1236/1840 
f 1914/171/1841 1912/1235/1839 344/1237/344 
f 344/1237/344 345/174/345 1914/171/1841 
f 344/1237/344 1912/1235/1839 1910/154/1837 
f 1910/154/1837 339/103/339 344/1237/344 
f 1914/154/1841 1916/1235/1843 1917/1236/1844 
f 1917/1236/1844 1915/187/1842 1914/154/1841 
f 1917/1236/1844 1916/1235/1843 1918/171/1845 
f 1918/171/1845 1919/172/1846 1917/1236/1844 
f 1918/171/1845 1916/1235/1843 350/1237/350 
f 350/1237/350 351/174/351 1918/171/1845 
f 350/1237/350 1916/1235/1843 1914/154/1841 
f 1914/154/1841 345/103/345 350/1237/350 
f 1918/154/1845 1920/1235/1847 1921/1236/1848 
f 1921/1236/1848 1919/187/1846 1918/154/1845 
f 1921/1236/1848 1920/1235/1847 1922/171/1849 
f 1922/171/1849 1923/172/1850 1921/1236/1848 
f 1922/171/1849 1920/1235/1847 356/1237/356 
f 356/1237/356 357/174/357 1922/171/1849 
f 356/1237/356 1920/1235/1847 1918/154/1845 
f 1918/154/1845 351/103/351 356/1237/356 
f 1922/154/1849 1924/1235/1851 1925/1236/1852 
f 1925/1236/1852 1923/187/1850 1922/154/1849 
f 1925/1236/1852 1924/1235/1851 1926/171/1853 
f 1926/171/1853 1927/172/1854 1925/1236/1852 
f 1926/171/1853 1924/1235/1851 362/1237/362 
f 362/1237/362 363/174/363 1926/171/1853 
f 362/1237/362 1924/1235/1851 1922/154/1849 
f 1922/154/1849 357/103/357 362/1237/362 
f 1926/154/1853 1928/1235/1855 1929/1236/1856 
f 1929/1236/1856 1927/187/1854 1926/154/1853 
f 1929/1236/1856 1928/1235/1855 1930/171/1857 
f 1930/171/1857 1931/172/1858 1929/1236/1856 
f 1930/171/1857 1928/1235/1855 368/1237/368 
f 368/1237/368 369/174/369 1930/171/1857 
f 368/1237/368 1928/1235/1855 1926/154/1853 
f 1926/154/1853 363/103/363 368/1237/368 
f 1930/154/1857 1932/1235/1859 1933/1236/1860 
f 1933/1236/1860 1931/187/1858 1930/154/1857 
f 1933/1236/1860 1932/1235/1859 1934/171/1861 
f 1934/171/1861 1935/172/1862 1933/1236/1860 
f 1934/171/1861 1932/1235/1859 374/1237/374 
f 374/1237/374 375/174/375 1934/171/1861 
f 374/1237/374 1932/1235/1859 1930/154/1857 
f 1930/154/1857 369/103/369 374/1237/374 
f 1934/154/1861 1936/1235/1863 1937/1236/1864 
f 1937/1236/1864 1935/187/1862 1934/154/1861 
f 1937/1236/1864 1936/1235/1863 1938/171/1865 
f 1938/171/1865 1939/172/1866 1937/1236/1864 
f 1938/171/1865 1936/1235/1863 378/1237/378 
f 378/1237/378 278/174/278 1938/171/1865 
f 378/1237/378 1936/1235/1863 1934/154/1861 
f 1934/154/1861 375/103/375 378/1237/378 
f 1938/154/1865 1940/1235/1867 1941/1236/1868 
f 1941/1236/1868 1939/187/1866 1938/154/1865 
f 1941/1236/1868 1940/1235/1867 1942/171/1869 
f 1942/171/1869 1943/172/1870 1941/1236/1868 
f 1942/171/1869 1940/1235/1867 277/1237/277 
f 277/1237/277 279/174/279 1942/171/1869 
f 277/1237/277 1940/1235/1867 1938/154/1865 
f 1938/154/1865 278/103/278 277/1237/277 
f 1942/154/1869 1944/1235/1871 1945/1236/1872 
f 1945/1236/1872 1943/187/1870 1942/154/1869 
f 1945/1236/1872 1944/1235/1871 1879/171/1806 
f 1879/171/1806 1848/172/1775 1945/1236/1872 
f 1879/171/1806 1944/1235/1871 284/1237/284 
f 284/1237/284 285/174/285 1879/171/1806 
f 284/1237/284 1944/1235/1871 1942/154/1869 
f 1942/154/1869 279/103/279 284/1237/284 
f 1866/154/1793 1946/1235/1873 1851/1236/1778 
f 1851/1236/1778 1828/187/1755 1866/154/1793 
f 1851/1236/1778 1946/1235/1873 1947/171/1874 
f 1947/171/1874 1852/172/1779 1851/1236/1778 
f 1947/171/1874 1946/1235/1873 1885/1237/1812 
f 1885/1237/1812 1887/174/1814 1947/171/1874 
f 1885/1237/1812 1946/1235/1873 1866/154/1793 
f 1866/154/1793 1868/103/1795 1885/1237/1812 
f 1947/154/1874 1948/1235/1875 1850/1236/1777 
f 1850/1236/1777 1852/187/1779 1947/154/1874 
f 1850/1236/1777 1948/1235/1875 1949/171/1876 
f 1949/171/1876 1842/172/1769 1850/1236/1777 
f 1949/171/1876 1948/1235/1875 1889/1237/1816 
f 1889/1237/1816 1891/174/1818 1949/171/1876 
f 1889/1237/1816 1948/1235/1875 1947/154/1874 
f 1947/154/1874 1887/103/1814 1889/1237/1816 
f 1949/154/1876 1950/1235/1877 1839/1236/1766 
f 1839/1236/1766 1842/187/1769 1949/154/1876 
f 1839/1236/1766 1950/1235/1877 1951/171/1878 
f 1951/171/1878 1840/172/1767 1839/1236/1766 
f 1951/171/1878 1950/1235/1877 1893/1237/1820 
f 1893/1237/1820 1895/174/1822 1951/171/1878 
f 1893/1237/1820 1950/1235/1877 1949/154/1876 
f 1949/154/1876 1891/103/1818 1893/1237/1820 
f 1951/154/1878 1952/1235/1879 1837/1236/1764 
f 1837/1236/1764 1840/187/1767 1951/154/1878 
f 1837/1236/1764 1952/1235/1879 1953/171/1880 
f 1953/171/1880 1836/172/1763 1837/1236/1764 
f 1953/171/1880 1952/1235/1879 1897/1237/1824 
f 1897/1237/1824 1899/174/1826 1953/171/1880 
f 1897/1237/1824 1952/1235/1879 1951/154/1878 
f 1951/154/1878 1895/103/1822 1897/1237/1824 
f 1953/154/1880 1954/1235/1881 1834/1236/1761 
f 1834/1236/1761 1836/187/1763 1953/154/1880 
f 1834/1236/1761 1954/1235/1881 1955/171/1882 
f 1955/171/1882 1821/172/1749 1834/1236/1761 
f 1955/171/1882 1954/1235/1881 1901/1237/1828 
f 1901/1237/1828 1903/174/1830 1955/171/1882 
f 1901/1237/1828 1954/1235/1881 1953/154/1880 
f 1953/154/1880 1899/103/1826 1901/1237/1828 
f 1955/154/1882 1956/1235/1883 1818/1236/1746 
f 1818/1236/1746 1821/187/1749 1955/154/1882 
f 1818/1236/1746 1956/1235/1883 1957/171/1884 
f 1957/171/1884 1819/172/1747 1818/1236/1746 
f 1957/171/1884 1956/1235/1883 1905/1237/1832 
f 1905/1237/1832 1907/174/1834 1957/171/1884 
f 1905/1237/1832 1956/1235/1883 1955/154/1882 
f 1955/154/1882 1903/103/1830 1905/1237/1832 
f 1957/154/1884 1958/1235/1885 1816/1236/1744 
f 1816/1236/1744 1819/187/1747 1957/154/1884 
f 1816/1236/1744 1958/1235/1885 1959/171/1886 
f 1959/171/1886 1824/172/1751 1816/1236/1744 
f 1959/171/1886 1958/1235/1885 1909/1237/1836 
f 1909/1237/1836 1911/174/1838 1959/171/1886 
f 1909/1237/1836 1958/1235/1885 1957/154/1884 
f 1957/154/1884 1907/103/1834 1909/1237/1836 
f 1959/154/1886 1960/1235/1887 1857/1236/1784 
f 1857/1236/1784 1824/187/1751 1959/154/1886 
f 1857/1236/1784 1960/1235/1887 1961/171/1888 
f 1961/171/1888 1858/172/1785 1857/1236/1784 
f 1961/171/1888 1960/1235/1887 1913/1237/1840 
f 1913/1237/1840 1915/174/1842 1961/171/1888 
f 1913/1237/1840 1960/1235/1887 1959/154/1886 
f 1959/154/1886 1911/103/1838 1913/1237/1840 
f 1961/154/1888 1962/1235/1889 1855/1236/1782 
f 1855/1236/1782 1858/187/1785 1961/154/1888 
f 1855/1236/1782 1962/1235/1889 1963/171/1890 
f 1963/171/1890 1856/172/1783 1855/1236/1782 
f 1963/171/1890 1962/1235/1889 1917/1237/1844 
f 1917/1237/1844 1919/174/1846 1963/171/1890 
f 1917/1237/1844 1962/1235/1889 1961/154/1888 
f 1961/154/1888 1915/103/1842 1917/1237/1844 
f 1963/154/1890 1964/1235/1891 1873/1236/1800 
f 1873/1236/1800 1856/187/1783 1963/154/1890 
f 1873/1236/1800 1964/1235/1891 1965/171/1892 
f 1965/171/1892 1874/172/1801 1873/1236/1800 
f 1965/171/1892 1964/1235/1891 1921/1237/1848 
f 1921/1237/1848 1923/174/1850 1965/171/1892 
f 1921/1237/1848 1964/1235/1891 1963/154/1890 
f 1963/154/1890 1919/103/1846 1921/1237/1848 
f 1965/154/1892 1966/1235/1893 1871/1236/1798 
f 1871/1236/1798 1874/187/1801 1965/154/1892 
f 1871/1236/1798 1966/1235/1893 1967/171/1894 
f 1967/171/1894 1872/172/1799 1871/1236/1798 
f 1967/171/1894 1966/1235/1893 1925/1237/1852 
f 1925/1237/1852 1927/174/1854 1967/171/1894 
f 1925/1237/1852 1966/1235/1893 1965/154/1892 
f 1965/154/1892 1923/103/1850 1925/1237/1852 
f 1967/154/1894 1968/1235/1895 1969/1236/1896 
f 1969/1236/1896 1872/187/1799 1967/154/1894 
f 1969/1236/1896 1968/1235/1895 1970/171/1897 
f 1970/171/1897 1971/172/1898 1969/1236/1896 
f 1970/171/1897 1968/1235/1895 1929/1237/1856 
f 1929/1237/1856 1931/174/1858 1970/171/1897 
f 1929/1237/1856 1968/1235/1895 1967/154/1894 
f 1967/154/1894 1927/103/1854 1929/1237/1856 
f 1970/154/1897 1972/1235/1899 1973/1236/1900 
f 1973/1236/1900 1971/187/1898 1970/154/1897 
f 1973/1236/1900 1972/1235/1899 1974/171/1901 
f 1974/171/1901 1878/172/1805 1973/1236/1900 
f 1974/171/1901 1972/1235/1899 1933/1237/1860 
f 1933/1237/1860 1935/174/1862 1974/171/1901 
f 1933/1237/1860 1972/1235/1899 1970/154/1897 
f 1970/154/1897 1931/103/1858 1933/1237/1860 
f 1974/154/1901 1975/1235/1902 1876/1236/1803 
f 1876/1236/1803 1878/187/1805 1974/154/1901 
f 1876/1236/1803 1975/1235/1902 1976/171/1903 
f 1976/171/1903 1864/172/1791 1876/1236/1803 
f 1976/171/1903 1975/1235/1902 1937/1237/1864 
f 1937/1237/1864 1939/174/1866 1976/171/1903 
f 1937/1237/1864 1975/1235/1902 1974/154/1901 
f 1974/154/1901 1935/103/1862 1937/1237/1864 
f 1976/154/1903 1977/1235/1904 1861/1236/1788 
f 1861/1236/1788 1864/187/1791 1976/154/1903 
f 1861/1236/1788 1977/1235/1904 1978/171/1905 
f 1978/171/1905 1862/172/1789 1861/1236/1788 
f 1978/171/1905 1977/1235/1904 1941/1237/1868 
f 1941/1237/1868 1943/174/1870 1978/171/1905 
f 1941/1237/1868 1977/1235/1904 1976/154/1903 
f 1976/154/1903 1939/103/1866 1941/1237/1868 
f 1978/154/1905 1979/1235/1906 1859/1236/1786 
f 1859/1236/1786 1862/187/1789 1978/154/1905 
f 1859/1236/1786 1979/1235/1906 1843/171/1770 
f 1843/171/1770 1832/172/1759 1859/1236/1786 
f 1843/171/1770 1979/1235/1906 1945/1237/1872 
f 1945/1237/1872 1848/174/1775 1843/171/1770 
f 1945/1237/1872 1979/1235/1906 1978/154/1905 
f 1978/154/1905 1943/103/1870 1945/1237/1872 
f 1973/1481/1900 1980/1482/1907 1969/1483/1896 
f 1969/1483/1896 1971/1484/1898 1973/1481/1900 
f 1969/1483/1896 1980/1482/1907 1869/1471/1796 
f 1869/1471/1796 1872/1474/1799 1969/1483/1896 
f 1869/1471/1796 1980/1482/1907 1877/1479/1804 
f 1877/1479/1804 1823/1419/739 1869/1471/1796 
f 1877/1479/1804 1980/1482/1907 1973/1481/1900 
f 1973/1481/1900 1878/1480/1805 1877/1479/1804 
f 1981/154/1908 1982/1235/1909 1983/1236/1910 
f 1983/1236/1910 1984/187/1911 1981/154/1908 
f 1983/1236/1910 1982/1235/1909 1985/171/1912 
f 1985/171/1912 1986/172/1913 1983/1236/1910 
f 1985/171/1912 1982/1235/1909 1987/1237/1914 
f 1987/1237/1914 1988/174/1915 1985/171/1912 
f 1987/1237/1914 1982/1235/1909 1981/154/1908 
f 1981/154/1908 1989/103/1916 1987/1237/1914 
f 1985/154/1912 1990/1235/1917 1991/1236/1918 
f 1991/1236/1918 1986/187/1913 1985/154/1912 
f 1991/1236/1918 1990/1235/1917 1992/171/1919 
f 1992/171/1919 1993/172/1920 1991/1236/1918 
f 1992/171/1919 1990/1235/1917 1994/1237/1921 
f 1994/1237/1921 1995/174/1922 1992/171/1919 
f 1994/1237/1921 1990/1235/1917 1985/154/1912 
f 1985/154/1912 1988/103/1915 1994/1237/1921 
f 1992/154/1919 1996/1235/1923 1997/1236/1924 
f 1997/1236/1924 1993/187/1920 1992/154/1919 
f 1997/1236/1924 1996/1235/1923 1998/171/1925 
f 1998/171/1925 1999/172/1926 1997/1236/1924 
f 1998/171/1925 1996/1235/1923 2000/1237/1927 
f 2000/1237/1927 2001/174/1928 1998/171/1925 
f 2000/1237/1927 1996/1235/1923 1992/154/1919 
f 1992/154/1919 1995/103/1922 2000/1237/1927 
f 1998/154/1925 2002/1235/1929 2003/1236/1930 
f 2003/1236/1930 1999/187/1926 1998/154/1925 
f 2003/1236/1930 2002/1235/1929 2004/171/1931 
f 2004/171/1931 2005/172/1932 2003/1236/1930 
f 2004/171/1931 2002/1235/1929 2006/1237/1933 
f 2006/1237/1933 2007/174/1934 2004/171/1931 
f 2006/1237/1933 2002/1235/1929 1998/154/1925 
f 1998/154/1925 2001/103/1928 2006/1237/1933 
f 2004/154/1931 2008/1235/1935 2009/1236/1936 
f 2009/1236/1936 2005/187/1932 2004/154/1931 
f 2009/1236/1936 2008/1235/1935 2010/171/1937 
f 2010/171/1937 2011/172/1938 2009/1236/1936 
f 2010/171/1937 2008/1235/1935 2012/1237/1939 
f 2012/1237/1939 2013/174/1940 2010/171/1937 
f 2012/1237/1939 2008/1235/1935 2004/154/1931 
f 2004/154/1931 2007/103/1934 2012/1237/1939 
f 2010/154/1937 2014/1235/1941 2015/1236/1942 
f 2015/1236/1942 2011/187/1938 2010/154/1937 
f 2015/1236/1942 2014/1235/1941 2016/171/1943 
f 2016/171/1943 2017/172/1944 2015/1236/1942 
f 2016/171/1943 2014/1235/1941 2018/1237/1945 
f 2018/1237/1945 2019/174/1946 2016/171/1943 
f 2018/1237/1945 2014/1235/1941 2010/154/1937 
f 2010/154/1937 2013/103/1940 2018/1237/1945 
f 2016/154/1943 2020/1235/1947 2021/1236/1948 
f 2021/1236/1948 2017/187/1944 2016/154/1943 
f 2021/1236/1948 2020/1235/1947 2022/171/1949 
f 2022/171/1949 2023/172/1950 2021/1236/1948 
f 2022/171/1949 2020/1235/1947 2024/1237/1951 
f 2024/1237/1951 2025/174/1952 2022/171/1949 
f 2024/1237/1951 2020/1235/1947 2016/154/1943 
f 2016/154/1943 2019/103/1946 2024/1237/1951 
f 2022/154/1949 2026/1235/1953 2027/1236/1954 
f 2027/1236/1954 2023/187/1950 2022/154/1949 
f 2027/1236/1954 2026/1235/1953 2028/171/1955 
f 2028/171/1955 2029/172/1956 2027/1236/1954 
f 2028/171/1955 2026/1235/1953 2030/1237/1957 
f 2030/1237/1957 2031/174/1958 2028/171/1955 
f 2030/1237/1957 2026/1235/1953 2022/154/1949 
f 2022/154/1949 2025/103/1952 2030/1237/1957 
f 2028/154/1955 2032/1235/1959 2033/1236/1960 
f 2033/1236/1960 2029/187/1956 2028/154/1955 
f 2033/1236/1960 2032/1235/1959 2034/171/1961 
f 2034/171/1961 2035/172/1962 2033/1236/1960 
f 2034/171/1961 2032/1235/1959 2036/1237/1963 
f 2036/1237/1963 2037/174/1964 2034/171/1961 
f 2036/1237/1963 2032/1235/1959 2028/154/1955 
f 2028/154/1955 2031/103/1958 2036/1237/1963 
f 2034/154/1961 2038/1235/1965 2039/1236/1966 
f 2039/1236/1966 2035/187/1962 2034/154/1961 
f 2039/1236/1966 2038/1235/1965 2040/171/1967 
f 2040/171/1967 2041/172/1968 2039/1236/1966 
f 2040/171/1967 2038/1235/1965 2042/1237/1969 
f 2042/1237/1969 2043/174/1970 2040/171/1967 
f 2042/1237/1969 2038/1235/1965 2034/154/1961 
f 2034/154/1961 2037/103/1964 2042/1237/1969 
f 2040/154/1967 2044/1235/1971 2045/1236/1972 
f 2045/1236/1972 2041/187/1968 2040/154/1967 
f 2045/1236/1972 2044/1235/1971 2046/171/1973 
f 2046/171/1973 2047/172/1974 2045/1236/1972 
f 2046/171/1973 2044/1235/1971 2048/1237/1975 
f 2048/1237/1975 2049/174/1976 2046/171/1973 
f 2048/1237/1975 2044/1235/1971 2040/154/1967 
f 2040/154/1967 2043/103/1970 2048/1237/1975 
f 2050/154/1977 2051/1235/1978 2052/1236/1979 
f 2052/1236/1979 2049/187/1976 2050/154/1977 
f 2052/1236/1979 2051/1235/1978 2053/171/1980 
f 2053/171/1980 2054/172/1981 2052/1236/1979 
f 2053/171/1980 2051/1235/1978 241/1237/241 
f 241/1237/241 244/174/244 2053/171/1980 
f 241/1237/241 2051/1235/1978 2050/154/1977 
f 2050/154/1977 246/103/246 241/1237/241 
f 2053/154/1980 2055/1235/1982 2056/1236/1983 
f 2056/1236/1983 2054/187/1981 2053/154/1980 
f 2056/1236/1983 2055/1235/1982 2057/171/1984 
f 2057/171/1984 2058/172/1985 2056/1236/1983 
f 2057/171/1984 2055/1235/1982 2059/1237/1986 
f 2059/1237/1986 2060/174/1987 2057/171/1984 
f 2059/1237/1986 2055/1235/1982 2053/154/1980 
f 2053/154/1980 244/103/244 2059/1237/1986 
f 2057/154/1984 2061/1235/1988 2062/1236/1989 
f 2062/1236/1989 2058/187/1985 2057/154/1984 
f 2062/1236/1989 2061/1235/1988 2063/171/1990 
f 2063/171/1990 2064/172/1991 2062/1236/1989 
f 2063/171/1990 2061/1235/1988 2065/1237/1992 
f 2065/1237/1992 219/174/219 2063/171/1990 
f 2065/1237/1992 2061/1235/1988 2057/154/1984 
f 2057/154/1984 2060/103/1987 2065/1237/1992 
f 2063/154/1990 2066/1235/1993 2067/1236/1994 
f 2067/1236/1994 2064/187/1991 2063/154/1990 
f 2067/1236/1994 2066/1235/1993 2068/171/1995 
f 2068/171/1995 2069/172/1996 2067/1236/1994 
f 2068/171/1995 2066/1235/1993 218/1237/218 
f 218/1237/218 221/174/221 2068/171/1995 
f 218/1237/218 2066/1235/1993 2063/154/1990 
f 2063/154/1990 219/103/219 218/1237/218 
f 2068/154/1995 2070/1235/1997 2071/1236/1998 
f 2071/1236/1998 2069/187/1996 2068/154/1995 
f 2071/1236/1998 2070/1235/1997 2072/171/1999 
f 2072/171/1999 2073/172/2000 2071/1236/1998 
f 2072/171/1999 2070/1235/1997 2074/1237/2001 
f 2074/1237/2001 197/174/197 2072/171/1999 
f 2074/1237/2001 2070/1235/1997 2068/154/1995 
f 2068/154/1995 221/103/221 2074/1237/2001 
f 2072/154/1999 2075/1235/2002 2076/1236/2003 
f 2076/1236/2003 2073/187/2000 2072/154/1999 
f 2076/1236/2003 2075/1235/2002 2077/171/2004 
f 2077/171/2004 2078/172/2005 2076/1236/2003 
f 2077/171/2004 2075/1235/2002 196/1237/196 
f 196/1237/196 191/174/191 2077/171/2004 
f 196/1237/196 2075/1235/2002 2072/154/1999 
f 2072/154/1999 197/103/197 196/1237/196 
f 2077/154/2004 2079/1235/2006 2080/1236/2007 
f 2080/1236/2007 2078/187/2005 2077/154/2004 
f 2080/1236/2007 2079/1235/2006 2081/171/2008 
f 2081/171/2008 1989/172/1916 2080/1236/2007 
f 2081/171/2008 2079/1235/2006 190/1237/190 
f 190/1237/190 183/174/183 2081/171/2008 
f 190/1237/190 2079/1235/2006 2077/154/2004 
f 2077/154/2004 191/103/191 190/1237/190 
f 2081/154/2008 2082/1235/2009 1987/1236/1914 
f 1987/1236/1914 1989/187/1916 2081/154/2008 
f 1987/1236/1914 2082/1235/2009 2083/171/2010 
f 2083/171/2010 1988/172/1915 1987/1236/1914 
f 2083/171/2010 2082/1235/2009 175/1237/175 
f 175/1237/175 178/174/178 2083/171/2010 
f 175/1237/175 2082/1235/2009 2081/154/2008 
f 2081/154/2008 183/103/183 175/1237/175 
f 2083/154/2010 2084/1235/2011 1994/1236/1921 
f 1994/1236/1921 1988/187/1915 2083/154/2010 
f 1994/1236/1921 2084/1235/2011 2085/171/2012 
f 2085/171/2012 1995/172/1922 1994/1236/1921 
f 2085/171/2012 2084/1235/2011 1355/1237/1283 
f 1355/1237/1283 1347/174/1275 2085/171/2012 
f 1355/1237/1283 2084/1235/2011 2083/154/2010 
f 2083/154/2010 178/103/178 1355/1237/1283 
f 2085/154/2012 2086/1235/2013 2000/1236/1927 
f 2000/1236/1927 1995/187/1922 2085/154/2012 
f 2000/1236/1927 2086/1235/2013 2087/171/2014 
f 2087/171/2014 2001/172/1928 2000/1236/1927 
f 2087/171/2014 2086/1235/2013 1346/1237/1274 
f 1346/1237/1274 159/174/159 2087/171/2014 
f 1346/1237/1274 2086/1235/2013 2085/154/2012 
f 2085/154/2012 1347/103/1275 1346/1237/1274 
f 2087/154/2014 2088/1235/2015 2006/1236/1933 
f 2006/1236/1933 2001/187/1928 2087/154/2014 
f 2006/1236/1933 2088/1235/2015 2089/171/2016 
f 2089/171/2016 2007/172/1934 2006/1236/1933 
f 2089/171/2016 2088/1235/2015 158/1237/158 
f 158/1237/158 160/174/160 2089/171/2016 
f 158/1237/158 2088/1235/2015 2087/154/2014 
f 2087/154/2014 159/103/159 158/1237/158 
f 2089/154/2016 2090/1235/2017 2012/1236/1939 
f 2012/1236/1939 2007/187/1934 2089/154/2016 
f 2012/1236/1939 2090/1235/2017 2091/171/2018 
f 2091/171/2018 2013/172/1940 2012/1236/1939 
f 2091/171/2018 2090/1235/2017 1339/1237/1267 
f 1339/1237/1267 206/174/206 2091/171/2018 
f 1339/1237/1267 2090/1235/2017 2089/154/2016 
f 2089/154/2016 160/103/160 1339/1237/1267 
f 2091/154/2018 2092/1235/2019 2018/1236/1945 
f 2018/1236/1945 2013/187/1940 2091/154/2018 
f 2018/1236/1945 2092/1235/2019 2093/171/2020 
f 2093/171/2020 2019/172/1946 2018/1236/1945 
f 2093/171/2020 2092/1235/2019 200/1237/200 
f 200/1237/200 203/174/203 2093/171/2020 
f 200/1237/200 2092/1235/2019 2091/154/2018 
f 2091/154/2018 206/103/206 200/1237/200 
f 2093/154/2020 2094/1235/2021 2024/1236/1951 
f 2024/1236/1951 2019/187/1946 2093/154/2020 
f 2024/1236/1951 2094/1235/2021 2095/171/2022 
f 2095/171/2022 2025/172/1952 2024/1236/1951 
f 2095/171/2022 2094/1235/2021 1335/1237/1263 
f 1335/1237/1263 133/174/133 2095/171/2022 
f 1335/1237/1263 2094/1235/2021 2093/154/2020 
f 2093/154/2020 203/103/203 1335/1237/1263 
f 2095/154/2022 2096/1235/2023 2030/1236/1957 
f 2030/1236/1957 2025/187/1952 2095/154/2022 
f 2030/1236/1957 2096/1235/2023 2097/171/2024 
f 2097/171/2024 2031/172/1958 2030/1236/1957 
f 2097/171/2024 2096/1235/2023 127/1237/127 
f 127/1237/127 130/174/130 2097/171/2024 
f 127/1237/127 2096/1235/2023 2095/154/2022 
f 2095/154/2022 133/103/133 127/1237/127 
f 2097/154/2024 2098/1235/2025 2036/1236/1963 
f 2036/1236/1963 2031/187/1958 2097/154/2024 
f 2036/1236/1963 2098/1235/2025 2099/171/2026 
f 2099/171/2026 2037/172/1964 2036/1236/1963 
f 2099/171/2026 2098/1235/2025 1382/1237/1310 
f 1382/1237/1310 261/174/261 2099/171/2026 
f 1382/1237/1310 2098/1235/2025 2097/154/2024 
f 2097/154/2024 130/103/130 1382/1237/1310 
f 2099/154/2026 2100/1235/2027 2042/1236/1969 
f 2042/1236/1969 2037/187/1964 2099/154/2026 
f 2042/1236/1969 2100/1235/2027 2101/171/2028 
f 2101/171/2028 2043/172/1970 2042/1236/1969 
f 2101/171/2028 2100/1235/2027 256/1237/256 
f 256/1237/256 259/174/259 2101/171/2028 
f 256/1237/256 2100/1235/2027 2099/154/2026 
f 2099/154/2026 261/103/261 256/1237/256 
f 2101/154/2028 2102/1235/2029 2048/1236/1975 
f 2048/1236/1975 2043/187/1970 2101/154/2028 
f 2048/1236/1975 2102/1235/2029 2050/171/1977 
f 2050/171/1977 2049/172/1976 2048/1236/1975 
f 2050/171/1977 2102/1235/2029 1375/1237/1303 
f 1375/1237/1303 246/174/246 2050/171/1977 
f 1375/1237/1303 2102/1235/2029 2101/154/2028 
f 2101/154/2028 259/103/259 1375/1237/1303 
f 2046/154/1973 2103/1235/2030 2104/1236/2031 
f 2104/1236/2031 2047/187/1974 2046/154/1973 
f 2104/1236/2031 2103/1235/2030 2105/171/2032 
f 2105/171/2032 2106/172/2033 2104/1236/2031 
f 2105/171/2032 2103/1235/2030 2052/1237/1979 
f 2052/1237/1979 2054/174/1981 2105/171/2032 
f 2052/1237/1979 2103/1235/2030 2046/154/1973 
f 2046/154/1973 2049/103/1976 2052/1237/1979 
f 2105/154/2032 2107/1235/2034 2108/1236/2035 
f 2108/1236/2035 2106/187/2033 2105/154/2032 
f 2108/1236/2035 2107/1235/2034 2109/171/2036 
f 2109/171/2036 2110/172/2037 2108/1236/2035 
f 2109/171/2036 2107/1235/2034 2056/1237/1983 
f 2056/1237/1983 2058/174/1985 2109/171/2036 
f 2056/1237/1983 2107/1235/2034 2105/154/2032 
f 2105/154/2032 2054/103/1981 2056/1237/1983 
f 2109/154/2036 2111/1235/2038 2112/1236/2039 
f 2112/1236/2039 2110/187/2037 2109/154/2036 
f 2112/1236/2039 2111/1235/2038 2113/171/2040 
f 2113/171/2040 2114/172/2041 2112/1236/2039 
f 2113/171/2040 2111/1235/2038 2062/1237/1989 
f 2062/1237/1989 2064/174/1991 2113/171/2040 
f 2062/1237/1989 2111/1235/2038 2109/154/2036 
f 2109/154/2036 2058/103/1985 2062/1237/1989 
f 2113/154/2040 2115/1235/2042 2116/1236/2043 
f 2116/1236/2043 2114/187/2041 2113/154/2040 
f 2116/1236/2043 2115/1235/2042 2117/171/2044 
f 2117/171/2044 2118/172/2045 2116/1236/2043 
f 2117/171/2044 2115/1235/2042 2067/1237/1994 
f 2067/1237/1994 2069/174/1996 2117/171/2044 
f 2067/1237/1994 2115/1235/2042 2113/154/2040 
f 2113/154/2040 2064/103/1991 2067/1237/1994 
f 2117/154/2044 2119/1235/2046 2120/1236/2047 
f 2120/1236/2047 2118/187/2045 2117/154/2044 
f 2120/1236/2047 2119/1235/2046 2121/171/2048 
f 2121/171/2048 2122/172/2049 2120/1236/2047 
f 2121/171/2048 2119/1235/2046 2071/1237/1998 
f 2071/1237/1998 2073/174/2000 2121/171/2048 
f 2071/1237/1998 2119/1235/2046 2117/154/2044 
f 2117/154/2044 2069/103/1996 2071/1237/1998 
f 2121/154/2048 2123/1235/2050 2124/1236/2051 
f 2124/1236/2051 2122/187/2049 2121/154/2048 
f 2124/1236/2051 2123/1235/2050 2125/171/2052 
f 2125/171/2052 2126/172/2053 2124/1236/2051 
f 2125/171/2052 2123/1235/2050 2076/1237/2003 
f 2076/1237/2003 2078/174/2005 2125/171/2052 
f 2076/1237/2003 2123/1235/2050 2121/154/2048 
f 2121/154/2048 2073/103/2000 2076/1237/2003 
f 2125/154/2052 2127/1235/2054 2128/1236/2055 
f 2128/1236/2055 2126/187/2053 2125/154/2052 
f 2128/1236/2055 2127/1235/2054 1981/171/1908 
f 1981/171/1908 1984/172/1911 2128/1236/2055 
f 1981/171/1908 2127/1235/2054 2080/1237/2007 
f 2080/1237/2007 1989/174/1916 1981/171/1908 
f 2080/1237/2007 2127/1235/2054 2125/154/2052 
f 2125/154/2052 2078/103/2005 2080/1237/2007 
f 2116/1485/2043 2129/1486/2056 2112/1487/2039 
f 2112/1487/2039 2114/1488/2041 2116/1485/2043 
f 2112/1487/2039 2129/1486/2056 2130/1489/2057 
f 2130/1489/2057 2110/1490/2037 2112/1487/2039 
f 2130/1489/2057 2129/1486/2056 2131/1491/2058 
f 2131/1491/2058 2132/1492/2059 2130/1489/2057 
f 2131/1491/2058 2129/1486/2056 2116/1485/2043 
f 2116/1485/2043 2118/1493/2045 2131/1491/2058 
f 2027/1494/1954 2133/1495/2060 2021/1496/1948 
f 2021/1496/1948 2023/1497/1950 2027/1494/1954 
f 2021/1496/1948 2133/1495/2060 2134/1498/2061 
f 2134/1498/2061 2017/1499/1944 2021/1496/1948 
f 2134/1498/2061 2133/1495/2060 2135/1500/202 
f 2135/1500/202 2132/1501/2059 2134/1498/2061 
f 2135/1500/202 2133/1495/2060 2027/1494/1954 
f 2027/1494/1954 2029/1236/1956 2135/1500/202 
f 2134/1498/2061 2136/1502/2062 2015/1503/1942 
f 2015/1503/1942 2017/1499/1944 2134/1498/2061 
f 2015/1503/1942 2136/1502/2062 2009/1504/1936 
f 2009/1504/1936 2011/1505/1938 2015/1503/1942 
f 2009/1504/1936 2136/1502/2062 2137/1506/2063 
f 2137/1506/2063 2005/1507/1932 2009/1504/1936 
f 2137/1506/2063 2136/1502/2062 2134/1498/2061 
f 2134/1498/2061 2132/1501/2059 2137/1506/2063 
f 2138/1508/2064 2139/1509/2065 2039/1510/1966 
f 2039/1510/1966 2041/1511/1968 2138/1508/2064 
f 2039/1510/1966 2139/1509/2065 2033/1512/1960 
f 2033/1512/1960 2035/1513/1962 2039/1510/1966 
f 2033/1512/1960 2139/1509/2065 2135/1500/202 
f 2135/1500/202 2029/1236/1956 2033/1512/1960 
f 2135/1500/202 2139/1509/2065 2138/1508/2064 
f 2138/1508/2064 2132/1501/2059 2135/1500/202 
f 2140/1514/2066 2141/1515/2067 2124/1516/2051 
f 2124/1516/2051 2126/1237/2053 2140/1514/2066 
f 2124/1516/2051 2141/1515/2067 2120/1517/2047 
f 2120/1517/2047 2122/1518/2049 2124/1516/2051 
f 2120/1517/2047 2141/1515/2067 2131/1491/2058 
f 2131/1491/2058 2118/1493/2045 2120/1517/2047 
f 2131/1491/2058 2141/1515/2067 2140/1514/2066 
f 2140/1514/2066 2132/1492/2059 2131/1491/2058 
f 2130/1489/2057 2142/1519/2068 2108/154/2035 
f 2108/154/2035 2110/1490/2037 2130/1489/2057 
f 2108/154/2035 2142/1519/2068 2143/1520/2069 
f 2143/1520/2069 2106/1521/2033 2108/154/2035 
f 2143/1520/2069 2142/1519/2068 2130/1489/2057 
f 2130/1489/2057 2132/1492/2059 2143/1520/2069 
f 2143/1520/2069 2144/1522/2070 2104/1523/2031 
f 2104/1523/2031 2106/1521/2033 2143/1520/2069 
f 2104/1523/2031 2144/1522/2070 2045/1524/1972 
f 2045/1524/1972 2047/1525/1974 2104/1523/2031 
f 2045/1524/1972 2144/1522/2070 2138/1526/2064 
f 2138/1526/2064 2041/1511/1968 2045/1524/1972 
f 2138/1526/2064 2144/1522/2070 2143/1520/2069 
f 2143/1520/2069 2132/1492/2059 2138/1526/2064 
f 2137/1527/2063 2145/1528/2071 2003/171/1930 
f 2003/171/1930 2005/1507/1932 2137/1527/2063 
f 2003/171/1930 2145/1528/2071 2146/1529/2072 
f 2146/1529/2072 1999/1530/1926 2003/171/1930 
f 2146/1529/2072 2145/1528/2071 2137/1527/2063 
f 2137/1527/2063 2132/1531/2059 2146/1529/2072 
f 2146/1529/2072 2147/1532/2073 1997/1533/1924 
f 1997/1533/1924 1999/1530/1926 2146/1529/2072 
f 1997/1533/1924 2147/1532/2073 1991/1534/1918 
f 1991/1534/1918 1993/1535/1920 1997/1533/1924 
f 1991/1534/1918 2147/1532/2073 2148/1536/2074 
f 2148/1536/2074 1986/1537/1913 1991/1534/1918 
f 2148/1536/2074 2147/1532/2073 2146/1529/2072 
f 2146/1529/2072 2132/1531/2059 2148/1536/2074 
f 2148/1536/2074 2149/1538/2075 1983/1539/1910 
f 1983/1539/1910 1986/1537/1913 2148/1536/2074 
f 1983/1539/1910 2149/1538/2075 2128/1540/2055 
f 2128/1540/2055 1984/1541/1911 1983/1539/1910 
f 2128/1540/2055 2149/1538/2075 2140/1542/2066 
f 2140/1542/2066 2126/1237/2053 2128/1540/2055 
f 2140/1542/2066 2149/1538/2075 2148/1536/2074 
f 2148/1536/2074 2132/1531/2059 2140/1542/2066 
f 2150/634/2076 2151/633/2077 745/633/743 
f 745/633/743 747/634/745 2150/634/2076 
f 745/633/743 2151/633/2077 2152/636/2078 
f 2152/636/2078 746/636/744 745/633/743 
f 2152/636/2078 2151/633/2077 669/633/669 
f 669/633/669 672/636/672 2152/636/2078 
f 669/633/669 2151/633/2077 2150/634/2076 
f 2150/634/2076 670/634/670 669/633/669 
f 1365/1543/1293 2153/707/2079 741/707/740 
f 741/707/740 744/710/742 1365/1543/1293 
f 741/707/740 2153/707/2079 2154/1544/2080 
f 2154/1544/2080 742/708/741 741/707/740 
f 2154/1544/2080 2153/707/2079 853/707/782 
f 853/707/782 855/820/784 2154/1544/2080 
f 853/707/782 2153/707/2079 1365/1543/1293 
f 1365/1543/1293 854/819/783 853/707/782 
f 2155/640/2081 2156/639/2082 752/639/748 
f 752/639/748 753/640/749 2155/640/2081 
f 752/639/748 2156/639/2082 2150/634/2076 
f 2150/634/2076 747/634/745 752/639/748 
f 2150/634/2076 2156/639/2082 675/639/675 
f 675/639/675 670/634/670 2150/634/2076 
f 675/639/675 2156/639/2082 2155/640/2081 
f 2155/640/2081 676/640/676 675/639/675 
f 2154/1545/2080 2157/713/2083 750/713/746 
f 750/713/746 742/716/741 2154/1545/2080 
f 750/713/746 2157/713/2083 2158/1546/2084 
f 2158/1546/2084 751/714/747 750/713/746 
f 2158/1546/2084 2157/713/2083 860/713/789 
f 860/713/789 861/825/790 2158/1546/2084 
f 860/713/789 2157/713/2083 2154/1545/2080 
f 2154/1545/2080 855/820/784 860/713/789 
f 2159/644/2085 2160/643/2086 758/643/752 
f 758/643/752 759/644/753 2159/644/2085 
f 758/643/752 2160/643/2086 2155/640/2081 
f 2155/640/2081 753/640/749 758/643/752 
f 2155/640/2081 2160/643/2086 679/643/679 
f 679/643/679 676/640/676 2155/640/2081 
f 679/643/679 2160/643/2086 2159/644/2085 
f 2159/644/2085 680/644/680 679/643/679 
f 2158/1547/2084 2161/719/2087 756/719/750 
f 756/719/750 751/722/747 2158/1547/2084 
f 756/719/750 2161/719/2087 2162/1548/2088 
f 2162/1548/2088 757/720/751 756/719/750 
f 2162/1548/2088 2161/719/2087 866/719/795 
f 866/719/795 867/830/796 2162/1548/2088 
f 866/719/795 2161/719/2087 2158/1547/2084 
f 2158/1547/2084 861/825/790 866/719/795 
f 2163/648/2089 2164/647/2090 764/647/756 
f 764/647/756 765/648/757 2163/648/2089 
f 764/647/756 2164/647/2090 2159/644/2085 
f 2159/644/2085 759/644/753 764/647/756 
f 2159/644/2085 2164/647/2090 683/647/683 
f 683/647/683 680/644/680 2159/644/2085 
f 683/647/683 2164/647/2090 2163/648/2089 
f 2163/648/2089 684/648/684 683/647/683 
f 2162/1549/2088 2165/725/2091 762/725/754 
f 762/725/754 757/728/751 2162/1549/2088 
f 762/725/754 2165/725/2091 2166/1550/2092 
f 2166/1550/2092 763/726/755 762/725/754 
f 2166/1550/2092 2165/725/2091 872/725/801 
f 872/725/801 873/835/802 2166/1550/2092 
f 872/725/801 2165/725/2091 2162/1549/2088 
f 2162/1549/2088 867/830/796 872/725/801 
f 2167/652/2093 2168/651/2094 770/651/760 
f 770/651/760 771/652/761 2167/652/2093 
f 770/651/760 2168/651/2094 2163/648/2089 
f 2163/648/2089 765/648/757 770/651/760 
f 2163/648/2089 2168/651/2094 687/651/687 
f 687/651/687 684/648/684 2163/648/2089 
f 687/651/687 2168/651/2094 2167/652/2093 
f 2167/652/2093 688/652/688 687/651/687 
f 2166/1551/2092 2169/731/2095 768/731/758 
f 768/731/758 763/734/755 2166/1551/2092 
f 768/731/758 2169/731/2095 2170/1552/2096 
f 2170/1552/2096 769/732/759 768/731/758 
f 2170/1552/2096 2169/731/2095 878/731/807 
f 878/731/807 879/840/808 2170/1552/2096 
f 878/731/807 2169/731/2095 2166/1551/2092 
f 2166/1551/2092 873/835/802 878/731/807 
f 2171/656/2097 2172/655/2098 776/655/764 
f 776/655/764 777/656/765 2171/656/2097 
f 776/655/764 2172/655/2098 2167/652/2093 
f 2167/652/2093 771/652/761 776/655/764 
f 2167/652/2093 2172/655/2098 691/655/691 
f 691/655/691 688/652/688 2167/652/2093 
f 691/655/691 2172/655/2098 2171/656/2097 
f 2171/656/2097 692/656/692 691/655/691 
f 2170/1553/2096 2173/737/2099 774/737/762 
f 774/737/762 769/740/759 2170/1553/2096 
f 774/737/762 2173/737/2099 2174/1554/2100 
f 2174/1554/2100 775/738/763 774/737/762 
f 2174/1554/2100 2173/737/2099 883/737/812 
f 883/737/812 884/844/813 2174/1554/2100 
f 883/737/812 2173/737/2099 2170/1553/2096 
f 2170/1553/2096 879/840/808 883/737/812 
f 2175/660/2101 2176/659/2102 782/659/768 
f 782/659/768 783/660/769 2175/660/2101 
f 782/659/768 2176/659/2102 2171/656/2097 
f 2171/656/2097 777/656/765 782/659/768 
f 2171/656/2097 2176/659/2102 695/659/695 
f 695/659/695 692/656/692 2171/656/2097 
f 695/659/695 2176/659/2102 2175/660/2101 
f 2175/660/2101 696/660/696 695/659/695 
f 2174/1555/2100 2177/743/2103 780/743/766 
f 780/743/766 775/746/763 2174/1555/2100 
f 780/743/766 2177/743/2103 2178/1556/2104 
f 2178/1556/2104 781/744/767 780/743/766 
f 2178/1556/2104 2177/743/2103 887/743/816 
f 887/743/816 888/847/817 2178/1556/2104 
f 887/743/816 2177/743/2103 2174/1555/2100 
f 2174/1555/2100 884/844/813 887/743/816 
f 2179/664/2105 2180/663/2106 788/663/772 
f 788/663/772 789/664/773 2179/664/2105 
f 788/663/772 2180/663/2106 2175/660/2101 
f 2175/660/2101 783/660/769 788/663/772 
f 2175/660/2101 2180/663/2106 699/663/699 
f 699/663/699 696/660/696 2175/660/2101 
f 699/663/699 2180/663/2106 2179/664/2105 
f 2179/664/2105 700/664/700 699/663/699 
f 2178/1557/2104 2181/749/2107 786/749/770 
f 786/749/770 781/752/767 2178/1557/2104 
f 786/749/770 2181/749/2107 2182/1558/2108 
f 2182/1558/2108 787/750/771 786/749/770 
f 2182/1558/2108 2181/749/2107 891/749/820 
f 891/749/820 892/850/821 2182/1558/2108 
f 891/749/820 2181/749/2107 2178/1557/2104 
f 2178/1557/2104 888/847/817 891/749/820 
f 2183/668/2109 2184/667/2110 794/667/775 
f 794/667/775 795/668/742 2183/668/2109 
f 794/667/775 2184/667/2110 2179/664/2105 
f 2179/664/2105 789/664/773 794/667/775 
f 2179/664/2105 2184/667/2110 703/667/703 
f 703/667/703 700/664/700 2179/664/2105 
f 703/667/703 2184/667/2110 2183/668/2109 
f 2183/668/2109 704/668/704 703/667/703 
f 2182/1559/2108 2185/755/2111 792/755/774 
f 792/755/774 787/758/771 2182/1559/2108 
f 792/755/774 2185/755/2111 2186/1560/2112 
f 2186/1560/2112 793/756/744 792/755/774 
f 2186/1560/2112 2185/755/2111 896/755/825 
f 896/755/825 897/854/826 2186/1560/2112 
f 896/755/825 2185/755/2111 2182/1559/2108 
f 2182/1559/2108 892/850/821 896/755/825 
f 2187/672/2113 2188/671/2114 800/671/740 
f 800/671/740 801/672/741 2187/672/2113 
f 800/671/740 2188/671/2114 2183/668/2109 
f 2183/668/2109 795/668/742 800/671/740 
f 2183/668/2109 2188/671/2114 707/671/707 
f 707/671/707 704/668/704 2183/668/2109 
f 707/671/707 2188/671/2114 2187/672/2113 
f 2187/672/2113 708/672/708 707/671/707 
f 2186/1561/2112 2189/761/2115 798/761/743 
f 798/761/743 793/764/744 2186/1561/2112 
f 798/761/743 2189/761/2115 2190/1562/2116 
f 2190/1562/2116 799/762/745 798/761/743 
f 2190/1562/2116 2189/761/2115 900/761/829 
f 900/761/829 901/857/830 2190/1562/2116 
f 900/761/829 2189/761/2115 2186/1561/2112 
f 2186/1561/2112 897/854/826 900/761/829 
f 2191/676/2117 2192/675/2118 806/675/746 
f 806/675/746 807/676/747 2191/676/2117 
f 806/675/746 2192/675/2118 2187/672/2113 
f 2187/672/2113 801/672/741 806/675/746 
f 2187/672/2113 2192/675/2118 711/675/711 
f 711/675/711 708/672/708 2187/672/2113 
f 711/675/711 2192/675/2118 2191/676/2117 
f 2191/676/2117 712/676/712 711/675/711 
f 2190/1563/2116 2193/767/2119 804/767/748 
f 804/767/748 799/770/745 2190/1563/2116 
f 804/767/748 2193/767/2119 2194/1564/2120 
f 2194/1564/2120 805/768/749 804/767/748 
f 2194/1564/2120 2193/767/2119 906/767/835 
f 906/767/835 907/862/836 2194/1564/2120 
f 906/767/835 2193/767/2119 2190/1563/2116 
f 2190/1563/2116 901/857/830 906/767/835 
f 2195/680/2121 2196/679/2122 812/679/750 
f 812/679/750 813/680/751 2195/680/2121 
f 812/679/750 2196/679/2122 2191/676/2117 
f 2191/676/2117 807/676/747 812/679/750 
f 2191/676/2117 2196/679/2122 715/679/715 
f 715/679/715 712/676/712 2191/676/2117 
f 715/679/715 2196/679/2122 2195/680/2121 
f 2195/680/2121 716/680/716 715/679/715 
f 2194/1565/2120 2197/773/2123 810/773/752 
f 810/773/752 805/776/749 2194/1565/2120 
f 810/773/752 2197/773/2123 2198/1566/2124 
f 2198/1566/2124 811/774/753 810/773/752 
f 2198/1566/2124 2197/773/2123 912/773/841 
f 912/773/841 913/867/842 2198/1566/2124 
f 912/773/841 2197/773/2123 2194/1565/2120 
f 2194/1565/2120 907/862/836 912/773/841 
f 2199/684/2125 2200/683/2126 818/683/754 
f 818/683/754 819/684/755 2199/684/2125 
f 818/683/754 2200/683/2126 2195/680/2121 
f 2195/680/2121 813/680/751 818/683/754 
f 2195/680/2121 2200/683/2126 719/683/719 
f 719/683/719 716/680/716 2195/680/2121 
f 719/683/719 2200/683/2126 2199/684/2125 
f 2199/684/2125 720/684/720 719/683/719 
f 2198/1567/2124 2201/779/2127 816/779/756 
f 816/779/756 811/782/753 2198/1567/2124 
f 816/779/756 2201/779/2127 2202/1568/2128 
f 2202/1568/2128 817/780/757 816/779/756 
f 2202/1568/2128 2201/779/2127 917/779/846 
f 917/779/846 918/871/847 2202/1568/2128 
f 917/779/846 2201/779/2127 2198/1567/2124 
f 2198/1567/2124 913/867/842 917/779/846 
f 2203/688/2129 2204/687/2130 824/687/758 
f 824/687/758 825/688/759 2203/688/2129 
f 824/687/758 2204/687/2130 2199/684/2125 
f 2199/684/2125 819/684/755 824/687/758 
f 2199/684/2125 2204/687/2130 723/687/723 
f 723/687/723 720/684/720 2199/684/2125 
f 723/687/723 2204/687/2130 2203/688/2129 
f 2203/688/2129 724/688/724 723/687/723 
f 2202/1569/2128 2205/785/2131 822/785/760 
f 822/785/760 817/788/757 2202/1569/2128 
f 822/785/760 2205/785/2131 2206/1570/2132 
f 2206/1570/2132 823/786/761 822/785/760 
f 2206/1570/2132 2205/785/2131 921/785/850 
f 921/785/850 922/874/851 2206/1570/2132 
f 921/785/850 2205/785/2131 2202/1569/2128 
f 2202/1569/2128 918/871/847 921/785/850 
f 2207/692/2133 2208/691/2134 830/691/762 
f 830/691/762 831/692/763 2207/692/2133 
f 830/691/762 2208/691/2134 2203/688/2129 
f 2203/688/2129 825/688/759 830/691/762 
f 2203/688/2129 2208/691/2134 727/691/727 
f 727/691/727 724/688/724 2203/688/2129 
f 727/691/727 2208/691/2134 2207/692/2133 
f 2207/692/2133 728/692/728 727/691/727 
f 2206/1571/2132 2209/791/2135 828/791/764 
f 828/791/764 823/794/761 2206/1571/2132 
f 828/791/764 2209/791/2135 2210/1572/2136 
f 2210/1572/2136 829/792/765 828/791/764 
f 2210/1572/2136 2209/791/2135 926/791/855 
f 926/791/855 927/878/856 2210/1572/2136 
f 926/791/855 2209/791/2135 2206/1571/2132 
f 2206/1571/2132 922/874/851 926/791/855 
f 2211/696/2137 2212/695/2138 836/695/766 
f 836/695/766 837/696/767 2211/696/2137 
f 836/695/766 2212/695/2138 2207/692/2133 
f 2207/692/2133 831/692/763 836/695/766 
f 2207/692/2133 2212/695/2138 731/695/731 
f 731/695/731 728/692/728 2207/692/2133 
f 731/695/731 2212/695/2138 2211/696/2137 
f 2211/696/2137 732/696/732 731/695/731 
f 2210/1573/2136 2213/797/2139 834/797/768 
f 834/797/768 829/800/765 2210/1573/2136 
f 834/797/768 2213/797/2139 2214/1574/2140 
f 2214/1574/2140 835/798/769 834/797/768 
f 2214/1574/2140 2213/797/2139 930/797/859 
f 930/797/859 931/881/860 2214/1574/2140 
f 930/797/859 2213/797/2139 2210/1573/2136 
f 2210/1573/2136 927/878/856 930/797/859 
f 2215/700/2141 2216/699/2142 842/699/770 
f 842/699/770 843/700/771 2215/700/2141 
f 842/699/770 2216/699/2142 2211/696/2137 
f 2211/696/2137 837/696/767 842/699/770 
f 2211/696/2137 2216/699/2142 735/699/735 
f 735/699/735 732/696/732 2211/696/2137 
f 735/699/735 2216/699/2142 2215/700/2141 
f 2215/700/2141 736/700/736 735/699/735 
f 2214/1575/2140 2217/803/2143 840/803/772 
f 840/803/772 835/806/769 2214/1575/2140 
f 840/803/772 2217/803/2143 1363/1576/1291 
f 1363/1576/1291 841/804/773 840/803/772 
f 1363/1576/1291 2217/803/2143 936/803/865 
f 936/803/865 937/886/866 1363/1576/1291 
f 936/803/865 2217/803/2143 2214/1575/2140 
f 2214/1575/2140 931/881/860 936/803/865 
f 2152/704/2078 2218/703/2144 846/703/774 
f 846/703/774 746/704/744 2152/704/2078 
f 846/703/774 2218/703/2144 2215/700/2141 
f 2215/700/2141 843/700/771 846/703/774 
f 2215/700/2141 2218/703/2144 738/703/738 
f 738/703/738 736/700/736 2215/700/2141 
f 738/703/738 2218/703/2144 2152/704/2078 
f 2152/704/2078 672/704/672 738/703/738 
f 216/154/216 2219/1283/2145 1569/1236/1497 
f 1569/1236/1497 217/187/217 216/154/216 
f 1569/1236/1497 2219/1283/2145 2220/1235/2146 
f 2220/1235/2146 78/172/78 1569/1236/1497 
f 2220/1235/2146 2219/1283/2145 216/154/216 
f 216/154/216 219/103/219 2220/1235/2146 
f 1/184/1 2221/185/2147 2222/154/2148 
f 2222/154/2148 9/103/9 1/184/1 
f 2222/154/2148 2221/185/2147 14/186/14 
f 14/186/14 17/187/17 2222/154/2148 
f 14/186/14 2221/185/2147 2223/175/2149 
f 2223/175/2149 15/177/15 14/186/14 
f 2223/175/2149 2221/185/2147 1/184/1 
f 1/184/1 4/176/4 2223/175/2149 
f 111/1577/111 2224/1578/2150 2225/1579/2151 
f 2225/1579/2151 112/1580/112 111/1577/111 
f 2225/1579/2151 2224/1578/2150 260/1581/260 
f 260/1581/260 261/1582/261 2225/1579/2151 
f 260/1581/260 2224/1578/2150 111/1577/111 
f 111/1577/111 114/1583/114 260/1581/260 
f 1321/1584/1249 2226/1585/2152 2227/1586/2153 
f 2227/1586/2153 1322/1587/1250 1321/1584/1249 
f 2227/1586/2153 2226/1585/2152 204/1588/204 
f 204/1588/204 206/1589/206 2227/1586/2153 
f 204/1588/204 2226/1585/2152 1321/1584/1249 
f 1321/1584/1249 205/1590/205 204/1588/204 
f 95/169/95 2228/170/2154 1598/171/1526 
f 1598/171/1526 96/172/96 95/169/95 
f 1598/171/1526 2228/170/2154 2229/173/2155 
f 2229/173/2155 1601/174/1529 1598/171/1526 
f 2229/173/2155 2228/170/2154 1574/175/1502 
f 1574/175/1502 85/176/85 2229/173/2155 
f 1574/175/1502 2228/170/2154 95/169/95 
f 95/169/95 98/177/98 1574/175/1502 
f 46/184/46 2230/185/2156 1519/154/1447 
f 1519/154/1447 54/103/54 46/184/46 
f 1519/154/1447 2230/185/2156 59/186/59 
f 59/186/59 62/187/62 1519/154/1447 
f 59/186/59 2230/185/2156 1567/175/1495 
f 1567/175/1495 60/177/60 59/186/59 
f 1567/175/1495 2230/185/2156 46/184/46 
f 46/184/46 49/176/49 1567/175/1495 
f 64/184/64 2231/185/2157 1769/154/1697 
f 1769/154/1697 72/103/72 64/184/64 
f 1769/154/1697 2231/185/2157 2232/186/2158 
f 2232/186/2158 1675/187/1603 1769/154/1697 
f 2232/186/2158 2231/185/2157 1571/175/1499 
f 1571/175/1499 80/177/80 2232/186/2158 
f 1571/175/1499 2231/185/2157 64/184/64 
f 64/184/64 67/176/67 1571/175/1499 
f 2233/1591/2159 2234/1592/2160 2235/1593/2161 
f 2235/1593/2161 2236/1594/2162 2233/1591/2159 
f 2235/1593/2161 2234/1592/2160 131/1595/131 
f 131/1595/131 133/1596/133 2235/1593/2161 
f 131/1595/131 2234/1592/2160 2233/1591/2159 
f 2233/1591/2159 132/174/132 131/1595/131 
f 1305/1597/1233 2237/1598/2163 2238/171/2164 
f 2238/171/2164 1165/172/1093 1305/1597/1233 
f 2238/171/2164 2237/1598/2163 2239/1599/2165 
f 2239/1599/2165 1613/174/1541 2238/171/2164 
f 2239/1599/2165 2237/1598/2163 2240/1279/2166 
f 2240/1279/2166 1318/1282/1246 2239/1599/2165 
f 2240/1279/2166 2237/1598/2163 1305/1597/1233 
f 1305/1597/1233 1308/1280/1236 2240/1279/2166 
f 1596/1600/1524 2241/1601/2167 2242/1602/2168 
f 2242/1602/2168 1565/1603/1493 1596/1600/1524 
f 2242/1602/2168 2241/1601/2167 2243/1604/2169 
f 2243/1604/2169 2244/172/2170 2242/1602/2168 
f 2243/1604/2169 2241/1601/2167 2074/1605/2001 
f 2074/1605/2001 221/183/221 2243/1604/2169 
f 2074/1605/2001 2241/1601/2167 1596/1600/1524 
f 1596/1600/1524 197/160/197 2074/1605/2001 
f 2245/169/2171 2246/170/2172 1594/171/1522 
f 1594/171/1522 187/172/187 2245/169/2171 
f 1594/171/1522 2246/170/2172 2247/173/2173 
f 2247/173/2173 182/174/182 1594/171/1522 
f 2247/173/2173 2246/170/2172 1561/175/1489 
f 1561/175/1489 31/176/31 2247/173/2173 
f 1561/175/1489 2246/170/2172 2245/169/2171 
f 2245/169/2171 42/177/42 1561/175/1489 
f 2248/1606/2174 2249/1607/2175 2065/1608/1992 
f 2065/1608/1992 2060/1609/1987 2248/1606/2174 
f 2065/1608/1992 2249/1607/2175 2220/179/2146 
f 2220/179/2146 219/181/219 2065/1608/1992 
f 2220/179/2146 2249/1607/2175 75/1610/75 
f 75/1610/75 78/57/78 2220/179/2146 
f 75/1610/75 2249/1607/2175 2248/1606/2174 
f 2248/1606/2174 76/103/76 75/1610/75 
f 1370/1611/1298 2250/1612/2176 2251/1613/2177 
f 2251/1613/2177 1341/1614/1269 1370/1611/1298 
f 2251/1613/2177 2250/1612/2176 2252/1190/2178 
f 2252/1190/2178 2253/167/2179 2251/1613/2177 
f 2252/1190/2178 2250/1612/2176 1328/1196/1256 
f 1328/1196/1256 1331/1194/1259 2252/1190/2178 
f 1328/1196/1256 2250/1612/2176 1370/1611/1298 
f 1370/1611/1298 1329/6/1257 1328/1196/1256 
f 2239/1177/2165 2254/1615/2180 1611/1295/1539 
f 1611/1295/1539 1613/1056/1541 2239/1177/2165 
f 1611/1295/1539 2254/1615/2180 223/1616/223 
f 223/1616/223 226/1296/226 1611/1295/1539 
f 223/1616/223 2254/1615/2180 1317/1188/1245 
f 1317/1188/1245 231/1189/231 223/1616/223 
f 1317/1188/1245 2254/1615/2180 2239/1177/2165 
f 2239/1177/2165 1318/1180/1246 1317/1188/1245 
f 2255/1281/2181 2256/1277/2182 2257/154/2183 
f 2257/154/2183 2258/103/2184 2255/1281/2181 
f 2257/154/2183 2256/1277/2182 73/1278/73 
f 73/1278/73 76/187/76 2257/154/2183 
f 73/1278/73 2256/1277/2182 2259/1279/2185 
f 2259/1279/2185 81/1280/81 73/1278/73 
f 2259/1279/2185 2256/1277/2182 2255/1281/2181 
f 2255/1281/2181 87/1282/87 2259/1279/2185 
f 2260/1281/2186 2261/1277/2187 2262/154/2188 
f 2262/154/2188 199/103/199 2260/1281/2186 
f 2262/154/2188 2261/1277/2187 2263/1278/2189 
f 2263/1278/2189 189/187/189 2262/154/2188 
f 2263/1278/2189 2261/1277/2187 2264/1279/2190 
f 2264/1279/2190 40/1280/40 2263/1278/2189 
f 2264/1279/2190 2261/1277/2187 2260/1281/2186 
f 2260/1281/2186 51/1282/51 2264/1279/2190 
f 1604/1617/1532 2265/1618/2191 1396/979/1324 
f 1396/979/1324 1397/980/1325 1604/1617/1532 
f 1396/979/1324 2265/1618/2191 1031/1619/959 
f 1031/1619/959 1033/897/961 1396/979/1324 
f 1031/1619/959 2265/1618/2191 1604/1617/1532 
f 1604/1617/1532 1032/103/960 1031/1619/959 
f 1038/1620/966 2266/1621/2192 2267/1236/2193 
f 2267/1236/2193 1039/187/967 1038/1620/966 
f 2267/1236/2193 2266/1621/2192 1027/1622/955 
f 1027/1622/955 1030/172/958 2267/1236/2193 
f 1027/1622/955 2266/1621/2192 1400/1220/1328 
f 1400/1220/1328 1028/895/956 1027/1622/955 
f 1400/1220/1328 2266/1621/2192 1038/1620/966 
f 1038/1620/966 1040/911/968 1400/1220/1328 
f 2268/1623/2194 2269/1624/2195 1406/981/1334 
f 1406/981/1334 1408/984/1336 2268/1623/2194 
f 1406/981/1334 2269/1624/2195 1047/1625/975 
f 1047/1625/975 1049/911/977 1406/981/1334 
f 1047/1625/975 2269/1624/2195 2268/1623/2194 
f 2268/1623/2194 1048/103/976 1047/1625/975 
f 1054/1626/982 2270/1627/2196 2271/1236/2197 
f 2271/1236/2197 1055/187/983 1054/1626/982 
f 2271/1236/2197 2270/1627/2196 1043/1628/971 
f 1043/1628/971 1046/172/974 2271/1236/2197 
f 1043/1628/971 2270/1627/2196 1411/1217/1339 
f 1411/1217/1339 1044/909/972 1043/1628/971 
f 1411/1217/1339 2270/1627/2196 1054/1626/982 
f 1054/1626/982 1056/922/984 1411/1217/1339 
f 1627/1629/1555 2272/1630/2198 1417/989/1345 
f 1417/989/1345 1419/992/1347 1627/1629/1555 
f 1417/989/1345 2272/1630/2198 1063/1631/991 
f 1063/1631/991 1065/922/993 1417/989/1345 
f 1063/1631/991 2272/1630/2198 1627/1629/1555 
f 1627/1629/1555 1064/103/992 1063/1631/991 
f 1427/997/1355 2273/1632/2199 2274/1633/2200 
f 2274/1633/2200 1428/1000/1356 1427/997/1355 
f 2274/1633/2200 2273/1632/2199 1066/1634/994 
f 1066/1634/994 1069/172/997 2274/1633/2200 
f 1066/1634/994 2273/1632/2199 1427/997/1355 
f 1427/997/1355 1071/135/999 1066/1634/994 
f 2275/1635/2201 2276/1636/2202 1430/997/1358 
f 1430/997/1358 1431/1000/1359 2275/1635/2201 
f 1430/997/1358 2276/1636/2202 1078/1637/1006 
f 1078/1637/1006 1080/135/1008 1430/997/1358 
f 1078/1637/1006 2276/1636/2202 2275/1635/2201 
f 2275/1635/2201 1079/103/1007 1078/1637/1006 
f 1085/1638/1013 2277/1639/2203 2278/1236/2204 
f 2278/1236/2204 1086/187/1014 1085/1638/1013 
f 2278/1236/2204 2277/1639/2203 1074/1640/1002 
f 1074/1640/1002 1077/172/1005 2278/1236/2204 
f 1074/1640/1002 2277/1639/2203 1434/932/1362 
f 1434/932/1362 1075/929/1003 1074/1640/1002 
f 1434/932/1362 2277/1639/2203 1085/1638/1013 
f 1085/1638/1013 1087/933/1015 1434/932/1362 
f 1237/1641/1165 2279/1642/2205 1440/1005/1368 
f 1440/1005/1368 1238/1008/1166 1237/1641/1165 
f 1440/1005/1368 2279/1642/2205 1094/1643/1022 
f 1094/1643/1022 1096/933/1024 1440/1005/1368 
f 1094/1643/1022 2279/1642/2205 1237/1641/1165 
f 1237/1641/1165 1095/103/1023 1094/1643/1022 
f 1101/1644/1029 2280/1645/2206 2281/1236/2207 
f 2281/1236/2207 1102/187/1030 1101/1644/1029 
f 2281/1236/2207 2280/1645/2206 1090/1646/1018 
f 1090/1646/1018 1093/172/1021 2281/1236/2207 
f 1090/1646/1018 2280/1645/2206 1444/941/1372 
f 1444/941/1372 1091/937/1019 1090/1646/1018 
f 1444/941/1372 2280/1645/2206 1101/1644/1029 
f 1101/1644/1029 1103/942/1031 1444/941/1372 
f 1447/944/1375 2282/1647/2208 2283/1648/2209 
f 2283/1648/2209 1448/223/1376 1447/944/1375 
f 2283/1648/2209 2282/1647/2208 2284/171/2210 
f 2284/171/2210 2285/172/2211 2283/1648/2209 
f 2284/171/2210 2282/1647/2208 1108/1649/1036 
f 1108/1649/1036 1110/174/1038 2284/171/2210 
f 1108/1649/1036 2282/1647/2208 1447/944/1375 
f 1447/944/1375 1109/942/1037 1108/1649/1036 
f 1115/1650/1043 2286/1651/2212 2287/1236/2213 
f 2287/1236/2213 1116/187/1044 1115/1650/1043 
f 2287/1236/2213 2286/1651/2212 2283/1648/2209 
f 2283/1648/2209 2285/172/2211 2287/1236/2213 
f 2283/1648/2209 2286/1651/2212 1455/220/1383 
f 1455/220/1383 1448/223/1376 2283/1648/2209 
f 1455/220/1383 2286/1651/2212 1115/1650/1043 
f 1115/1650/1043 1117/221/1045 1455/220/1383 
f 1458/951/1386 2288/1652/2214 2289/1653/2215 
f 2289/1653/2215 1459/952/1387 1458/951/1386 
f 2289/1653/2215 2288/1652/2214 2290/171/2216 
f 2290/171/2216 2291/172/2217 2289/1653/2215 
f 2290/171/2216 2288/1652/2214 1122/1654/1050 
f 1122/1654/1050 1124/174/1052 2290/171/2216 
f 1122/1654/1050 2288/1652/2214 1458/951/1386 
f 1458/951/1386 1123/221/1051 1122/1654/1050 
f 1129/1655/1057 2292/1656/2218 2293/1236/2219 
f 2293/1236/2219 1130/187/1058 1129/1655/1057 
f 2293/1236/2219 2292/1656/2218 2289/1653/2215 
f 2289/1653/2215 2291/172/2217 2293/1236/2219 
f 2289/1653/2215 2292/1656/2218 1466/956/1394 
f 1466/956/1394 1459/952/1387 2289/1653/2215 
f 1466/956/1394 2292/1656/2218 1129/1655/1057 
f 1129/1655/1057 1131/957/1059 1466/956/1394 
f 1469/1037/1397 2294/1657/2220 2295/1658/2221 
f 2295/1658/2221 1470/965/1398 1469/1037/1397 
f 2295/1658/2221 2294/1657/2220 2296/171/2222 
f 2296/171/2222 2297/172/2223 2295/1658/2221 
f 2296/171/2222 2294/1657/2220 1136/1659/1064 
f 1136/1659/1064 1138/174/1066 2296/171/2222 
f 1136/1659/1064 2294/1657/2220 1469/1037/1397 
f 1469/1037/1397 1137/957/1065 1136/1659/1064 
f 1143/1660/1071 2298/1661/2224 2299/1236/2225 
f 2299/1236/2225 1144/187/1072 1143/1660/1071 
f 2299/1236/2225 2298/1661/2224 2295/1658/2221 
f 2295/1658/2221 2297/172/2223 2299/1236/2225 
f 2295/1658/2221 2298/1661/2224 1477/962/1405 
f 1477/962/1405 1470/965/1398 2295/1658/2221 
f 1477/962/1405 2298/1661/2224 1143/1660/1071 
f 1143/1660/1071 1145/963/1073 1477/962/1405 
f 2300/1662/2226 2301/1663/2227 1483/1038/1411 
f 1483/1038/1411 1484/1041/1412 2300/1662/2226 
f 1483/1038/1411 2301/1663/2227 1152/1664/1080 
f 1152/1664/1080 1154/963/1082 1483/1038/1411 
f 1152/1664/1080 2301/1663/2227 2300/1662/2226 
f 2300/1662/2226 1153/103/1081 1152/1664/1080 
f 1159/1665/1087 2302/1666/2228 2303/1236/2229 
f 2303/1236/2229 1160/187/1088 1159/1665/1087 
f 2303/1236/2229 2302/1666/2228 1148/1667/1076 
f 1148/1667/1076 1151/172/1079 2303/1236/2229 
f 1148/1667/1076 2302/1666/2228 1392/1286/1320 
f 1392/1286/1320 1149/969/1077 1148/1667/1076 
f 1392/1286/1320 2302/1666/2228 1159/1665/1087 
f 1159/1665/1087 1161/1052/1089 1392/1286/1320 
f 2304/1281/2230 2305/1277/2231 2306/154/2232 
f 2306/154/2232 180/103/180 2304/1281/2230 
f 2306/154/2232 2305/1277/2231 2307/1278/2233 
f 2307/1278/2233 1354/187/1282 2306/154/2232 
f 2307/1278/2233 2305/1277/2231 2308/1279/2234 
f 2308/1279/2234 22/1280/22 2307/1278/2233 
f 2308/1279/2234 2305/1277/2231 2304/1281/2230 
f 2304/1281/2230 33/1282/33 2308/1279/2234 
f 2309/1668/2235 2310/1669/2236 2311/1670/2237 
f 2311/1670/2237 2312/1671/2238 2309/1668/2235 
f 261/1582/261 2311/1670/2237 2310/1669/2236 
f 2310/1669/2236 2225/1579/2151 261/1582/261 
f 2225/1579/2151 2310/1669/2236 2309/1668/2235 
f 2309/1668/2235 112/1580/112 2225/1579/2151 
f 2313/1672/2239 2314/1673/2240 2315/1674/2241 
f 2315/1674/2241 1316/1675/1244 2313/1672/2239 
f 133/1596/133 2315/1674/2241 2314/1673/2240 
f 2314/1673/2240 2235/1593/2161 133/1596/133 
f 2235/1593/2161 2314/1673/2240 2313/1672/2239 
f 2313/1672/2239 2236/1594/2162 2235/1593/2161 
f 2316/1597/2242 2317/1598/2243 2318/171/2244 
f 2318/171/2244 1780/172/1708 2316/1597/2242 
f 2318/171/2244 2317/1598/2243 1330/1599/1258 
f 1330/1599/1258 1194/174/1122 2318/171/2244 
f 1330/1599/1258 2317/1598/2243 2319/1279/2245 
f 2319/1279/2245 1331/1282/1259 1330/1599/1258 
f 2319/1279/2245 2317/1598/2243 2316/1597/2242 
f 2316/1597/2242 1325/1280/1253 2319/1279/2245 
f 2320/1676/2246 2321/1677/2247 2322/1678/2248 
f 2322/1678/2248 2253/1679/2179 2320/1676/2246 
f 206/1589/206 2322/1678/2248 2321/1677/2247 
f 2321/1677/2247 2227/1586/2153 206/1589/206 
f 2227/1586/2153 2321/1677/2247 2320/1676/2246 
f 2320/1676/2246 1322/1587/1250 2227/1586/2153 
f 100/1597/100 2323/1598/2249 1542/171/1470 
f 1542/171/1470 108/172/108 100/1597/100 
f 1542/171/1470 2323/1598/2249 2324/1599/2250 
f 2324/1599/2250 1543/174/1471 1542/171/1470 
f 2324/1599/2250 2323/1598/2249 1578/1279/1506 
f 1578/1279/1506 116/1282/116 2324/1599/2250 
f 1578/1279/1506 2323/1598/2249 100/1597/100 
f 100/1597/100 103/1280/103 1578/1279/1506 
f 2325/103/2251 2326/1680/2252 1600/1200/1528 
f 1600/1200/1528 1601/103/1529 2325/103/2251 
f 1600/1200/1528 2326/1680/2252 2059/1681/1986 
f 2059/1681/1986 244/200/244 1600/1200/1528 
f 2059/1681/1986 2326/1680/2252 2327/1606/2253 
f 2327/1606/2253 2060/1609/1987 2059/1681/1986 
f 2327/1606/2253 2326/1680/2252 2325/103/2251 
f 2325/103/2251 2258/103/2184 2327/1606/2253 
f 118/184/118 2328/185/2254 1763/154/1691 
f 1763/154/1691 126/103/126 118/184/118 
f 1763/154/1691 2328/185/2254 1309/186/1237 
f 1309/186/1237 1167/187/1095 1763/154/1691 
f 1309/186/1237 2328/185/2254 1552/175/1480 
f 1552/175/1480 1310/177/1238 1309/186/1237 
f 1552/175/1480 2328/185/2254 118/184/118 
f 118/184/118 121/176/121 1552/175/1480 
f 227/1616/227 2329/1682/2255 1779/1395/1707 
f 1779/1395/1707 228/1296/228 227/1616/227 
f 1779/1395/1707 2329/1682/2255 2316/1197/2242 
f 2316/1197/2242 1780/1081/1708 1779/1395/1707 
f 2316/1197/2242 2329/1682/2255 1324/1193/1252 
f 1324/1193/1252 1325/1194/1253 2316/1197/2242 
f 1324/1193/1252 2329/1682/2255 227/1616/227 
f 227/1616/227 230/1189/230 1324/1193/1252 
f 2330/1597/2256 2331/1598/2257 2332/171/2258 
f 2332/171/2258 1803/172/1731 2330/1597/2256 
f 2332/171/2258 2331/1598/2257 104/1599/104 
f 104/1599/104 107/174/107 2332/171/2258 
f 104/1599/104 2331/1598/2257 2333/1279/2259 
f 2333/1279/2259 105/1282/105 104/1599/104 
f 2333/1279/2259 2331/1598/2257 2330/1597/2256 
f 2330/1597/2256 99/1280/99 2333/1279/2259 
f 2334/169/2260 2335/170/2261 2336/171/2262 
f 2336/171/2262 222/172/222 2334/169/2260 
f 2336/171/2262 2335/170/2261 2337/173/2263 
f 2337/173/2263 2244/174/2170 2336/171/2262 
f 2337/173/2263 2335/170/2261 2338/175/2264 
f 2338/175/2264 58/176/58 2337/173/2263 
f 2338/175/2264 2335/170/2261 2334/169/2260 
f 2334/169/2260 69/177/69 2338/175/2264 
f 1605/1683/1533 2339/1684/2265 2340/171/2266 
f 2340/171/2266 1032/172/960 1605/1683/1533 
f 2340/171/2266 2339/1684/2265 2341/1685/2267 
f 2341/1685/2267 1039/174/967 2340/171/2266 
f 2341/1685/2267 2339/1684/2265 2342/1686/2268 
f 2342/1686/2268 1178/1687/1106 2341/1685/2267 
f 2342/1686/2268 2339/1684/2265 1605/1683/1533 
f 1605/1683/1533 1607/1688/1535 2342/1686/2268 
f 2343/154/2269 2344/1689/2270 1180/1690/1108 
f 1180/1690/1108 1183/187/1111 2343/154/2269 
f 1180/1690/1108 2344/1689/2270 2345/1686/2271 
f 2345/1686/2271 1188/1688/1116 1180/1690/1108 
f 2345/1686/2271 2344/1689/2270 2346/1691/2272 
f 2346/1691/2272 1624/1687/1552 2345/1686/2271 
f 2346/1691/2272 2344/1689/2270 2343/154/2269 
f 2343/154/2269 1747/103/1675 2346/1691/2272 
f 1208/1692/1136 2347/1693/2273 2348/171/2274 
f 2348/171/2274 1209/172/1137 1208/1692/1136 
f 2348/171/2274 2347/1693/2273 2349/1694/2275 
f 2349/1694/2275 1751/174/1679 2348/171/2274 
f 2349/1694/2275 2347/1693/2273 2350/1695/2276 
f 2350/1695/2276 1630/1696/1558 2349/1694/2275 
f 2350/1695/2276 2347/1693/2273 1208/1692/1136 
f 1208/1692/1136 1211/1697/1139 2350/1695/2276 
f 2351/154/2277 2352/1689/2278 1213/1690/1141 
f 1213/1690/1141 1216/187/1144 2351/154/2277 
f 1213/1690/1141 2352/1689/2278 2353/1686/2279 
f 2353/1686/2279 1221/1688/1149 1213/1690/1141 
f 2353/1686/2279 2352/1689/2278 2354/1691/2280 
f 2354/1691/2280 1647/1687/1575 2353/1686/2279 
f 2354/1691/2280 2352/1689/2278 2351/154/2277 
f 2351/154/2277 1229/103/1157 2354/1691/2280 
f 1654/1692/1582 2355/1693/2281 2356/171/2282 
f 2356/171/2282 1246/172/1174 1654/1692/1582 
f 2356/171/2282 2355/1693/2281 2357/1694/2283 
f 2357/1694/2283 1789/174/1717 2356/171/2282 
f 2357/1694/2283 2355/1693/2281 2358/1695/2284 
f 2358/1695/2284 1234/1696/1162 2357/1694/2283 
f 2358/1695/2284 2355/1693/2281 1654/1692/1582 
f 1654/1692/1582 1657/1697/1585 2358/1695/2284 
f 2359/154/2285 2360/1689/2286 2361/1690/2287 
f 2361/1690/2287 1793/187/1721 2359/154/2285 
f 2361/1690/2287 2360/1689/2286 2362/1686/2288 
f 2362/1686/2288 1251/1688/1179 2361/1690/2287 
f 2362/1686/2288 2360/1689/2286 2363/1691/2289 
f 2363/1691/2289 1259/1687/1187 2362/1686/2288 
f 2363/1691/2289 2360/1689/2286 2359/154/2285 
f 2359/154/2285 1669/103/1597 2363/1691/2289 
f 2364/1692/2290 2365/1693/2291 2366/171/2292 
f 2366/171/2292 1760/172/1688 2364/1692/2290 
f 2366/171/2292 2365/1693/2291 2367/1694/2293 
f 2367/1694/2293 1799/174/1727 2366/171/2292 
f 2367/1694/2293 2365/1693/2291 2368/1695/2294 
f 2368/1695/2294 1263/1696/1191 2367/1694/2293 
f 2368/1695/2294 2365/1693/2291 2364/1692/2290 
f 2364/1692/2290 1683/1697/1611 2368/1695/2294 
f 1272/1683/1200 2369/1684/2295 2370/171/2296 
f 2370/171/2296 1138/172/1066 1272/1683/1200 
f 2370/171/2296 2369/1684/2295 2371/1685/2297 
f 2371/1685/2297 1144/174/1072 2370/171/2296 
f 2371/1685/2297 2369/1684/2295 2372/1686/2298 
f 2372/1686/2298 1285/1687/1213 2371/1685/2297 
f 2372/1686/2298 2369/1684/2295 1272/1683/1200 
f 1272/1683/1200 1275/1688/1203 2372/1686/2298 
f 2373/154/2299 2374/1689/2300 1287/1690/1215 
f 1287/1690/1215 1290/187/1218 2373/154/2299 
f 1287/1690/1215 2374/1689/2300 2375/1686/2301 
f 2375/1686/2301 1295/1688/1223 1287/1690/1215 
f 2375/1686/2301 2374/1689/2300 1300/1691/1228 
f 1300/1691/1228 1303/1687/1231 2375/1686/2301 
f 1300/1691/1228 2374/1689/2300 2373/154/2299 
f 2373/154/2299 1301/103/1229 1300/1691/1228 
f 2313/154/2239 2376/1277/2302 2377/1278/2303 
f 2377/1278/2303 2236/187/2162 2313/154/2239 
f 2377/1278/2303 2376/1277/2302 2240/1279/2166 
f 2240/1279/2166 1308/1280/1236 2377/1278/2303 
f 2240/1279/2166 2376/1277/2302 1315/1281/1243 
f 1315/1281/1243 1318/1282/1246 2240/1279/2166 
f 1315/1281/1243 2376/1277/2302 2313/154/2239 
f 2313/154/2239 1316/103/1244 1315/1281/1243 
f 2378/154/2304 2379/1235/2305 1612/1236/1540 
f 1612/1236/1540 1615/187/1543 2378/154/2304 
f 1612/1236/1540 2379/1235/2305 2238/171/2164 
f 2238/171/2164 1613/172/1541 1612/1236/1540 
f 2238/171/2164 2379/1235/2305 1162/1237/1090 
f 1162/1237/1090 1165/174/1093 2238/171/2164 
f 1162/1237/1090 2379/1235/2305 2378/154/2304 
f 2378/154/2304 1170/103/1098 1162/1237/1090 
f 2320/154/2246 2380/1277/2306 1319/1278/1247 
f 1319/1278/1247 1322/187/1250 2320/154/2246 
f 1319/1278/1247 2380/1277/2306 2319/1279/2245 
f 2319/1279/2245 1325/1280/1253 1319/1278/1247 
f 2319/1279/2245 2380/1277/2306 2252/1281/2178 
f 2252/1281/2178 1331/1282/1259 2319/1279/2245 
f 2252/1281/2178 2380/1277/2306 2320/154/2246 
f 2320/154/2246 2253/103/2179 2252/1281/2178 
f 2318/154/2244 2381/1235/2307 1777/1236/1705 
f 1777/1236/1705 1780/187/1708 2318/154/2244 
f 1777/1236/1705 2381/1235/2307 2382/171/2308 
f 2382/171/2308 1619/172/1547 1777/1236/1705 
f 2382/171/2308 2381/1235/2307 1193/1237/1121 
f 1193/1237/1121 1196/174/1124 2382/171/2308 
f 1193/1237/1121 2381/1235/2307 2318/154/2244 
f 2318/154/2244 1194/103/1122 1193/1237/1121 
f 2383/169/2309 2384/170/2310 2385/171/2311 
f 2385/171/2311 1349/172/1277 2383/169/2309 
f 2385/171/2311 2384/170/2310 2386/173/2312 
f 2386/173/2312 157/174/157 2385/171/2311 
f 2386/173/2312 2384/170/2310 2223/175/2149 
f 2223/175/2149 4/176/4 2386/173/2312 
f 2223/175/2149 2384/170/2310 2383/169/2309 
f 2383/169/2309 15/177/15 2223/175/2149 
f 2387/154/2313 2388/1235/2314 1633/1236/1561 
f 1633/1236/1561 1635/187/1563 2387/154/2313 
f 1633/1236/1561 2388/1235/2314 2222/171/2148 
f 2222/171/2148 17/172/17 1633/1236/1561 
f 2222/171/2148 2388/1235/2314 1198/1237/1126 
f 1198/1237/1126 9/174/9 2222/171/2148 
f 1198/1237/1126 2388/1235/2314 2387/154/2313 
f 2387/154/2313 1203/103/1131 1198/1237/1126 
f 19/1597/19 2389/1598/2315 2390/171/2316 
f 2390/171/2316 27/172/27 19/1597/19 
f 2390/171/2316 2389/1598/2315 32/1599/32 
f 32/1599/32 35/174/35 2390/171/2316 
f 32/1599/32 2389/1598/2315 2308/1279/2234 
f 2308/1279/2234 33/1282/33 32/1599/32 
f 2308/1279/2234 2389/1598/2315 19/1597/19 
f 19/1597/19 22/1280/22 2308/1279/2234 
f 2391/154/2317 2392/1235/2318 1754/1236/1682 
f 1754/1236/1682 1227/187/1155 2391/154/2317 
f 1754/1236/1682 2392/1235/2318 2390/171/2316 
f 2390/171/2316 35/172/35 1754/1236/1682 
f 2390/171/2316 2392/1235/2318 1784/1237/1712 
f 1784/1237/1712 27/174/27 2390/171/2316 
f 1784/1237/1712 2392/1235/2318 2391/154/2317 
f 2391/154/2317 1640/103/1568 1784/1237/1712 
f 37/1597/37 2393/1598/2319 2394/171/2320 
f 2394/171/2320 45/172/45 37/1597/37 
f 2394/171/2320 2393/1598/2319 50/1599/50 
f 50/1599/50 53/174/53 2394/171/2320 
f 50/1599/50 2393/1598/2319 2264/1279/2190 
f 2264/1279/2190 51/1282/51 50/1599/50 
f 2264/1279/2190 2393/1598/2319 37/1597/37 
f 37/1597/37 40/1280/40 2264/1279/2190 
f 2394/154/2320 2395/1235/2321 1648/1236/1576 
f 1648/1236/1576 45/187/45 2394/154/2320 
f 1648/1236/1576 2395/1235/2321 2396/171/2322 
f 2396/171/2322 1653/172/1581 1648/1236/1576 
f 2396/171/2322 2395/1235/2321 1756/1237/1684 
f 1756/1237/1684 1244/174/1172 2396/171/2322 
f 1756/1237/1684 2395/1235/2321 2394/154/2320 
f 2394/154/2320 53/103/53 1756/1237/1684 
f 2397/154/2323 2398/185/2324 68/186/68 
f 68/186/68 71/187/71 2397/154/2323 
f 68/186/68 2398/185/2324 2338/175/2264 
f 2338/175/2264 69/177/69 68/186/68 
f 2338/175/2264 2398/185/2324 55/184/55 
f 55/184/55 58/176/58 2338/175/2264 
f 55/184/55 2398/185/2324 2397/154/2323 
f 2397/154/2323 63/103/63 55/184/55 
f 2399/154/2325 2400/1235/2326 1795/1236/1723 
f 1795/1236/1723 1667/187/1595 2399/154/2325 
f 1795/1236/1723 2400/1235/2326 2397/171/2323 
f 2397/171/2323 71/172/71 1795/1236/1723 
f 2397/171/2323 2400/1235/2326 1660/1237/1588 
f 1660/1237/1588 63/174/63 2397/171/2323 
f 1660/1237/1588 2400/1235/2326 2399/154/2325 
f 2399/154/2325 1663/103/1591 1660/1237/1588 
f 2401/1597/2327 2402/1598/2328 2403/171/2329 
f 2403/171/2329 1673/172/1601 2401/1597/2327 
f 2403/171/2329 2402/1598/2328 86/1599/86 
f 86/1599/86 89/174/89 2403/171/2329 
f 86/1599/86 2402/1598/2328 2259/1279/2185 
f 2259/1279/2185 87/1282/87 86/1599/86 
f 2259/1279/2185 2402/1598/2328 2401/1597/2327 
f 2401/1597/2327 81/1280/81 2259/1279/2185 
f 2403/154/2329 2404/1235/2330 1670/1236/1598 
f 1670/1236/1598 1673/187/1601 2403/154/2329 
f 1670/1236/1598 2404/1235/2330 2405/171/2331 
f 2405/171/2331 1677/172/1605 1670/1236/1598 
f 2405/171/2331 2404/1235/2330 1268/1237/1196 
f 1268/1237/1196 1270/174/1198 2405/171/2331 
f 1268/1237/1196 2404/1235/2330 2403/154/2329 
f 2403/154/2329 89/103/89 1268/1237/1196 
f 2406/154/2332 2407/1277/2333 91/1278/91 
f 91/1278/91 94/187/94 2406/154/2332 
f 91/1278/91 2407/1277/2333 2333/1279/2259 
f 2333/1279/2259 99/1280/99 91/1278/91 
f 2333/1279/2259 2407/1277/2333 2408/1281/2334 
f 2408/1281/2334 105/1282/105 2333/1279/2259 
f 2408/1281/2334 2407/1277/2333 2406/154/2332 
f 2406/154/2332 2409/103/2335 2408/1281/2334 
f 2410/154/2336 2411/1235/2337 1693/1236/1621 
f 1693/1236/1621 1695/187/1623 2410/154/2336 
f 1693/1236/1621 2411/1235/2337 2332/171/2258 
f 2332/171/2258 107/172/107 1693/1236/1621 
f 2332/171/2258 2411/1235/2337 1800/1237/1728 
f 1800/1237/1728 1803/174/1731 2332/171/2258 
f 1800/1237/1728 2411/1235/2337 2410/154/2336 
f 2410/154/2336 1687/103/1615 1800/1237/1728 
f 2309/154/2235 2412/1277/2338 109/1278/109 
f 109/1278/109 112/187/112 2309/154/2235 
f 109/1278/109 2412/1277/2338 2413/1279/2339 
f 2413/1279/2339 117/1280/117 109/1278/109 
f 2413/1279/2339 2412/1277/2338 2414/1281/2340 
f 2414/1281/2340 123/1282/123 2413/1279/2339 
f 2414/1281/2340 2412/1277/2338 2309/154/2235 
f 2309/154/2235 2312/103/2238 2414/1281/2340 
f 2415/154/2341 2416/1235/2342 1806/1236/1734 
f 1806/1236/1734 1809/187/1737 2415/154/2341 
f 1806/1236/1734 2416/1235/2342 2417/171/2343 
f 2417/171/2343 1699/172/1627 1806/1236/1734 
f 2417/171/2343 2416/1235/2342 1703/1237/1631 
f 1703/1237/1631 1705/174/1633 2417/171/2343 
f 1703/1237/1631 2416/1235/2342 2415/154/2341 
f 2415/154/2341 125/103/125 1703/1237/1631 
f 2378/154/2304 2418/1235/2344 1742/1236/1670 
f 1742/1236/1670 1170/187/1098 2378/154/2304 
f 1742/1236/1670 2418/1235/2344 2419/171/2345 
f 2419/171/2345 1743/172/1671 1742/1236/1670 
f 2419/171/2345 2418/1235/2344 1775/1237/1703 
f 1775/1237/1703 1176/174/1104 2419/171/2345 
f 1775/1237/1703 2418/1235/2344 2378/154/2304 
f 2378/154/2304 1615/103/1543 1775/1237/1703 
f 2343/154/2269 2420/1235/2346 1744/1236/1672 
f 1744/1236/1672 1747/187/1675 2343/154/2269 
f 1744/1236/1672 2420/1235/2346 2382/171/2308 
f 2382/171/2308 1196/172/1124 1744/1236/1672 
f 2382/171/2308 2420/1235/2346 1616/1237/1544 
f 1616/1237/1544 1619/174/1547 2382/171/2308 
f 1616/1237/1544 2420/1235/2346 2343/154/2269 
f 2343/154/2269 1183/103/1111 1616/1237/1544 
f 2348/154/2274 2421/1235/2347 1781/1236/1709 
f 1781/1236/1709 1209/187/1137 2348/154/2274 
f 1781/1236/1709 2421/1235/2347 2387/171/2313 
f 2387/171/2313 1635/172/1563 1781/1236/1709 
f 2387/171/2313 2421/1235/2347 1750/1237/1678 
f 1750/1237/1678 1203/174/1131 2387/171/2313 
f 1750/1237/1678 2421/1235/2347 2348/154/2274 
f 2348/154/2274 1751/103/1679 1750/1237/1678 
f 2391/154/2317 2422/1235/2348 1637/1236/1565 
f 1637/1236/1565 1640/187/1568 2391/154/2317 
f 1637/1236/1565 2422/1235/2348 2351/171/2277 
f 2351/171/2277 1216/172/1144 1637/1236/1565 
f 2351/171/2277 2422/1235/2348 1226/1237/1154 
f 1226/1237/1154 1229/174/1157 2351/171/2277 
f 1226/1237/1154 2422/1235/2348 2391/154/2317 
f 2391/154/2317 1227/103/1155 1226/1237/1154 
f 2356/154/2282 2423/1235/2349 1243/1236/1171 
f 1243/1236/1171 1246/187/1174 2356/154/2282 
f 1243/1236/1171 2423/1235/2349 2396/171/2322 
f 2396/171/2322 1244/172/1172 1243/1236/1171 
f 2396/171/2322 2423/1235/2349 1788/1237/1716 
f 1788/1237/1716 1653/174/1581 2396/171/2322 
f 1788/1237/1716 2423/1235/2349 2356/154/2282 
f 2356/154/2282 1789/103/1717 1788/1237/1716 
f 2359/154/2285 2424/1235/2350 1666/1236/1594 
f 1666/1236/1594 1669/187/1597 2359/154/2285 
f 1666/1236/1594 2424/1235/2350 2399/171/2325 
f 2399/171/2325 1667/172/1595 1666/1236/1594 
f 2399/171/2325 2424/1235/2350 1792/1237/1720 
f 1792/1237/1720 1663/174/1591 2399/171/2325 
f 1792/1237/1720 2424/1235/2350 2359/154/2285 
f 2359/154/2285 1793/103/1721 1792/1237/1720 
f 2405/154/2331 2425/1235/2351 1798/1236/1726 
f 1798/1236/1726 1677/187/1605 2405/154/2331 
f 1798/1236/1726 2425/1235/2351 2366/171/2292 
f 2366/171/2292 1799/172/1727 1798/1236/1726 
f 2366/171/2292 2425/1235/2351 1757/1237/1685 
f 1757/1237/1685 1760/174/1688 2366/171/2292 
f 1757/1237/1685 2425/1235/2351 2405/154/2331 
f 2405/154/2331 1270/103/1198 1757/1237/1685 
f 2410/154/2336 2426/1235/2352 1684/1236/1612 
f 1684/1236/1612 1687/187/1615 2410/154/2336 
f 1684/1236/1612 2426/1235/2352 2427/171/2353 
f 2427/171/2353 1691/172/1619 1684/1236/1612 
f 2427/171/2353 2426/1235/2352 1804/1237/1732 
f 1804/1237/1732 1283/174/1211 2427/171/2353 
f 1804/1237/1732 2426/1235/2352 2410/154/2336 
f 2410/154/2336 1695/103/1623 1804/1237/1732 
f 2373/154/2299 2428/1235/2354 1810/1236/1738 
f 1810/1236/1738 1301/187/1229 2373/154/2299 
f 1810/1236/1738 2428/1235/2354 2417/171/2343 
f 2417/171/2343 1705/172/1633 1810/1236/1738 
f 2417/171/2343 2428/1235/2354 1696/1237/1624 
f 1696/1237/1624 1699/174/1627 2417/171/2343 
f 1696/1237/1624 2428/1235/2354 2373/154/2299 
f 2373/154/2299 1290/103/1218 1696/1237/1624 
f 1029/154/957 2429/1283/2355 2267/1236/2193 
f 2267/1236/2193 1030/187/958 1029/154/957 
f 2267/1236/2193 2429/1283/2355 2340/1235/2266 
f 2340/1235/2266 1039/172/967 2267/1236/2193 
f 2340/1235/2266 2429/1283/2355 1029/154/957 
f 1029/154/957 1032/103/960 2340/1235/2266 
f 1045/154/973 2430/1283/2356 2271/1236/2197 
f 2271/1236/2197 1046/187/974 1045/154/973 
f 2271/1236/2197 2430/1283/2356 2431/1235/2357 
f 2431/1235/2357 1055/172/983 2271/1236/2197 
f 2431/1235/2357 2430/1283/2356 1045/154/973 
f 1045/154/973 1048/103/976 2431/1235/2357 
f 2432/154/2358 2433/1283/2359 1061/1236/989 
f 1061/1236/989 1064/187/992 2432/154/2358 
f 1061/1236/989 2433/1283/2359 1068/1235/996 
f 1068/1235/996 1062/172/990 1061/1236/989 
f 1068/1235/996 2433/1283/2359 2432/154/2358 
f 2432/154/2358 1069/103/997 1068/1235/996 
f 1076/154/1004 2434/1283/2360 2278/1236/2204 
f 2278/1236/2204 1077/187/1005 1076/154/1004 
f 2278/1236/2204 2434/1283/2360 2435/1235/2361 
f 2435/1235/2361 1086/172/1014 2278/1236/2204 
f 2435/1235/2361 2434/1283/2360 1076/154/1004 
f 1076/154/1004 1079/103/1007 2435/1235/2361 
f 2436/154/2362 2437/1283/2363 1092/1236/1020 
f 1092/1236/1020 1095/187/1023 2436/154/2362 
f 1092/1236/1020 2437/1283/2363 2281/1235/2207 
f 2281/1235/2207 1093/172/1021 1092/1236/1020 
f 2281/1235/2207 2437/1283/2363 2436/154/2362 
f 2436/154/2362 1102/103/1030 2281/1235/2207 
f 2438/154/2364 2439/1283/2365 2284/1236/2210 
f 2284/1236/2210 1110/187/1038 2438/154/2364 
f 2284/1236/2210 2439/1283/2365 2287/1235/2213 
f 2287/1235/2213 2285/172/2211 2284/1236/2210 
f 2287/1235/2213 2439/1283/2365 2438/154/2364 
f 2438/154/2364 1116/103/1044 2287/1235/2213 
f 2440/154/2366 2441/1283/2367 2290/1236/2216 
f 2290/1236/2216 1124/187/1052 2440/154/2366 
f 2290/1236/2216 2441/1283/2367 2293/1235/2219 
f 2293/1235/2219 2291/172/2217 2290/1236/2216 
f 2293/1235/2219 2441/1283/2367 2440/154/2366 
f 2440/154/2366 1130/103/1058 2293/1235/2219 
f 2296/154/2222 2442/1283/2368 2299/1236/2225 
f 2299/1236/2225 2297/187/2223 2296/154/2222 
f 2299/1236/2225 2442/1283/2368 2370/1235/2296 
f 2370/1235/2296 1144/172/1072 2299/1236/2225 
f 2370/1235/2296 2442/1283/2368 2296/154/2222 
f 2296/154/2222 1138/103/1066 2370/1235/2296 
f 1150/154/1078 2443/1283/2369 2303/1236/2229 
f 2303/1236/2229 1151/187/1079 1150/154/1078 
f 2303/1236/2229 2443/1283/2369 2444/1235/2370 
f 2444/1235/2370 1160/172/1088 2303/1236/2229 
f 2444/1235/2370 2443/1283/2369 1150/154/1078 
f 1150/154/1078 1153/103/1081 2444/1235/2370 
f 2445/1698/2371 2446/1699/2372 1383/1700/1311 
f 1383/1700/1311 1384/172/1312 2445/1698/2371 
f 2311/1670/2237 261/1582/261 1383/1700/1311 
f 1383/1700/1311 2446/1699/2372 2311/1670/2237 
f 2311/1670/2237 2446/1699/2372 2445/1698/2371 
f 2445/1698/2371 2312/1671/2238 2311/1670/2237 
f 1313/1701/1241 2447/1702/2373 1336/1703/1264 
f 1336/1703/1264 1314/1704/1242 1313/1701/1241 
f 2315/1674/2241 133/1596/133 1336/1703/1264 
f 1336/1703/1264 2447/1702/2373 2315/1674/2241 
f 2315/1674/2241 2447/1702/2373 1313/1701/1241 
f 1313/1701/1241 1316/1675/1244 2315/1674/2241 
f 2251/1705/2177 2448/1706/2374 1340/1707/1268 
f 1340/1707/1268 1341/174/1269 2251/1705/2177 
f 2322/1678/2248 206/1589/206 1340/1707/1268 
f 1340/1707/1268 2448/1706/2374 2322/1678/2248 
f 2322/1678/2248 2448/1706/2374 2251/1705/2177 
f 2251/1705/2177 2253/1679/2179 2322/1678/2248 
f 2385/154/2311 2449/1283/2375 1348/1236/1276 
f 1348/1236/1276 1349/187/1277 2385/154/2311 
f 159/172/159 1348/1236/1276 2449/1283/2375 
f 2449/1283/2375 156/1235/156 159/172/159 
f 156/1235/156 2449/1283/2375 2385/154/2311 
f 2385/154/2311 157/103/157 156/1235/156 
f 2306/154/2232 2450/1283/2376 177/1236/177 
f 177/1236/177 180/187/180 2306/154/2232 
f 178/172/178 177/1236/177 2450/1283/2376 
f 2450/1283/2376 1353/1235/1281 178/172/178 
f 1353/1235/1281 2450/1283/2376 2306/154/2232 
f 2306/154/2232 1354/103/1282 1353/1235/1281 
f 2262/154/2188 2451/1283/2377 198/1236/198 
f 198/1236/198 199/187/199 2262/154/2188 
f 191/172/191 198/1236/198 2451/1283/2377 
f 2451/1283/2377 188/1235/188 191/172/191 
f 188/1235/188 2451/1283/2377 2262/154/2188 
f 2262/154/2188 189/103/189 188/1235/188 
f 2336/154/2262 2452/1283/2378 220/1236/220 
f 220/1236/220 222/187/222 2336/154/2262 
f 221/172/221 220/1236/220 2452/1283/2378 
f 2452/1283/2378 2243/1235/2169 221/172/221 
f 2243/1235/2169 2452/1283/2378 2336/154/2262 
f 2336/154/2262 2244/103/2170 2243/1235/2169 
f 2257/154/2183 2453/1283/2379 2327/1236/2253 
f 2327/1236/2253 2258/187/2184 2257/154/2183 
f 2060/172/1987 2327/1236/2253 2453/1283/2379 
f 2453/1283/2379 2248/1235/2174 2060/172/1987 
f 2248/1235/2174 2453/1283/2379 2257/154/2183 
f 2257/154/2183 76/103/76 2248/1235/2174 
f 2454/1597/2380 2455/1598/2381 2415/171/2341 
f 2415/171/2341 1809/172/1737 2454/1597/2380 
f 2415/171/2341 2455/1598/2381 122/1599/122 
f 122/1599/122 125/174/125 2415/171/2341 
f 122/1599/122 2455/1598/2381 2413/1279/2339 
f 2413/1279/2339 123/1282/123 122/1599/122 
f 2413/1279/2339 2455/1598/2381 2454/1597/2380 
f 2454/1597/2380 117/1280/117 2413/1279/2339 
f 2386/1708/2312 2456/1709/2382 154/1710/154 
f 154/1710/154 157/128/157 2386/1708/2312 
f 154/1710/154 2456/1709/2382 1367/1611/1295 
f 1367/1611/1295 155/1614/155 154/1710/154 
f 1367/1611/1295 2456/1709/2382 3/3/3 
f 3/3/3 6/6/6 1367/1611/1295 
f 3/3/3 2456/1709/2382 2386/1708/2312 
f 2386/1708/2312 4/4/4 3/3/3 
f 211/1711/211 2457/1712/2383 1343/1713/1271 
f 1343/1713/1271 212/1714/212 211/1711/211 
f 1343/1713/1271 2457/1712/2383 2383/1708/2309 
f 2383/1708/2309 1349/128/1277 1343/1713/1271 
f 2383/1708/2309 2457/1712/2383 12/12/12 
f 12/12/12 15/4/15 2383/1708/2309 
f 12/12/12 2457/1712/2383 211/1711/211 
f 211/1711/211 13/13/13 12/12/12 
f 2307/1715/2233 2458/1716/2384 1352/1717/1280 
f 1352/1717/1280 1354/1718/1282 2307/1715/2233 
f 1352/1717/1280 2458/1716/2384 207/1711/207 
f 207/1711/207 210/1714/210 1352/1717/1280 
f 207/1711/207 2458/1716/2384 21/18/21 
f 21/18/21 24/13/24 207/1711/207 
f 21/18/21 2458/1716/2384 2307/1715/2233 
f 2307/1715/2233 22/19/22 21/18/21 
f 2247/1719/2173 2459/1720/2385 179/1721/179 
f 179/1721/179 182/1722/182 2247/1719/2173 
f 179/1721/179 2459/1720/2385 2304/1715/2230 
f 2304/1715/2230 180/1718/180 179/1721/179 
f 2304/1715/2230 2459/1720/2385 30/24/30 
f 30/24/30 33/19/33 2304/1715/2230 
f 30/24/30 2459/1720/2385 2247/1719/2173 
f 2247/1719/2173 31/25/31 30/24/30 
f 2263/1723/2189 2460/1724/2386 186/1725/186 
f 186/1725/186 189/153/189 2263/1723/2189 
f 186/1725/186 2460/1724/2386 2245/1719/2171 
f 2245/1719/2171 187/1722/187 186/1725/186 
f 2245/1719/2171 2460/1724/2386 39/30/39 
f 39/30/39 42/25/42 2245/1719/2171 
f 39/30/39 2460/1724/2386 2263/1723/2189 
f 2263/1723/2189 40/31/40 39/30/39 
f 1566/1726/1494 2461/1727/2387 192/1728/192 
f 192/1728/192 195/156/195 1566/1726/1494 
f 192/1728/192 2461/1727/2387 2260/1723/2186 
f 2260/1723/2186 199/153/199 192/1728/192 
f 2260/1723/2186 2461/1727/2387 48/36/48 
f 48/36/48 51/31/51 2260/1723/2186 
f 48/36/48 2461/1727/2387 1566/1726/1494 
f 1566/1726/1494 49/37/49 48/36/48 
f 2337/1729/2263 2462/1730/2388 2242/1731/2168 
f 2242/1731/2168 2244/1603/2170 2337/1729/2263 
f 2242/1731/2168 2462/1730/2388 1562/1726/1490 
f 1562/1726/1490 1565/156/1493 2242/1731/2168 
f 1562/1726/1490 2462/1730/2388 57/42/57 
f 57/42/57 60/37/60 1562/1726/1490 
f 57/42/57 2462/1730/2388 2337/1729/2263 
f 2337/1729/2263 58/43/58 57/42/57 
f 1570/56/1498 2463/1732/2389 214/1733/214 
f 214/1733/214 217/57/217 1570/56/1498 
f 214/1733/214 2463/1732/2389 2334/1729/2260 
f 2334/1729/2260 222/1603/222 214/1733/214 
f 2334/1729/2260 2463/1732/2389 66/48/66 
f 66/48/66 69/43/69 2334/1729/2260 
f 66/48/66 2463/1732/2389 1570/56/1498 
f 1570/56/1498 67/49/67 66/48/66 
f 2232/46/2158 2464/1734/2390 1672/1344/1600 
f 1672/1344/1600 1675/51/1603 2232/46/2158 
f 1672/1344/1600 2464/1734/2390 2401/64/2327 
f 2401/64/2327 1673/66/1601 1672/1344/1600 
f 2401/64/2327 2464/1734/2390 79/58/79 
f 79/58/79 81/59/81 2401/64/2327 
f 79/58/79 2464/1734/2390 2232/46/2158 
f 2232/46/2158 80/49/80 79/58/79 
f 2229/72/2155 2465/1735/2391 2325/1736/2251 
f 2325/1736/2251 1601/73/1529 2229/72/2155 
f 2325/1736/2251 2465/1735/2391 2255/52/2181 
f 2255/52/2181 2258/55/2184 2325/1736/2251 
f 2255/52/2181 2465/1735/2391 84/62/84 
f 84/62/84 87/59/87 2255/52/2181 
f 84/62/84 2465/1735/2391 2229/72/2155 
f 2229/72/2155 85/63/85 84/62/84 
f 1573/60/1501 2466/1737/2392 1802/1406/1730 
f 1802/1406/1730 1539/67/1467 1573/60/1501 
f 1802/1406/1730 2466/1737/2392 2330/80/2256 
f 2330/80/2256 1803/82/1731 1802/1406/1730 
f 2330/80/2256 2466/1737/2392 97/74/97 
f 97/74/97 99/75/99 2330/80/2256 
f 97/74/97 2466/1737/2392 1573/60/1501 
f 1573/60/1501 98/63/98 97/74/97 
f 1577/88/1505 2467/1738/2393 2468/1739/2394 
f 2468/1739/2394 1377/89/1305 1577/88/1505 
f 2468/1739/2394 2467/1738/2393 2408/68/2334 
f 2408/68/2334 2409/71/2335 2468/1739/2394 
f 2408/68/2334 2467/1738/2393 102/78/102 
f 102/78/102 105/75/105 2408/68/2334 
f 102/78/102 2467/1738/2393 1577/88/1505 
f 1577/88/1505 103/79/103 102/78/102 
f 2324/76/2250 2469/1740/2395 1808/1409/1736 
f 1808/1409/1736 1543/83/1471 2324/76/2250 
f 1808/1409/1736 2469/1740/2395 2454/96/2380 
f 2454/96/2380 1809/98/1737 1808/1409/1736 
f 2454/96/2380 2469/1740/2395 115/90/115 
f 115/90/115 117/91/117 2454/96/2380 
f 115/90/115 2469/1740/2395 2324/76/2250 
f 2324/76/2250 116/79/116 115/90/115 
f 1551/1741/1479 2470/1742/2396 2445/1743/2371 
f 2445/1743/2371 1384/1744/1312 1551/1741/1479 
f 2445/1743/2371 2470/1742/2396 2414/84/2340 
f 2414/84/2340 2312/87/2238 2445/1743/2371 
f 2414/84/2340 2470/1742/2396 120/94/120 
f 120/94/120 123/91/123 2414/84/2340 
f 120/94/120 2470/1742/2396 1551/1741/1479 
f 1551/1741/1479 121/95/121 120/94/120 
f 2377/1187/2303 2471/1745/2397 2233/1746/2159 
f 2233/1746/2159 2236/105/2162 2377/1187/2303 
f 2233/1746/2159 2471/1745/2397 1548/1747/1476 
f 1548/1747/1476 132/1748/132 2233/1746/2159 
f 1548/1747/1476 2471/1745/2397 1307/1179/1235 
f 1307/1179/1235 1310/1182/1238 1548/1747/1476 
f 1307/1179/1235 2471/1745/2397 2377/1187/2303 
f 2377/1187/2303 1308/1180/1236 1307/1179/1235 
f 93/1749/93 2472/1750/2398 2473/1751/2399 
f 2473/1751/2399 94/1752/94 93/1749/93 
f 2473/1751/2399 2472/1750/2398 245/1707/245 
f 245/1707/245 246/1753/246 2473/1751/2399 
f 245/1707/245 2472/1750/2398 93/1749/93 
f 93/1749/93 96/103/96 245/1707/245 
f 2406/1754/2332 2474/1755/2400 2475/1756/2401 
f 2475/1756/2401 2409/1757/2335 2406/1754/2332 
f 246/1753/246 2475/1756/2401 2474/1755/2400 
f 2474/1755/2400 2473/1751/2399 246/1753/246 
f 2473/1751/2399 2474/1755/2400 2406/1754/2332 
f 2406/1754/2332 94/1752/94 2473/1751/2399 
f 2468/1758/2394 2476/1759/2402 1376/1760/1304 
f 1376/1760/1304 1377/1761/1305 2468/1758/2394 
f 2475/1756/2401 246/1753/246 1376/1760/1304 
f 1376/1760/1304 2476/1759/2402 2475/1756/2401 
f 2475/1756/2401 2476/1759/2402 2468/1758/2394 
f 2468/1758/2394 2409/1757/2335 2475/1756/2401 
f 2341/1290/2267 2477/1762/2403 1036/983/964 
f 1036/983/964 1039/986/967 2341/1290/2267 
f 1036/983/964 2477/1762/2403 1709/1763/1637 
f 1709/1763/1637 1037/984/965 1036/983/964 
f 1709/1763/1637 2477/1762/2403 1177/1068/1105 
f 1177/1068/1105 1179/1070/1107 1709/1763/1637 
f 1177/1068/1105 2477/1762/2403 2341/1290/2267 
f 2341/1290/2267 1178/1069/1106 1177/1068/1105 
f 1711/1763/1639 2478/1764/2404 2268/1765/2194 
f 2268/1765/2194 1408/984/1336 1711/1763/1639 
f 2268/1765/2194 2478/1764/2404 2479/1303/2405 
f 2479/1303/2405 1048/994/976 2268/1765/2194 
f 2479/1303/2405 2478/1764/2404 1186/1075/1114 
f 1186/1075/1114 1188/1076/1116 2479/1303/2405 
f 1186/1075/1114 2478/1764/2404 1711/1763/1639 
f 1711/1763/1639 1187/1070/1115 1186/1075/1114 
f 2480/1310/2406 2481/1766/2407 2274/999/2200 
f 2274/999/2200 1069/1002/997 2480/1310/2406 
f 2274/999/2200 2481/1766/2407 1511/1767/1439 
f 1511/1767/1439 1428/1000/1356 2274/999/2200 
f 1511/1767/1439 2481/1766/2407 1210/1095/1138 
f 1210/1095/1138 1212/1097/1140 1511/1767/1439 
f 1210/1095/1138 2481/1766/2407 2480/1310/2406 
f 2480/1310/2406 1211/1096/1139 1210/1095/1138 
f 1509/1767/1437 2482/1768/2408 2275/1769/2201 
f 2275/1769/2201 1431/1000/1359 1509/1767/1437 
f 2275/1769/2201 2482/1768/2408 2483/1319/2409 
f 2483/1319/2409 1079/1010/1007 2275/1769/2201 
f 2483/1319/2409 2482/1768/2408 1219/1102/1147 
f 1219/1102/1147 1221/1103/1149 2483/1319/2409 
f 1219/1102/1147 2482/1768/2408 1509/1767/1437 
f 1509/1767/1437 1220/1097/1148 1219/1102/1147 
f 2357/1326/2283 2484/1770/2410 1787/1399/1715 
f 1787/1399/1715 1789/1126/1717 2357/1326/2283 
f 1787/1399/1715 2484/1770/2410 1512/1771/1440 
f 1512/1771/1440 1515/1111/1443 1787/1399/1715 
f 1512/1771/1440 2484/1770/2410 1233/1114/1161 
f 1233/1114/1161 1236/1117/1164 1512/1771/1440 
f 1233/1114/1161 2484/1770/2410 2357/1326/2283 
f 2357/1326/2283 1234/1115/1162 1233/1114/1161 
f 2361/1772/2287 2485/1773/2411 1791/1401/1719 
f 1791/1401/1719 1793/1341/1721 2361/1772/2287 
f 1791/1401/1719 2485/1773/2411 1725/1329/1653 
f 1725/1329/1653 1727/1127/1655 1791/1401/1719 
f 1725/1329/1653 2485/1773/2411 1250/1130/1178 
f 1250/1130/1178 1253/1133/1181 1725/1329/1653 
f 1250/1130/1178 2485/1773/2411 2361/1772/2287 
f 2361/1772/2287 1251/1131/1179 1250/1130/1178 
f 2486/1774/2412 2487/1775/2413 1668/1340/1596 
f 1668/1340/1596 1532/1342/1460 2486/1774/2412 
f 1668/1340/1596 2487/1775/2413 2363/1772/2289 
f 2363/1772/2289 1669/1341/1597 1668/1340/1596 
f 2363/1772/2289 2487/1775/2413 1256/1137/1184 
f 1256/1137/1184 1259/1131/1187 2363/1772/2289 
f 1256/1137/1184 2487/1775/2413 2486/1774/2412 
f 2486/1774/2412 1257/1138/1185 1256/1137/1184 
f 2367/1776/2293 2488/1777/2414 1797/1404/1725 
f 1797/1404/1725 1799/1392/1727 2367/1776/2293 
f 1797/1404/1725 2488/1777/2414 2489/1774/2415 
f 2489/1774/2415 1533/1342/1461 1797/1404/1725 
f 2489/1774/2415 2488/1777/2414 1262/1141/1190 
f 1262/1141/1190 1265/1138/1193 2489/1774/2415 
f 1262/1141/1190 2488/1777/2414 2367/1776/2293 
f 2367/1776/2293 1263/1142/1191 1262/1141/1190 
f 2490/1161/2416 2491/1778/2417 1689/1354/1617 
f 1689/1354/1617 1691/1162/1619 2490/1161/2416 
f 1689/1354/1617 2491/1778/2417 1733/1779/1661 
f 1733/1779/1661 1690/1355/1618 1689/1354/1617 
f 1733/1779/1661 2491/1778/2417 1274/1152/1202 
f 1274/1152/1202 1277/1155/1205 1733/1779/1661 
f 1274/1152/1202 2491/1778/2417 2490/1161/2416 
f 2490/1161/2416 1275/1153/1203 1274/1152/1202 
f 2371/1150/2297 2492/1780/2418 1141/1040/1069 
f 1141/1040/1069 1144/1043/1072 2371/1150/2297 
f 1141/1040/1069 2492/1780/2418 1736/1781/1664 
f 1736/1781/1664 1142/1041/1070 1141/1040/1069 
f 1736/1781/1664 2492/1780/2418 1284/1163/1212 
f 1284/1163/1212 1286/1164/1214 1736/1781/1664 
f 1284/1163/1212 2492/1780/2418 2371/1150/2297 
f 2371/1150/2297 1285/1153/1213 1284/1163/1212 
f 1738/1781/1666 2493/1782/2419 2300/1783/2226 
f 2300/1783/2226 1484/1041/1412 1738/1781/1666 
f 2300/1783/2226 2493/1782/2419 2494/1784/2420 
f 2494/1784/2420 1153/1051/1081 2300/1783/2226 
f 2494/1784/2420 2493/1782/2419 1293/1169/1221 
f 1293/1169/1221 1295/1170/1223 2494/1784/2420 
f 1293/1169/1221 2493/1782/2419 1738/1781/1666 
f 1738/1781/1666 1294/1164/1222 1293/1169/1221 
f 2495/1784/2421 2496/1785/2422 1157/1048/1085 
f 1157/1048/1085 1160/1051/1088 2495/1784/2421 
f 1157/1048/1085 2496/1785/2422 1706/1786/1634 
f 1706/1786/1634 1158/1049/1086 1157/1048/1085 
f 1706/1786/1634 2496/1785/2422 1302/1175/1230 
f 1302/1175/1230 1304/1176/1232 1706/1786/1634 
f 1302/1175/1230 2496/1785/2422 2495/1784/2421 
f 2495/1784/2421 1303/1170/1231 1302/1175/1230 
f 1622/1371/1550 2497/1372/2423 1418/171/1346 
f 1418/171/1346 1053/172/981 1622/1371/1550 
f 1418/171/1346 2497/1372/2423 1625/1373/1553 
f 1625/1373/1553 1419/174/1347 1418/171/1346 
f 1625/1373/1553 2497/1372/2423 1501/1258/1429 
f 1501/1258/1429 1504/1261/1432 1625/1373/1553 
f 1501/1258/1429 2497/1372/2423 1622/1371/1550 
f 1622/1371/1550 1502/1259/1430 1501/1258/1429 
f 1217/1268/1145 2498/1269/2424 1814/1253/1742 
f 1814/1253/1742 1218/1255/1146 1217/1268/1145 
f 1814/1253/1742 2498/1269/2424 1204/1270/1132 
f 1204/1270/1132 1207/1254/1135 1814/1253/1742 
f 1204/1270/1132 2498/1269/2424 1510/1264/1438 
f 1510/1264/1438 1212/1267/1140 1204/1270/1132 
f 1510/1264/1438 2498/1269/2424 1217/1268/1145 
f 1217/1268/1145 1220/1265/1148 1510/1264/1438 
f 1645/1266/1573 2499/1262/2425 1441/154/1369 
f 1441/154/1369 1084/103/1012 1645/1266/1573 
f 1441/154/1369 2499/1262/2425 1235/1263/1163 
f 1235/1263/1163 1238/187/1166 1441/154/1369 
f 1235/1263/1163 2499/1262/2425 1517/1264/1445 
f 1517/1264/1445 1236/1265/1164 1235/1263/1163 
f 1517/1264/1445 2499/1262/2425 1645/1266/1573 
f 1645/1266/1573 1518/1267/1446 1517/1264/1445 
f 2500/1066/2426 2501/1787/2427 1741/1376/1669 
f 1741/1376/1669 1743/1067/1671 2500/1066/2426 
f 1741/1376/1669 2501/1787/2427 2502/1788/2428 
f 2502/1788/2428 1489/1377/1417 1741/1376/1669 
f 2502/1788/2428 2501/1787/2427 1606/1291/1534 
f 1606/1291/1534 1608/1292/1536 2502/1788/2428 
f 1606/1291/1534 2501/1787/2427 2500/1066/2426 
f 2500/1066/2426 1607/1069/1535 1606/1291/1534 
f 1499/1789/1427 2503/1790/2429 1746/1380/1674 
f 1746/1380/1674 1507/1382/1435 1499/1789/1427 
f 1746/1380/1674 2503/1790/2429 2346/1071/2272 
f 2346/1071/2272 1747/1074/1675 1746/1380/1674 
f 2346/1071/2272 2503/1790/2429 1623/1306/1551 
f 1623/1306/1551 1624/1076/1552 2346/1071/2272 
f 1623/1306/1551 2503/1790/2429 1499/1789/1427 
f 1499/1789/1427 1502/1307/1430 1623/1306/1551 
f 2349/1093/2275 2504/1791/2430 1749/1384/1677 
f 1749/1384/1677 1751/1094/1679 2349/1093/2275 
f 1749/1384/1677 2504/1791/2430 1503/1789/1431 
f 1503/1789/1431 1506/1382/1434 1749/1384/1677 
f 1503/1789/1431 2504/1791/2430 1629/1311/1557 
f 1629/1311/1557 1504/1307/1432 1503/1789/1431 
f 1629/1311/1557 2504/1791/2430 2349/1093/2275 
f 2349/1093/2275 1630/1096/1558 1629/1311/1557 
f 1516/1771/1444 2505/1792/2431 1228/1110/1156 
f 1228/1110/1156 1230/1111/1158 1516/1771/1444 
f 1228/1110/1156 2505/1792/2431 2354/1098/2280 
f 2354/1098/2280 1229/1101/1157 1228/1110/1156 
f 2354/1098/2280 2505/1792/2431 1646/1321/1574 
f 1646/1321/1574 1647/1103/1575 2354/1098/2280 
f 1646/1321/1574 2505/1792/2431 1516/1771/1444 
f 1516/1771/1444 1518/1117/1446 1646/1321/1574 
f 2506/1112/2432 2507/1793/2433 1099/1015/1027 
f 1099/1015/1027 1102/1018/1030 2506/1112/2432 
f 1099/1015/1027 2507/1793/2433 2508/1132/2434 
f 2508/1132/2434 1100/1016/1028 1099/1015/1027 
f 2508/1132/2434 2507/1793/2433 1656/1328/1584 
f 1656/1328/1584 1659/1133/1587 2508/1132/2434 
f 1656/1328/1584 2507/1793/2433 2506/1112/2432 
f 2506/1112/2432 1657/1115/1585 1656/1328/1584 
f 1730/1779/1658 2509/1794/2435 1759/1391/1687 
f 1759/1391/1687 1735/1355/1663 1730/1779/1658 
f 1759/1391/1687 2509/1794/2435 2364/1776/2290 
f 2364/1776/2290 1760/1392/1688 1759/1391/1687 
f 2364/1776/2290 2509/1794/2435 1681/1348/1609 
f 1681/1348/1609 1683/1142/1611 2364/1776/2290 
f 1681/1348/1609 2509/1794/2435 1730/1779/1658 
f 1730/1779/1658 1682/1155/1610 1681/1348/1609 
f 2502/1260/2428 2510/1257/2436 1487/1240/1415 
f 1487/1240/1415 1489/1243/1417 2502/1260/2428 
f 1487/1240/1415 2510/1257/2436 1296/1256/1224 
f 1296/1256/1224 1299/1241/1227 1487/1240/1415 
f 1296/1256/1224 2510/1257/2436 1708/1258/1636 
f 1708/1258/1636 1304/1259/1232 1296/1256/1224 
f 1708/1258/1636 2510/1257/2436 2502/1260/2428 
f 2502/1260/2428 1608/1261/1536 1708/1258/1636 
f 1184/1268/1112 2511/1269/2437 1498/1253/1426 
f 1498/1253/1426 1185/1255/1113 1184/1268/1112 
f 1498/1253/1426 2511/1269/2437 1171/1270/1099 
f 1171/1270/1099 1174/1254/1102 1498/1253/1426 
f 1171/1270/1099 2511/1269/2437 1712/1264/1640 
f 1712/1264/1640 1179/1267/1107 1171/1270/1099 
f 1712/1264/1640 2511/1269/2437 1184/1268/1112 
f 1184/1268/1112 1187/1265/1115 1712/1264/1640 
f 2508/1371/2434 2512/1372/2438 1450/171/1378 
f 1450/171/1378 1100/172/1028 2508/1371/2434 
f 1450/171/1378 2512/1372/2438 1252/1373/1180 
f 1252/1373/1180 1107/174/1035 1450/171/1378 
f 1252/1373/1180 2512/1372/2438 1724/1258/1652 
f 1724/1258/1652 1253/1261/1181 1252/1373/1180 
f 1724/1258/1652 2512/1372/2438 2508/1371/2434 
f 2508/1371/2434 1659/1259/1587 1724/1258/1652 
f 2489/1268/2415 2513/1269/2439 1531/1253/1459 
f 1531/1253/1459 1533/1255/1461 2489/1268/2415 
f 1531/1253/1459 2513/1269/2439 2486/1270/2412 
f 2486/1270/2412 1532/1254/1460 1531/1253/1459 
f 2486/1270/2412 2513/1269/2439 1729/1264/1657 
f 1729/1264/1657 1257/1267/1185 2486/1270/2412 
f 1729/1264/1657 2513/1269/2439 2489/1268/2415 
f 2489/1268/2415 1265/1265/1193 1729/1264/1657 
f 1680/1371/1608 2514/1372/2440 1472/171/1400 
f 1472/171/1400 1128/172/1056 1680/1371/1608 
f 1472/171/1400 2514/1372/2440 1276/1373/1204 
f 1276/1373/1204 1135/174/1063 1472/171/1400 
f 1276/1373/1204 2514/1372/2440 1732/1258/1660 
f 1732/1258/1660 1277/1261/1205 1276/1373/1204 
f 1732/1258/1660 2514/1372/2440 1680/1371/1608 
f 1680/1371/1608 1682/1259/1610 1732/1258/1660 
f 1291/1268/1219 2515/1269/2441 1774/1253/1702 
f 1774/1253/1702 1292/1255/1220 1291/1268/1219 
f 1774/1253/1702 2515/1269/2441 1278/1270/1206 
f 1278/1270/1206 1281/1254/1209 1774/1253/1702 
f 1278/1270/1206 2515/1269/2441 1739/1264/1667 
f 1739/1264/1667 1286/1267/1214 1278/1270/1206 
f 1739/1264/1667 2515/1269/2441 1291/1268/1219 
f 1291/1268/1219 1294/1265/1222 1739/1264/1667 
f 1175/1691/1103 2516/1689/2442 2419/154/2345 
f 2419/154/2345 1176/103/1104 1175/1691/1103 
f 2419/154/2345 2516/1689/2442 2500/1690/2426 
f 2500/1690/2426 1743/187/1671 2419/154/2345 
f 2500/1690/2426 2516/1689/2442 2342/1686/2268 
f 2342/1686/2268 1607/1688/1535 2500/1690/2426 
f 2342/1686/2268 2516/1689/2442 1175/1691/1103 
f 1175/1691/1103 1178/1687/1106 2342/1686/2268 
f 2479/1683/2405 2517/1684/2443 2431/171/2357 
f 2431/171/2357 1048/172/976 2479/1683/2405 
f 2431/171/2357 2517/1684/2443 1620/1685/1548 
f 1620/1685/1548 1055/174/983 2431/171/2357 
f 1620/1685/1548 2517/1684/2443 2345/1686/2271 
f 2345/1686/2271 1624/1687/1552 1620/1685/1548 
f 2345/1686/2271 2517/1684/2443 2479/1683/2405 
f 2479/1683/2405 1188/1688/1116 2345/1686/2271 
f 1628/1795/1556 2518/1796/2444 2432/154/2358 
f 2432/154/2358 1064/103/992 1628/1795/1556 
f 2432/154/2358 2518/1796/2444 2480/1797/2406 
f 2480/1797/2406 1069/187/997 2432/154/2358 
f 2480/1797/2406 2518/1796/2444 2350/1695/2276 
f 2350/1695/2276 1211/1697/1139 2480/1797/2406 
f 2350/1695/2276 2518/1796/2444 1628/1795/1556 
f 1628/1795/1556 1630/1696/1558 2350/1695/2276 
f 2483/1683/2409 2519/1684/2445 2435/171/2361 
f 2435/171/2361 1079/172/1007 2483/1683/2409 
f 2435/171/2361 2519/1684/2445 1643/1685/1571 
f 1643/1685/1571 1086/174/1014 2435/171/2361 
f 1643/1685/1571 2519/1684/2445 2353/1686/2279 
f 2353/1686/2279 1647/1687/1575 1643/1685/1571 
f 2353/1686/2279 2519/1684/2445 2483/1683/2409 
f 2483/1683/2409 1221/1688/1149 2353/1686/2279 
f 1231/1795/1159 2520/1796/2446 2436/154/2362 
f 2436/154/2362 1095/103/1023 1231/1795/1159 
f 2436/154/2362 2520/1796/2446 2506/1797/2432 
f 2506/1797/2432 1102/187/1030 2436/154/2362 
f 2506/1797/2432 2520/1796/2446 2358/1695/2284 
f 2358/1695/2284 1657/1697/1585 2506/1797/2432 
f 2358/1695/2284 2520/1796/2446 1231/1795/1159 
f 1231/1795/1159 1234/1696/1162 2358/1695/2284 
f 1248/1683/1176 2521/1684/2447 2438/171/2364 
f 2438/171/2364 1110/172/1038 1248/1683/1176 
f 2438/171/2364 2521/1684/2447 1258/1685/1186 
f 1258/1685/1186 1116/174/1044 2438/171/2364 
f 1258/1685/1186 2521/1684/2447 2362/1686/2288 
f 2362/1686/2288 1259/1687/1187 1258/1685/1186 
f 2362/1686/2288 2521/1684/2447 1248/1683/1176 
f 1248/1683/1176 1251/1688/1179 2362/1686/2288 
f 1260/1795/1188 2522/1796/2448 2440/154/2366 
f 2440/154/2366 1124/103/1052 1260/1795/1188 
f 2440/154/2366 2522/1796/2448 1678/1797/1606 
f 1678/1797/1606 1130/187/1058 2440/154/2366 
f 1678/1797/1606 2522/1796/2448 2368/1695/2294 
f 2368/1695/2294 1683/1697/1611 1678/1797/1606 
f 2368/1695/2294 2522/1796/2448 1260/1795/1188 
f 1260/1795/1188 1263/1696/1191 2368/1695/2294 
f 1282/1691/1210 2523/1689/2449 2427/154/2353 
f 2427/154/2353 1283/103/1211 1282/1691/1210 
f 2427/154/2353 2523/1689/2449 2490/1690/2416 
f 2490/1690/2416 1691/187/1619 2427/154/2353 
f 2490/1690/2416 2523/1689/2449 2372/1686/2298 
f 2372/1686/2298 1275/1688/1203 2490/1690/2416 
f 2372/1686/2298 2523/1689/2449 1282/1691/1210 
f 1282/1691/1210 1285/1687/1213 2372/1686/2298 
f 2494/1683/2420 2524/1684/2450 2444/171/2370 
f 2444/171/2370 1153/172/1081 2494/1683/2420 
f 2444/171/2370 2524/1684/2450 2495/1685/2421 
f 2495/1685/2421 1160/174/1088 2444/171/2370 
f 2495/1685/2421 2524/1684/2450 2375/1686/2301 
f 2375/1686/2301 1303/1687/1231 2495/1685/2421 
f 2375/1686/2301 2524/1684/2450 2494/1683/2420 
f 2494/1683/2420 1295/1688/1223 2375/1686/2301 
# 5044 faces

