# 3ds Max Wavefront OBJ Exporter v0.99 - (c)2007 guruware
# File Created: 23.09.2025 15:08:57

mtllib Escenario.mtl

#
# object concert_stage_main_final
#

v  18.4120 2.2161 11.6546
v  18.4120 26.5593 11.6546
v  18.4120 26.5593 11.4771
v  18.4120 2.2161 11.4771
v  18.5895 26.5593 11.4771
v  18.5895 2.2161 11.4771
v  18.5895 26.5593 11.6546
v  18.5895 2.2161 11.6546
v  17.1846 2.2263 10.2468
v  17.1846 26.5695 10.2468
v  17.3621 26.5695 10.2468
v  17.3621 2.2263 10.2468
v  17.1846 2.2263 11.6546
v  17.1846 26.5695 11.6546
v  17.1846 26.5695 11.4771
v  17.1846 2.2263 11.4771
v  17.3621 26.5695 11.4771
v  17.3621 2.2263 11.4771
v  17.3621 26.5695 11.6546
v  17.3621 2.2263 11.6546
v  18.5895 2.2161 10.2468
v  18.4120 2.2161 10.2468
v  18.4120 26.5593 10.2468
v  18.5895 26.5593 10.2468
v  18.4120 2.2161 10.4243
v  18.4120 26.5593 10.4243
v  18.5895 2.2161 10.4243
v  18.5895 26.5593 10.4243
v  17.1846 2.2263 10.4243
v  17.1846 26.5695 10.4243
v  17.3621 2.2263 10.4243
v  17.3621 26.5695 10.4243
v  18.5684 2.9617 11.5769
v  18.5684 4.3352 10.4245
v  18.4345 4.3352 10.4245
v  18.4345 2.9617 11.5769
v  18.4345 4.2491 10.3219
v  18.4345 2.8757 11.4744
v  18.5684 4.2491 10.3219
v  18.5684 2.8757 11.4744
v  18.5684 5.7086 11.5769
v  18.4345 5.7086 11.5769
v  18.4345 5.7947 11.4744
v  18.4345 4.4212 10.3219
v  18.5684 5.7947 11.4744
v  18.5684 4.4212 10.3219
v  18.5684 5.8807 11.5769
v  18.5684 7.2542 10.4245
v  18.4345 7.2542 10.4245
v  18.4345 5.8807 11.5769
v  18.4345 7.1681 10.3219
v  18.5684 7.1681 10.3219
v  18.5684 8.6276 11.5769
v  18.4345 8.6276 11.5769
v  18.4345 8.7137 11.4744
v  18.4345 7.3402 10.3219
v  18.5684 8.7137 11.4744
v  18.5684 7.3402 10.3219
v  -19.2766 -0.0219 12.9227
v  -19.2766 2.5408 12.9227
v  -19.2766 2.5408 -9.6312
v  -19.2766 -0.0219 -9.6312
v  19.2766 2.5408 -9.6312
v  19.2766 -0.0219 -9.6312
v  19.2766 2.5408 12.9227
v  19.2766 -0.0219 12.9227
v  19.1163 2.5408 -9.4852
v  19.1163 2.5408 12.7767
v  -21.2165 1.9909 4.6056
v  -21.2165 2.3263 4.6056
v  -21.2165 2.3263 -1.3141
v  -21.2165 1.9909 -1.3141
v  -19.2432 2.3263 4.6056
v  -19.2432 1.9909 4.6056
v  -19.2432 2.3263 -1.3142
v  -21.7098 1.9909 -1.3141
v  -21.7098 1.6554 -1.3141
v  -21.7098 1.6554 4.6056
v  -21.7098 1.9909 4.6056
v  -22.2031 1.6554 -1.3141
v  -22.2031 1.3200 -1.3141
v  -22.2031 1.3200 4.6056
v  -22.2031 1.6554 4.6056
v  -19.2432 1.6554 4.6056
v  -22.6964 1.3200 -1.3141
v  -22.6964 0.9845 -1.3141
v  -22.6964 0.9845 4.6056
v  -22.6964 1.3200 4.6056
v  -19.2432 1.3200 4.6056
v  -19.2432 0.9845 4.6056
v  -23.1898 0.9845 -1.3141
v  -23.1898 0.6490 -1.3141
v  -23.1898 0.6490 4.6056
v  -23.1898 0.9845 4.6056
v  -19.2432 0.6490 4.6056
v  -23.6831 0.6490 -1.3141
v  -23.6831 0.3136 -1.3141
v  -23.6831 0.3136 4.6056
v  -23.6831 0.6490 4.6056
v  -19.2432 0.3136 4.6056
v  -24.1764 0.3136 -1.3141
v  -24.1764 -0.0219 -1.3141
v  -24.1764 -0.0219 4.6056
v  -24.1764 0.3136 4.6056
v  -19.2432 -0.0219 4.6056
v  19.1163 2.4222 -9.4852
v  19.1163 2.4222 12.7767
v  -19.1163 2.5408 12.7767
v  -19.1163 2.5408 -9.4852
v  -19.1163 2.4222 -9.4852
v  -19.1163 2.4222 12.7767
v  13.9983 2.4059 -7.4779
v  15.3337 2.3770 -7.5455
v  15.3459 4.9976 -7.7185
v  14.0186 5.0437 -7.4684
v  15.3701 7.6491 -7.8393
v  14.0524 7.6874 -7.5283
v  15.4048 10.3024 -7.8409
v  14.0729 10.2553 -7.9783
v  15.3743 12.9137 -7.5215
v  14.0830 12.9105 -7.9437
v  15.3742 15.5702 -7.5492
v  14.0857 15.5525 -7.9700
v  15.4375 18.1723 -7.8772
v  14.0818 18.1172 -7.6498
v  15.3943 20.7806 -7.4733
v  14.0764 20.7472 -7.8948
v  15.4206 23.3605 -7.9461
v  14.0794 23.3660 -7.6296
v  12.6682 2.4123 -7.6556
v  12.6979 5.0505 -7.7789
v  12.7124 7.6896 -7.5617
v  12.7255 10.2753 -8.0190
v  12.7364 12.9326 -7.7819
v  12.7323 15.5397 -8.0253
v  12.7374 18.1272 -7.6682
v  12.7375 20.7473 -7.9679
v  12.7339 23.3273 -7.5514
v  11.3308 2.4426 -7.6367
v  11.3499 5.0718 -7.7588
v  11.3663 7.7198 -7.5525
v  11.3802 10.2943 -8.0310
v  11.3838 12.9302 -7.7944
v  11.3866 15.5622 -7.9625
v  11.3938 18.1346 -7.6178
v  11.3959 20.7498 -7.9809
v  11.3935 23.3052 -7.4756
v  9.9960 2.4579 -7.7111
v  9.9992 5.1012 -7.8026
v  10.0224 7.7428 -7.5496
v  10.0376 10.3157 -8.0406
v  10.0370 12.9543 -7.7782
v  10.0456 15.5665 -7.9982
v  10.0500 18.1504 -7.6355
v  10.0540 20.7607 -7.9808
v  10.0556 23.2648 -7.3743
v  8.6602 2.4627 -7.6360
v  8.6673 5.0959 -7.5015
v  8.6796 7.7785 -7.5430
v  8.6948 10.3303 -8.0691
v  8.6932 12.9536 -7.7947
v  8.7030 15.5802 -7.9557
v  8.7076 18.1578 -7.6133
v  8.7131 20.7693 -7.9817
v  8.7083 23.2335 -7.3060
v  7.3335 2.4926 -7.8303
v  7.3610 5.1330 -7.9085
v  7.3388 7.7670 -7.6303
v  7.3548 10.3439 -8.1093
v  7.3532 12.9735 -7.8432
v  7.3651 15.5899 -8.0036
v  7.3656 18.1739 -7.6341
v  7.3722 20.7811 -8.0029
v  7.3607 23.2392 -7.3117
v  5.9965 2.5161 -7.8858
v  6.0169 5.1405 -8.0307
v  6.0007 7.7625 -7.7078
v  6.0139 10.3550 -8.1517
v  6.0129 12.9817 -7.8831
v  6.0238 15.6077 -8.0087
v  6.0245 18.1819 -7.6407
v  6.0317 20.7877 -8.0361
v  6.0158 23.2597 -7.3611
v  4.6600 2.5244 -7.9905
v  4.6765 5.1522 -8.1437
v  4.6608 7.7593 -7.7741
v  4.6747 10.3633 -8.1899
v  4.6745 12.9946 -7.9507
v  4.6839 15.6150 -8.0760
v  4.6825 18.1930 -7.6609
v  4.6912 20.7899 -8.0826
v  4.6752 23.3057 -7.4897
v  3.3220 2.5314 -8.0545
v  3.3348 5.1547 -8.2197
v  3.3221 7.7593 -7.8329
v  3.3352 10.3725 -8.2302
v  3.3357 13.0054 -7.9883
v  3.3427 15.6310 -8.0793
v  3.3406 18.1997 -7.6769
v  3.3481 20.7871 -8.1307
v  3.3414 23.3382 -7.6182
v  1.9837 2.5346 -8.1274
v  1.9929 5.1603 -8.2880
v  1.9832 7.7591 -7.8840
v  1.9952 10.3790 -8.2685
v  1.9969 13.0119 -8.0397
v  2.0015 15.6356 -8.1524
v  1.9986 18.2033 -7.6993
v  2.0038 20.7907 -8.1641
v  2.0033 23.3613 -7.6937
v  0.6443 2.5382 -8.1639
v  0.6496 5.1623 -8.3304
v  0.6447 7.7613 -7.9241
v  0.6562 10.3838 -8.3045
v  0.6585 13.0128 -8.0599
v  0.6600 15.6423 -8.1460
v  0.6567 18.2064 -7.7091
v  0.6587 20.7992 -8.1709
v  0.6609 23.3694 -7.6790
v  -0.6954 2.5429 -8.1794
v  -0.6943 5.1661 -8.3512
v  -0.6940 7.7654 -7.9463
v  -0.6866 10.3897 -8.3215
v  -0.6797 13.0239 -8.0704
v  -0.6842 15.6426 -8.1839
v  -0.6843 18.2049 -7.7201
v  -0.6866 20.8013 -8.1677
v  -0.6827 23.3713 -7.7122
v  -2.0346 2.5463 -8.1597
v  -2.0386 5.1683 -8.3407
v  -2.0339 7.7707 -7.9474
v  -2.0286 10.3913 -8.3282
v  -2.0214 13.0022 -8.0365
v  -2.0265 15.6367 -8.1305
v  -2.0254 18.2041 -7.7049
v  -2.0312 20.8067 -8.1419
v  -2.0254 23.3672 -7.6353
v  -3.3725 2.5498 -8.1175
v  -3.3831 5.1692 -8.3087
v  -3.3745 7.7753 -7.9300
v  -3.3725 10.3950 -8.3063
v  -3.3634 13.0139 -7.9740
v  -3.3693 15.6303 -8.1426
v  -3.3664 18.2019 -7.6963
v  -3.3759 20.8033 -8.1143
v  -3.3684 23.3711 -7.6414
v  -4.7096 2.5436 -8.0554
v  -4.7270 5.1631 -8.2417
v  -4.7164 7.7786 -7.9000
v  -4.7170 10.3899 -8.2886
v  -4.7076 12.9902 -7.9653
v  -4.7099 15.6322 -8.0166
v  -4.7079 18.2010 -7.6552
v  -4.7194 20.8026 -8.0656
v  -4.7060 23.3612 -7.5505
v  -6.0451 2.5332 -7.9755
v  -6.0704 5.1543 -8.1562
v  -6.0588 7.7825 -7.8632
v  -6.0598 10.3910 -8.2562
v  -6.0520 13.0001 -7.8943
v  -6.0531 15.6217 -8.1064
v  -6.0502 18.1927 -7.6491
v  -6.0635 20.7984 -8.0187
v  -6.0452 23.3528 -7.5060
v  -7.3822 2.5007 -7.9057
v  -7.4072 5.1342 -7.9799
v  -7.4019 7.7881 -7.8170
v  -7.4050 10.3874 -8.2281
v  -7.3932 12.9958 -7.8650
v  -7.4021 15.6352 -8.0185
v  -7.3957 18.1825 -7.6138
v  -7.4067 20.7976 -7.9469
v  -7.3803 23.3166 -7.3677
v  -8.7091 2.4803 -7.7123
v  -8.7231 5.1173 -7.6523
v  -8.7495 7.7786 -7.7971
v  -8.7482 10.3881 -8.1898
v  -8.7330 12.9835 -7.7795
v  -8.7502 15.6019 -8.0066
v  -8.7418 18.1778 -7.5770
v  -8.7488 20.7962 -7.8792
v  -8.7269 23.2927 -7.2767
v  -10.0460 2.4576 -7.7714
v  -10.0583 5.0844 -7.8407
v  -10.0776 7.7088 -8.0602
v  -10.0894 10.3861 -8.1632
v  -10.0714 12.9734 -7.7170
v  -10.0906 15.6116 -7.8813
v  -10.0799 18.1695 -7.5052
v  -10.0916 20.7901 -7.8326
v  -10.0803 23.3162 -7.2712
v  -11.3646 2.4596 -7.5210
v  -11.3620 5.0983 -7.4542
v  -11.3838 7.7424 -7.6833
v  -11.4244 10.3669 -8.0199
v  -11.4052 12.9518 -7.5848
v  -11.4343 15.5640 -7.8175
v  -11.4198 18.1544 -7.4449
v  -11.4340 20.7763 -7.7930
v  -11.4255 23.3447 -7.3127
v  -12.6993 2.4493 -7.6257
v  -12.7038 5.0792 -7.6463
v  -12.7326 7.7304 -7.6052
v  -12.7621 10.3545 -7.9052
v  -12.7416 12.9348 -7.4664
v  -12.7682 15.5641 -7.6437
v  -12.7576 18.1512 -7.3532
v  -12.7742 20.7591 -7.7329
v  -12.7722 23.3570 -7.3255
v  -14.0238 2.4122 -7.3855
v  -14.0302 5.0620 -7.3069
v  -14.0788 7.6370 -7.8721
v  -14.1026 10.3377 -7.8059
v  -14.0782 12.9076 -7.3294
v  -14.1022 15.5254 -7.4890
v  -14.1014 18.1424 -7.3049
v  -14.1109 20.7347 -7.6517
v  -14.1182 23.3681 -7.4157
v  -15.3541 2.4083 -7.1858
v  -15.3854 5.0295 -7.3582
v  -15.4110 7.6598 -7.5240
v  -15.4297 10.3046 -7.5910
v  -15.4141 12.9041 -7.1947
v  -15.4095 15.5818 -7.0787
v  -15.4377 18.1651 -7.5630
v  -15.4289 20.7919 -7.2557
v  -15.4475 23.3563 -7.7436
v  -16.6079 2.4526 -6.6669
v  -16.6371 5.0655 -6.8304
v  -16.6479 7.6854 -6.9360
v  -16.7016 10.2985 -7.1164
v  -16.7506 12.9229 -7.2502
v  -16.7535 15.5490 -7.1986
v  -16.7712 18.1565 -7.4232
v  -16.7712 20.7819 -7.3079
v  -16.7780 23.3799 -7.5853
v  16.6548 2.3955 -7.3081
v  16.6670 5.0082 -7.4668
v  16.6800 7.6274 -7.5101
v  16.7055 10.2529 -7.4899
v  16.7200 12.8896 -7.5415
v  16.7208 15.5373 -7.5209
v  16.7560 18.1681 -7.6177
v  16.7382 20.7910 -7.4542
v  16.7400 23.4049 -7.6751
v  -17.0848 22.8614 12.9227
v  -17.0848 23.5417 12.9227
v  -17.0848 23.5417 -8.5232
v  -17.0848 22.8614 -8.5232
v  17.0848 23.5417 -8.5232
v  17.0848 22.8614 -8.5232
v  17.0848 23.5417 12.9227
v  17.0848 22.8614 12.9227
v  16.7440 22.8614 -8.3093
v  -16.7440 22.8614 -8.3093
v  16.7440 22.8614 12.6012
v  -16.7440 22.8614 12.6012
v  -16.7440 23.2858 12.6012
v  16.7440 23.2858 12.6012
v  -16.7440 23.2858 -8.3093
v  16.7440 23.2858 -8.3093
v  3.3730 2.4028 4.5658
v  3.3730 2.8963 4.5658
v  -3.3730 2.8963 4.5658
v  -3.3730 2.4028 4.5658
v  -4.4316 2.4028 -3.3158
v  -4.4316 2.8963 -3.3158
v  4.4316 2.8963 -3.3158
v  4.4316 2.4028 -3.3158
v  3.8660 2.8963 -2.7760
v  3.8660 2.8963 3.1763
v  4.4316 2.8963 3.5073
v  -4.4316 2.4028 3.5073
v  -4.4316 2.8963 3.5073
v  4.4316 2.4028 3.5073
v  -3.9023 2.8963 4.4240
v  -3.9023 2.4028 4.4240
v  -4.2898 2.8963 4.0365
v  -4.2898 2.4028 4.0365
v  3.9023 2.4028 4.4240
v  3.9023 2.8963 4.4240
v  4.2898 2.4028 4.0365
v  4.2898 2.8963 4.0365
v  -3.8660 2.8963 3.1763
v  -3.7423 2.8963 3.6380
v  -3.7423 3.3904 3.6380
v  -3.8660 3.3904 3.1763
v  3.7423 2.8963 3.6380
v  3.4043 2.8963 3.9760
v  2.9426 2.8963 4.0997
v  -2.9426 2.8963 4.0997
v  -3.4043 2.8963 3.9760
v  -3.8660 2.8963 -2.7760
v  3.8660 3.3904 -2.7760
v  -3.8660 3.3904 -2.7760
v  -3.4415 3.3904 -2.2328
v  3.4415 3.3904 -2.2328
v  3.4043 3.3904 3.9760
v  2.9426 3.3904 4.0997
v  -2.9426 3.3904 4.0997
v  -3.4043 3.3904 3.9760
v  3.7423 3.3904 3.6380
v  3.8660 3.3904 3.1763
v  2.6195 3.3904 3.4809
v  3.0305 3.3904 3.3781
v  3.0305 3.8836 3.3781
v  2.6195 3.8836 3.4809
v  -3.4415 3.3904 2.7135
v  -2.6195 3.3904 3.4809
v  -3.0305 3.3904 3.3781
v  3.3314 3.3904 3.0972
v  -3.3314 3.3904 3.0972
v  3.4415 3.3904 2.7135
v  3.4415 3.8836 -2.2328
v  -3.4415 3.8836 -2.2328
v  -3.4415 3.8836 2.7135
v  -3.3314 3.8836 3.0972
v  -3.0305 3.8836 3.3781
v  -2.6195 3.8836 3.4809
v  3.3314 3.8836 3.0972
v  3.4415 3.8836 2.7135
v  10.0372 2.4110 -4.8575
v  10.0372 6.0970 -4.8575
v  12.0864 6.0970 -4.7668
v  12.0864 2.4110 -4.7668
v  12.0631 6.6243 -4.2400
v  12.0178 6.6243 -3.2160
v  12.0178 2.4110 -3.2160
v  9.9686 6.6243 -3.3066
v  9.9686 2.4110 -3.3066
v  10.0444 2.4869 -3.3032
v  10.0444 6.5484 -3.3032
v  10.0139 6.6243 -4.3306
v  11.9420 2.4869 -3.2193
v  11.9455 2.4869 -3.2992
v  10.0479 2.4869 -3.3831
v  11.9420 6.5484 -3.2193
v  11.9455 6.5484 -3.2992
v  10.0479 6.5484 -3.3831
v  -10.7598 4.4658 -2.0610
v  -10.6295 4.4658 -3.6079
v  -8.5855 4.4658 -3.4358
v  -8.7158 4.4658 -1.8889
v  18.5684 10.1732 10.4245
v  18.5684 11.5466 11.5769
v  18.4345 11.5466 11.5769
v  18.4345 10.1732 10.4245
v  18.4345 11.6327 11.4744
v  18.4345 10.2592 10.3219
v  18.5684 11.6327 11.4744
v  18.5684 10.2592 10.3219
v  18.5684 11.7187 11.5769
v  18.5684 13.0922 10.4245
v  18.4345 13.0922 10.4245
v  18.4345 11.7187 11.5769
v  18.4345 13.0061 10.3219
v  18.5684 13.0061 10.3219
v  18.5684 14.4656 11.5769
v  18.4345 14.4656 11.5769
v  18.4345 14.5517 11.4744
v  18.4345 13.1783 10.3219
v  18.5684 14.5517 11.4744
v  18.5684 13.1783 10.3219
v  18.5684 10.0871 10.3219
v  18.5684 8.7997 11.5769
v  18.4345 10.0871 10.3219
v  18.4345 8.7997 11.5769
v  18.5684 14.6378 11.5769
v  18.5684 16.0112 10.4245
v  18.4345 16.0112 10.4245
v  18.4345 14.6378 11.5769
v  18.4345 15.9251 10.3219
v  18.5684 15.9251 10.3219
v  18.5684 17.3846 11.5769
v  18.4345 17.3846 11.5769
v  18.4345 17.4707 11.4744
v  18.4345 16.0973 10.3219
v  18.5684 17.4707 11.4744
v  18.5684 16.0973 10.3219
v  18.5684 17.5568 11.5769
v  18.5684 18.9302 10.4245
v  18.4345 18.9302 10.4245
v  18.4345 17.5568 11.5769
v  18.4345 18.8441 10.3219
v  18.5684 18.8441 10.3219
v  18.5684 20.3036 11.5769
v  18.4345 20.3036 11.5769
v  18.4345 20.3897 11.4744
v  18.4345 19.0163 10.3219
v  18.5684 20.3897 11.4744
v  18.5684 19.0163 10.3219
v  18.5684 21.8492 10.4245
v  18.5684 23.2226 11.5769
v  18.4345 23.2226 11.5769
v  18.4345 21.8492 10.4245
v  18.4345 23.3087 11.4744
v  18.4345 21.9353 10.3219
v  18.5684 23.3087 11.4744
v  18.5684 21.9353 10.3219
v  18.5684 23.3948 11.5769
v  18.5684 24.7682 10.4245
v  18.4345 24.7682 10.4245
v  18.4345 23.3948 11.5769
v  18.4345 24.6821 10.3219
v  18.5684 24.6821 10.3219
v  18.5684 26.1417 11.5769
v  18.4345 26.1417 11.5769
v  18.4345 26.2277 11.4744
v  18.4345 24.8543 10.3219
v  18.5684 26.2277 11.4744
v  18.5684 24.8543 10.3219
v  18.5684 21.7631 10.3219
v  18.5684 20.4758 11.5769
v  18.4345 21.7631 10.3219
v  18.4345 20.4758 11.5769
v  17.2054 2.9617 10.3226
v  17.2054 4.3352 11.4751
v  17.3393 4.3352 11.4751
v  17.3393 2.9617 10.3226
v  17.3393 4.2491 11.5776
v  17.3393 2.8757 10.4252
v  17.2054 4.2491 11.5776
v  17.2054 2.8757 10.4252
v  17.2054 5.7086 10.3226
v  17.3393 5.7086 10.3226
v  17.3393 5.7947 10.4252
v  17.3393 4.4212 11.5776
v  17.2054 5.7947 10.4252
v  17.2054 4.4212 11.5776
v  17.2054 5.8807 10.3226
v  17.2054 7.2542 11.4751
v  17.3393 7.2542 11.4751
v  17.3393 5.8807 10.3226
v  17.3393 7.1681 11.5776
v  17.2054 7.1681 11.5776
v  17.2054 8.6276 10.3226
v  17.3393 8.6276 10.3226
v  17.3393 8.7137 10.4252
v  17.3393 7.3402 11.5776
v  17.2054 8.7137 10.4252
v  17.2054 7.3402 11.5776
v  17.2054 10.1732 11.4751
v  17.2054 11.5466 10.3226
v  17.3393 11.5466 10.3226
v  17.3393 10.1732 11.4751
v  17.3393 11.6327 10.4252
v  17.3393 10.2592 11.5776
v  17.2054 11.6327 10.4252
v  17.2054 10.2592 11.5776
v  17.2054 11.7187 10.3226
v  17.2054 13.0922 11.4751
v  17.3393 13.0922 11.4751
v  17.3393 11.7187 10.3226
v  17.3393 13.0061 11.5776
v  17.2054 13.0061 11.5776
v  17.2054 14.4656 10.3226
v  17.3393 14.4656 10.3226
v  17.3393 14.5517 10.4252
v  17.3393 13.1783 11.5776
v  17.2054 14.5517 10.4252
v  17.2054 13.1783 11.5776
v  17.2054 10.0871 11.5776
v  17.2054 8.7997 10.3226
v  17.3393 10.0871 11.5776
v  17.3393 8.7997 10.3226
v  17.2054 14.6378 10.3226
v  17.2054 16.0112 11.4751
v  17.3393 16.0112 11.4751
v  17.3393 14.6378 10.3226
v  17.3393 15.9251 11.5776
v  17.2054 15.9251 11.5776
v  17.2054 17.3846 10.3226
v  17.3393 17.3846 10.3226
v  17.3393 17.4707 10.4252
v  17.3393 16.0973 11.5776
v  17.2054 17.4707 10.4252
v  17.2054 16.0973 11.5776
v  17.2054 17.5568 10.3226
v  17.2054 18.9302 11.4751
v  17.3393 18.9302 11.4751
v  17.3393 17.5568 10.3226
v  17.3393 18.8441 11.5776
v  17.2054 18.8441 11.5776
v  17.2054 20.3036 10.3226
v  17.3393 20.3036 10.3226
v  17.3393 20.3897 10.4252
v  17.3393 19.0163 11.5776
v  17.2054 20.3897 10.4252
v  17.2054 19.0163 11.5776
v  17.2054 21.8492 11.4751
v  17.2054 23.2226 10.3226
v  17.3393 23.2226 10.3226
v  17.3393 21.8492 11.4751
v  17.3393 23.3087 10.4252
v  17.3393 21.9353 11.5776
v  17.2054 23.3087 10.4252
v  17.2054 21.9353 11.5776
v  17.2054 23.3948 10.3226
v  17.2054 24.7682 11.4751
v  17.3393 24.7682 11.4751
v  17.3393 23.3948 10.3226
v  17.3393 24.6822 11.5776
v  17.2054 24.6822 11.5776
v  17.2054 26.1417 10.3226
v  17.3393 26.1417 10.3226
v  17.3393 26.2277 10.4252
v  17.3393 24.8543 11.5776
v  17.2054 26.2277 10.4252
v  17.2054 24.8543 11.5776
v  17.2054 21.7631 11.5776
v  17.2054 20.4758 10.3226
v  17.3393 21.7631 11.5776
v  17.3393 20.4758 10.3226
v  18.5140 2.9617 10.2683
v  17.3616 4.3352 10.2683
v  17.3616 4.3352 10.4022
v  18.5140 2.9617 10.4022
v  17.2590 4.2491 10.4022
v  18.4115 2.8757 10.4022
v  17.2590 4.2491 10.2683
v  18.4115 2.8757 10.2683
v  18.5140 5.7086 10.2683
v  18.5140 5.7086 10.4022
v  18.4115 5.7947 10.4022
v  17.2590 4.4212 10.4022
v  18.4115 5.7947 10.2683
v  17.2590 4.4212 10.2683
v  18.5140 5.8807 10.2683
v  17.3616 7.2542 10.2683
v  17.3616 7.2542 10.4022
v  18.5140 5.8807 10.4022
v  17.2590 7.1681 10.4022
v  17.2590 7.1681 10.2683
v  18.5140 8.6276 10.2683
v  18.5140 8.6276 10.4022
v  18.4115 8.7137 10.4022
v  17.2590 7.3402 10.4022
v  18.4115 8.7137 10.2683
v  17.2590 7.3402 10.2683
v  17.3616 10.1732 10.2683
v  18.5140 11.5466 10.2683
v  18.5140 11.5466 10.4022
v  17.3616 10.1732 10.4022
v  18.4115 11.6327 10.4022
v  17.2590 10.2592 10.4022
v  18.4115 11.6327 10.2683
v  17.2590 10.2592 10.2683
v  18.5140 11.7187 10.2683
v  17.3616 13.0922 10.2683
v  17.3616 13.0922 10.4022
v  18.5140 11.7187 10.4022
v  17.2590 13.0061 10.4022
v  17.2590 13.0061 10.2683
v  18.5140 14.4656 10.2683
v  18.5140 14.4656 10.4022
v  18.4115 14.5517 10.4022
v  17.2590 13.1783 10.4022
v  18.4115 14.5517 10.2683
v  17.2590 13.1783 10.2683
v  17.2590 10.0871 10.2683
v  18.5140 8.7997 10.2683
v  17.2590 10.0871 10.4022
v  18.5140 8.7997 10.4022
v  18.5140 14.6378 10.2683
v  17.3616 16.0112 10.2683
v  17.3616 16.0112 10.4022
v  18.5140 14.6378 10.4022
v  17.2590 15.9251 10.4022
v  17.2590 15.9251 10.2683
v  18.5140 17.3846 10.2683
v  18.5140 17.3846 10.4022
v  18.4115 17.4707 10.4022
v  17.2590 16.0973 10.4022
v  18.4115 17.4707 10.2683
v  17.2590 16.0973 10.2683
v  18.5140 17.5568 10.2683
v  17.3616 18.9302 10.2683
v  17.3616 18.9302 10.4022
v  18.5140 17.5568 10.4022
v  17.2590 18.8441 10.4022
v  17.2590 18.8441 10.2683
v  18.5140 20.3036 10.2683
v  18.5140 20.3036 10.4022
v  18.4115 20.3897 10.4022
v  17.2590 19.0163 10.4022
v  18.4115 20.3897 10.2683
v  17.2590 19.0163 10.2683
v  17.3616 21.8492 10.2683
v  18.5140 23.2226 10.2683
v  18.5140 23.2226 10.4022
v  17.3616 21.8492 10.4022
v  18.4115 23.3087 10.4022
v  17.2590 21.9353 10.4022
v  18.4115 23.3087 10.2683
v  17.2590 21.9353 10.2683
v  18.5140 23.3948 10.2683
v  17.3616 24.7682 10.2683
v  17.3616 24.7682 10.4022
v  18.5140 23.3948 10.4022
v  17.2590 24.6821 10.4022
v  17.2590 24.6821 10.2683
v  18.5140 26.1416 10.2683
v  18.5140 26.1416 10.4022
v  18.4115 26.2277 10.4022
v  17.2590 24.8543 10.4022
v  18.4115 26.2277 10.2683
v  17.2590 24.8543 10.2683
v  17.2590 21.7631 10.2683
v  18.5140 20.4758 10.2683
v  17.2590 21.7631 10.4022
v  18.5140 20.4758 10.4022
v  17.2597 2.9617 11.6313
v  18.4121 4.3352 11.6313
v  18.4121 4.3352 11.4974
v  17.2597 2.9617 11.4974
v  18.5147 4.2491 11.4974
v  17.3623 2.8757 11.4974
v  18.5147 4.2491 11.6313
v  17.3623 2.8757 11.6313
v  17.2597 5.7086 11.6313
v  17.2597 5.7086 11.4974
v  17.3623 5.7947 11.4974
v  18.5147 4.4212 11.4974
v  17.3623 5.7947 11.6313
v  18.5147 4.4212 11.6313
v  17.2597 5.8807 11.6313
v  18.4121 7.2542 11.6313
v  18.4121 7.2542 11.4974
v  17.2597 5.8807 11.4974
v  18.5147 7.1681 11.4974
v  18.5147 7.1681 11.6313
v  17.2597 8.6276 11.6313
v  17.2597 8.6276 11.4974
v  17.3623 8.7137 11.4974
v  18.5147 7.3402 11.4974
v  17.3623 8.7137 11.6313
v  18.5147 7.3402 11.6313
v  18.4121 10.1732 11.6313
v  17.2597 11.5466 11.6313
v  17.2597 11.5466 11.4974
v  18.4121 10.1732 11.4974
v  17.3623 11.6327 11.4974
v  18.5147 10.2592 11.4974
v  17.3623 11.6327 11.6313
v  18.5147 10.2592 11.6313
v  17.2597 11.7187 11.6313
v  18.4121 13.0922 11.6313
v  18.4121 13.0922 11.4974
v  17.2597 11.7187 11.4974
v  18.5147 13.0061 11.4974
v  18.5147 13.0061 11.6313
v  17.2597 14.4656 11.6313
v  17.2597 14.4656 11.4974
v  17.3623 14.5517 11.4974
v  18.5147 13.1783 11.4974
v  17.3623 14.5517 11.6313
v  18.5147 13.1783 11.6313
v  18.5147 10.0871 11.6313
v  17.2597 8.7997 11.6313
v  18.5147 10.0871 11.4974
v  17.2597 8.7997 11.4974
v  17.2597 14.6378 11.6313
v  18.4121 16.0112 11.6313
v  18.4121 16.0112 11.4974
v  17.2597 14.6378 11.4974
v  18.5147 15.9251 11.4974
v  18.5147 15.9251 11.6313
v  17.2597 17.3846 11.6313
v  17.2597 17.3846 11.4974
v  17.3623 17.4707 11.4974
v  18.5147 16.0973 11.4974
v  17.3623 17.4707 11.6313
v  18.5147 16.0973 11.6313
v  17.2597 17.5568 11.6313
v  18.4121 18.9302 11.6313
v  18.4121 18.9302 11.4974
v  17.2597 17.5568 11.4974
v  18.5147 18.8441 11.4974
v  18.5147 18.8441 11.6313
v  17.2597 20.3036 11.6313
v  17.2597 20.3036 11.4974
v  17.3623 20.3897 11.4974
v  18.5147 19.0163 11.4974
v  17.3623 20.3897 11.6313
v  18.5147 19.0163 11.6313
v  18.4121 21.8492 11.6313
v  17.2597 23.2226 11.6313
v  17.2597 23.2226 11.4974
v  18.4121 21.8492 11.4974
v  17.3623 23.3087 11.4974
v  18.5147 21.9353 11.4974
v  17.3623 23.3087 11.6313
v  18.5147 21.9353 11.6313
v  17.2597 23.3948 11.6313
v  18.4121 24.7682 11.6313
v  18.4121 24.7682 11.4974
v  17.2597 23.3948 11.4974
v  18.5147 24.6821 11.4974
v  18.5147 24.6821 11.6313
v  17.2597 26.1416 11.6313
v  17.2597 26.1416 11.4974
v  17.3623 26.2277 11.4974
v  18.5147 24.8543 11.4974
v  17.3623 26.2277 11.6313
v  18.5147 24.8543 11.6313
v  18.5147 21.7631 11.6313
v  17.2597 20.4758 11.6313
v  18.5147 21.7631 11.4974
v  17.2597 20.4758 11.4974
v  1.4876 22.7604 11.6182
v  2.8610 21.6079 11.6182
v  2.8610 21.6079 11.5104
v  1.4876 22.7604 11.5104
v  2.7749 21.5053 11.5104
v  1.4015 22.6578 11.5104
v  2.7749 21.5053 11.6182
v  1.4015 22.6578 11.6182
v  5.8661 21.5053 11.6182
v  7.2395 22.6578 11.6182
v  7.1535 22.7604 11.6182
v  5.7800 21.6079 11.6182
v  5.8661 21.5053 11.5104
v  7.2395 22.6578 11.5104
v  5.7800 21.6079 11.5104
v  7.1535 22.7604 11.5104
v  4.3205 22.6578 11.6182
v  5.6940 21.5053 11.6182
v  4.4066 22.7604 11.6182
v  4.3205 22.6578 11.5104
v  5.6940 21.5053 11.5104
v  4.4066 22.7604 11.5104
v  2.9471 21.5053 11.6182
v  4.2345 22.7604 11.6182
v  2.9471 21.5053 11.5104
v  4.2345 22.7604 11.5104
v  0.0281 21.5053 11.6182
v  1.3154 22.7604 11.6182
v  -0.0580 21.6079 11.6182
v  0.0281 21.5053 11.5104
v  -0.0580 21.6079 11.5104
v  1.3154 22.7604 11.5104
v  -1.5175 22.6578 11.6182
v  -0.1441 21.5053 11.6182
v  -1.4314 22.7604 11.6182
v  -1.5175 22.6578 11.5104
v  -0.1441 21.5053 11.5104
v  -1.4314 22.7604 11.5104
v  -2.8909 21.5053 11.6182
v  -1.6036 22.7604 11.6182
v  -2.9770 21.6079 11.6182
v  -2.8909 21.5053 11.5104
v  -2.9770 21.6079 11.5104
v  -1.6036 22.7604 11.5104
v  -4.4365 22.6578 11.6182
v  -3.0631 21.5053 11.6182
v  -4.3504 22.7604 11.6182
v  -4.4365 22.6578 11.5104
v  -3.0631 21.5053 11.5104
v  -4.3504 22.7604 11.5104
v  -10.1885 22.7604 11.6182
v  -8.8150 21.6079 11.6182
v  -8.8150 21.6079 11.5104
v  -10.1885 22.7604 11.5104
v  -8.9011 21.5053 11.5104
v  -10.2745 22.6578 11.5104
v  -8.9011 21.5053 11.6182
v  -10.2745 22.6578 11.6182
v  -5.8099 21.5053 11.6182
v  -4.5226 22.7604 11.6182
v  -5.8960 21.6079 11.6182
v  -5.8099 21.5053 11.5104
v  -5.8960 21.6079 11.5104
v  -4.5226 22.7604 11.5104
v  -7.3555 22.6578 11.6182
v  -5.9821 21.5053 11.6182
v  -7.2694 22.7604 11.6182
v  -7.3555 22.6578 11.5104
v  -5.9821 21.5053 11.5104
v  -7.2694 22.7604 11.5104
v  -8.7290 21.5053 11.6182
v  -7.4416 22.7604 11.6182
v  -8.7290 21.5053 11.5104
v  -7.4416 22.7604 11.5104
v  -11.6480 21.5053 11.6182
v  -10.3606 22.7604 11.6182
v  -11.7340 21.6079 11.6182
v  -11.6480 21.5053 11.5104
v  -11.7340 21.6079 11.5104
v  -10.3606 22.7604 11.5104
v  -13.1935 22.6578 11.6182
v  -11.8201 21.5053 11.6182
v  -13.1075 22.7604 11.6182
v  -13.1935 22.6578 11.5104
v  -11.8201 21.5053 11.5104
v  -13.1075 22.7604 11.5104
v  -14.5670 21.5053 11.6182
v  -13.2796 22.7604 11.6182
v  -14.6530 21.6079 11.6182
v  -14.5670 21.5053 11.5104
v  -14.6530 21.6079 11.5104
v  -13.2796 22.7604 11.5104
v  -16.1125 22.6578 11.6182
v  -14.7391 21.5053 11.6182
v  -16.0265 22.7604 11.6182
v  -16.1125 22.6578 11.5104
v  -14.7391 21.5053 11.5104
v  -16.0265 22.7604 11.5104
v  1.4876 21.5060 10.2814
v  2.8610 22.6585 10.2814
v  2.8610 22.6585 10.3891
v  1.4876 21.5060 10.3891
v  2.7749 22.7610 10.3891
v  1.4015 21.6086 10.3891
v  2.7749 22.7610 10.2814
v  1.4015 21.6086 10.2814
v  5.8661 22.7610 10.2814
v  7.2395 21.6086 10.2814
v  7.1535 21.5060 10.2814
v  5.7800 22.6585 10.2814
v  5.8661 22.7610 10.3891
v  7.2395 21.6086 10.3891
v  5.7800 22.6585 10.3891
v  7.1535 21.5060 10.3891
v  4.3205 21.6086 10.2814
v  5.6940 22.7610 10.2814
v  4.4066 21.5060 10.2814
v  4.3205 21.6086 10.3891
v  5.6940 22.7610 10.3891
v  4.4066 21.5060 10.3891
v  2.9471 22.7610 10.2814
v  4.2345 21.5060 10.2814
v  2.9471 22.7610 10.3891
v  4.2345 21.5060 10.3891
v  0.0281 22.7610 10.2814
v  1.3154 21.5060 10.2814
v  -0.0580 22.6585 10.2814
v  0.0281 22.7610 10.3891
v  -0.0580 22.6585 10.3891
v  1.3154 21.5060 10.3891
v  -1.5175 21.6086 10.2814
v  -0.1441 22.7610 10.2814
v  -1.4314 21.5060 10.2814
v  -1.5175 21.6086 10.3891
v  -0.1441 22.7610 10.3891
v  -1.4314 21.5060 10.3891
v  -2.8909 22.7610 10.2814
v  -1.6036 21.5060 10.2814
v  -2.9770 22.6585 10.2814
v  -2.8909 22.7610 10.3891
v  -2.9770 22.6585 10.3891
v  -1.6036 21.5060 10.3891
v  -4.4365 21.6086 10.2814
v  -3.0631 22.7610 10.2814
v  -4.3504 21.5060 10.2814
v  -4.4365 21.6086 10.3891
v  -3.0631 22.7610 10.3891
v  -4.3504 21.5060 10.3891
v  -10.1885 21.5060 10.2814
v  -8.8150 22.6585 10.2814
v  -8.8150 22.6585 10.3891
v  -10.1885 21.5060 10.3891
v  -8.9011 22.7610 10.3891
v  -10.2745 21.6086 10.3891
v  -8.9011 22.7610 10.2814
v  -10.2745 21.6086 10.2814
v  -5.8099 22.7610 10.2814
v  -4.5226 21.5060 10.2814
v  -5.8960 22.6585 10.2814
v  -5.8099 22.7610 10.3891
v  -5.8960 22.6585 10.3891
v  -4.5226 21.5060 10.3891
v  -7.3555 21.6086 10.2814
v  -5.9821 22.7610 10.2814
v  -7.2694 21.5060 10.2814
v  -7.3555 21.6086 10.3891
v  -5.9821 22.7610 10.3891
v  -7.2694 21.5060 10.3891
v  -8.7290 22.7610 10.2814
v  -7.4416 21.5060 10.2814
v  -8.7290 22.7610 10.3891
v  -7.4416 21.5060 10.3891
v  -11.6480 22.7610 10.2814
v  -10.3606 21.5060 10.2814
v  -11.7340 22.6585 10.2814
v  -11.6480 22.7610 10.3891
v  -11.7340 22.6585 10.3891
v  -10.3606 21.5060 10.3891
v  -13.1935 21.6086 10.2814
v  -11.8201 22.7610 10.2814
v  -13.1075 21.5060 10.2814
v  -13.1935 21.6086 10.3891
v  -11.8201 22.7610 10.3891
v  -13.1075 21.5060 10.3891
v  -14.5670 22.7610 10.2814
v  -13.2796 21.5060 10.2814
v  -14.6530 22.6585 10.2814
v  -14.5670 22.7610 10.3891
v  -14.6530 22.6585 10.3891
v  -13.2796 21.5060 10.3891
v  -16.1125 21.6086 10.2814
v  -14.7391 22.7610 10.2814
v  -16.0265 21.5060 10.2814
v  -16.1125 21.6086 10.3891
v  -14.7391 22.7610 10.3891
v  -16.0265 21.5060 10.3891
v  1.4876 22.7931 10.3226
v  2.8610 22.7931 11.4751
v  2.8610 22.7023 11.4751
v  1.4876 22.7023 10.3226
v  2.7749 22.7023 11.5776
v  1.4015 22.7023 10.4252
v  2.7749 22.7931 11.5776
v  1.4015 22.7931 10.4252
v  5.8661 22.7931 11.5776
v  7.2395 22.7931 10.4252
v  7.1535 22.7931 10.3226
v  5.7800 22.7931 11.4751
v  5.8661 22.7023 11.5776
v  7.2395 22.7023 10.4252
v  5.7800 22.7023 11.4751
v  7.1535 22.7023 10.3226
v  4.3205 22.7931 10.4252
v  5.6940 22.7931 11.5776
v  4.4066 22.7931 10.3226
v  4.3205 22.7023 10.4252
v  5.6940 22.7023 11.5776
v  4.4066 22.7023 10.3226
v  2.9471 22.7931 11.5776
v  4.2345 22.7931 10.3226
v  2.9471 22.7023 11.5776
v  4.2345 22.7023 10.3226
v  0.0281 22.7931 11.5776
v  1.3154 22.7931 10.3226
v  -0.0580 22.7931 11.4751
v  0.0281 22.7023 11.5776
v  -0.0580 22.7023 11.4751
v  1.3154 22.7023 10.3226
v  -1.5175 22.7931 10.4252
v  -0.1441 22.7931 11.5776
v  -1.4314 22.7931 10.3226
v  -1.5175 22.7023 10.4252
v  -0.1441 22.7023 11.5776
v  -1.4314 22.7023 10.3226
v  -2.8909 22.7931 11.5776
v  -1.6036 22.7931 10.3226
v  -2.9770 22.7931 11.4751
v  -2.8909 22.7023 11.5776
v  -2.9770 22.7023 11.4751
v  -1.6036 22.7023 10.3226
v  -4.4365 22.7931 10.4252
v  -3.0631 22.7931 11.5776
v  -4.3504 22.7931 10.3226
v  -4.4365 22.7023 10.4252
v  -3.0631 22.7023 11.5776
v  -4.3504 22.7023 10.3226
v  -10.1885 22.7931 10.3226
v  -8.8150 22.7931 11.4751
v  -8.8150 22.7023 11.4751
v  -10.1885 22.7023 10.3226
v  -8.9011 22.7023 11.5776
v  -10.2745 22.7023 10.4252
v  -8.9011 22.7931 11.5776
v  -10.2745 22.7931 10.4252
v  -5.8099 22.7931 11.5776
v  -4.5226 22.7931 10.3226
v  -5.8960 22.7931 11.4751
v  -5.8099 22.7023 11.5776
v  -5.8960 22.7023 11.4751
v  -4.5226 22.7023 10.3226
v  -7.3555 22.7931 10.4252
v  -5.9821 22.7931 11.5776
v  -7.2694 22.7931 10.3226
v  -7.3555 22.7023 10.4252
v  -5.9821 22.7023 11.5776
v  -7.2694 22.7023 10.3226
v  -8.7290 22.7931 11.5776
v  -7.4416 22.7931 10.3226
v  -8.7290 22.7023 11.5776
v  -7.4416 22.7023 10.3226
v  -11.6480 22.7931 11.5776
v  -10.3606 22.7931 10.3226
v  -11.7340 22.7931 11.4751
v  -11.6480 22.7023 11.5776
v  -11.7340 22.7023 11.4751
v  -10.3606 22.7023 10.3226
v  -13.1935 22.7931 10.4252
v  -11.8201 22.7931 11.5776
v  -13.1075 22.7931 10.3226
v  -13.1935 22.7023 10.4252
v  -11.8201 22.7023 11.5776
v  -13.1075 22.7023 10.3226
v  -14.5670 22.7931 11.5776
v  -13.2796 22.7931 10.3226
v  -14.6530 22.7931 11.4751
v  -14.5670 22.7023 11.5776
v  -14.6530 22.7023 11.4751
v  -13.2796 22.7023 10.3226
v  -16.1125 22.7931 10.4252
v  -14.7391 22.7931 11.5776
v  -16.0265 22.7931 10.3226
v  -16.1125 22.7023 10.4252
v  -14.7391 22.7023 11.5776
v  -16.0265 22.7023 10.3226
v  1.4876 21.4732 11.5769
v  2.8610 21.4732 10.4245
v  2.8610 21.5640 10.4245
v  1.4876 21.5640 11.5769
v  2.7749 21.5640 10.3219
v  1.4015 21.5640 11.4744
v  2.7749 21.4732 10.3219
v  1.4015 21.4732 11.4744
v  5.8661 21.4732 10.3219
v  7.2395 21.4732 11.4744
v  7.1535 21.4732 11.5769
v  5.7800 21.4732 10.4245
v  5.8661 21.5640 10.3219
v  7.2395 21.5640 11.4744
v  5.7800 21.5640 10.4245
v  7.1535 21.5640 11.5769
v  4.3205 21.4732 11.4744
v  5.6940 21.4732 10.3219
v  4.4066 21.4732 11.5769
v  4.3205 21.5640 11.4744
v  5.6940 21.5640 10.3219
v  4.4066 21.5640 11.5769
v  2.9471 21.4732 10.3219
v  4.2345 21.4732 11.5769
v  2.9471 21.5640 10.3219
v  4.2345 21.5640 11.5769
v  0.0281 21.4732 10.3219
v  1.3154 21.4732 11.5769
v  -0.0580 21.4732 10.4245
v  0.0281 21.5640 10.3219
v  -0.0580 21.5640 10.4245
v  1.3154 21.5640 11.5769
v  -1.5175 21.4732 11.4744
v  -0.1441 21.4732 10.3219
v  -1.4314 21.4732 11.5769
v  -1.5175 21.5640 11.4744
v  -0.1441 21.5640 10.3219
v  -1.4314 21.5640 11.5769
v  -2.8909 21.4732 10.3219
v  -1.6036 21.4732 11.5769
v  -2.9770 21.4732 10.4245
v  -2.8909 21.5640 10.3219
v  -2.9770 21.5640 10.4245
v  -1.6036 21.5640 11.5769
v  -4.4365 21.4732 11.4744
v  -3.0631 21.4732 10.3219
v  -4.3504 21.4732 11.5769
v  -4.4365 21.5640 11.4744
v  -3.0631 21.5640 10.3219
v  -4.3504 21.5640 11.5769
v  -10.1885 21.4732 11.5769
v  -8.8150 21.4732 10.4245
v  -8.8150 21.5640 10.4245
v  -10.1885 21.5640 11.5769
v  -8.9011 21.5640 10.3219
v  -10.2745 21.5640 11.4744
v  -8.9011 21.4732 10.3219
v  -10.2745 21.4732 11.4744
v  -5.8099 21.4732 10.3219
v  -4.5226 21.4732 11.5769
v  -5.8960 21.4732 10.4245
v  -5.8099 21.5640 10.3219
v  -5.8960 21.5640 10.4245
v  -4.5226 21.5640 11.5769
v  -7.3555 21.4732 11.4744
v  -5.9821 21.4732 10.3219
v  -7.2694 21.4732 11.5769
v  -7.3555 21.5640 11.4744
v  -5.9821 21.5640 10.3219
v  -7.2694 21.5640 11.5769
v  -8.7290 21.4732 10.3219
v  -7.4416 21.4732 11.5769
v  -8.7290 21.5640 10.3219
v  -7.4416 21.5640 11.5769
v  -17.2359 21.4446 11.6406
v  7.1073 21.4446 11.6406
v  7.1073 21.5941 11.6406
v  -17.2359 21.5941 11.6406
v  -11.6480 21.4732 10.3219
v  -10.3606 21.4732 11.5769
v  -11.7340 21.4732 10.4245
v  -11.6480 21.5640 10.3219
v  -11.7340 21.5640 10.4245
v  -10.3606 21.5640 11.5769
v  -13.1935 21.4732 11.4744
v  -11.8201 21.4732 10.3219
v  -13.1075 21.4732 11.5769
v  -13.1935 21.5640 11.4744
v  -11.8201 21.5640 10.3219
v  -13.1075 21.5640 11.5769
v  -14.5670 21.4732 10.3219
v  -13.2796 21.4732 11.5769
v  -14.6530 21.4732 10.4245
v  -14.5670 21.5640 10.3219
v  -14.6530 21.5640 10.4245
v  -13.2796 21.5640 11.5769
v  -16.1125 21.4732 11.4744
v  -14.7391 21.4732 10.3219
v  -16.0265 21.4732 11.5769
v  -16.1125 21.5640 11.4744
v  -14.7391 21.5640 10.3219
v  -16.0265 21.5640 11.5769
v  -17.2257 22.6719 11.6406
v  7.1175 22.6719 11.6406
v  7.1175 22.8214 11.6406
v  -17.2257 22.8214 11.6406
v  -17.2257 22.6719 10.2608
v  7.1175 22.6719 10.2608
v  7.1175 22.6719 10.4103
v  -17.2257 22.6719 10.4103
v  7.1175 22.8214 10.4103
v  -17.2257 22.8214 10.4103
v  7.1175 22.8214 10.2608
v  -17.2257 22.8214 10.2608
v  -17.2359 21.4446 10.4103
v  -17.2359 21.4446 10.2608
v  7.1073 21.4445 10.2608
v  7.1073 21.4445 10.4103
v  -17.2359 21.5941 10.4103
v  7.1073 21.5941 10.4103
v  -17.2359 21.5941 10.2608
v  7.1073 21.5941 10.2608
v  -17.2257 22.6719 11.4911
v  7.1175 22.6719 11.4911
v  -17.2257 22.8214 11.4911
v  7.1175 22.8214 11.4911
v  -17.2359 21.4446 11.4911
v  7.1073 21.4446 11.4911
v  -17.2359 21.5941 11.4911
v  7.1073 21.5941 11.4911
v  13.1636 22.7604 11.6182
v  14.5370 21.6079 11.6182
v  14.5370 21.6079 11.5104
v  13.1636 22.7604 11.5104
v  14.4510 21.5053 11.5104
v  13.0775 22.6578 11.5104
v  14.4510 21.5053 11.6182
v  13.0775 22.6578 11.6182
v  14.6231 21.5053 11.6182
v  15.9965 22.6578 11.6182
v  15.9105 22.7604 11.6182
v  14.6231 21.5053 11.5104
v  15.9965 22.6578 11.5104
v  15.9105 22.7604 11.5104
v  11.7041 21.5053 11.6182
v  12.9915 22.7604 11.6182
v  11.6180 21.6079 11.6182
v  11.7041 21.5053 11.5104
v  11.6180 21.6079 11.5104
v  12.9915 22.7604 11.5104
v  10.1585 22.6578 11.6182
v  11.5320 21.5053 11.6182
v  10.2446 22.7604 11.6182
v  10.1585 22.6578 11.5104
v  11.5320 21.5053 11.5104
v  10.2446 22.7604 11.5104
v  8.7851 21.5053 11.6182
v  10.0725 22.7604 11.6182
v  8.6990 21.6079 11.6182
v  8.7851 21.5053 11.5104
v  8.6990 21.6079 11.5104
v  10.0725 22.7604 11.5104
v  8.6130 21.5053 11.6182
v  7.3256 22.7604 11.6182
v  8.6130 21.5053 11.5104
v  7.3256 22.7604 11.5104
v  13.1636 21.5060 10.2814
v  14.5370 22.6585 10.2814
v  14.5370 22.6585 10.3891
v  13.1636 21.5060 10.3891
v  14.4510 22.7610 10.3891
v  13.0775 21.6086 10.3891
v  14.4510 22.7610 10.2814
v  13.0775 21.6086 10.2814
v  14.6231 22.7610 10.2814
v  15.9965 21.6086 10.2814
v  15.9105 21.5060 10.2814
v  14.6231 22.7610 10.3891
v  15.9965 21.6086 10.3891
v  15.9105 21.5060 10.3891
v  11.7041 22.7610 10.2814
v  12.9915 21.5060 10.2814
v  11.6180 22.6585 10.2814
v  11.7041 22.7610 10.3891
v  11.6180 22.6585 10.3891
v  12.9915 21.5060 10.3891
v  10.1585 21.6086 10.2814
v  11.5320 22.7610 10.2814
v  10.2446 21.5060 10.2814
v  10.1585 21.6086 10.3891
v  11.5320 22.7610 10.3891
v  10.2446 21.5060 10.3891
v  8.7851 22.7610 10.2814
v  10.0725 21.5060 10.2814
v  8.6990 22.6585 10.2814
v  8.7851 22.7610 10.3891
v  8.6990 22.6585 10.3891
v  10.0725 21.5060 10.3891
v  8.6130 22.7610 10.2814
v  7.3256 21.5060 10.2814
v  8.6130 22.7610 10.3891
v  7.3256 21.5060 10.3891
v  13.1636 22.7931 10.3226
v  14.5370 22.7931 11.4751
v  14.5370 22.7023 11.4751
v  13.1636 22.7023 10.3226
v  14.4510 22.7023 11.5776
v  13.0775 22.7023 10.4252
v  14.4510 22.7931 11.5776
v  13.0775 22.7931 10.4252
v  14.6231 22.7931 11.5776
v  15.9965 22.7931 10.4252
v  15.9105 22.7931 10.3226
v  14.6231 22.7023 11.5776
v  15.9965 22.7023 10.4252
v  15.9105 22.7023 10.3226
v  11.7041 22.7931 11.5776
v  12.9915 22.7931 10.3226
v  11.6180 22.7931 11.4751
v  11.7041 22.7023 11.5776
v  11.6180 22.7023 11.4751
v  12.9915 22.7023 10.3226
v  10.1585 22.7931 10.4252
v  11.5320 22.7931 11.5776
v  10.2446 22.7931 10.3226
v  10.1585 22.7023 10.4252
v  11.5320 22.7023 11.5776
v  10.2446 22.7023 10.3226
v  8.7851 22.7931 11.5776
v  10.0725 22.7931 10.3226
v  8.6990 22.7931 11.4751
v  8.7851 22.7023 11.5776
v  8.6990 22.7023 11.4751
v  10.0725 22.7023 10.3226
v  8.6130 22.7931 11.5776
v  7.3256 22.7931 10.3226
v  8.6130 22.7023 11.5776
v  7.3256 22.7023 10.3226
v  17.2231 22.6719 10.2608
v  17.2231 22.6719 10.4103
v  17.2231 22.8214 10.4103
v  17.2231 22.8214 10.2608
v  17.2129 21.4445 10.2608
v  17.2129 21.4445 10.4103
v  17.2129 21.5941 10.4103
v  17.2129 21.5941 10.2608
v  17.2129 21.4446 11.6406
v  17.2129 21.5941 11.6406
v  17.2129 21.4446 11.4911
v  17.2129 21.5941 11.4911
v  13.1636 21.4732 11.5769
v  14.5370 21.4732 10.4245
v  14.5370 21.5640 10.4245
v  13.1636 21.5640 11.5769
v  14.4510 21.5640 10.3219
v  13.0775 21.5640 11.4744
v  14.4510 21.4732 10.3219
v  13.0775 21.4732 11.4744
v  17.2231 22.6719 11.6406
v  17.2231 22.8214 11.6406
v  17.2231 22.6719 11.4911
v  17.2231 22.8214 11.4911
v  14.6231 21.4732 10.3219
v  15.9965 21.4732 11.4744
v  15.9105 21.4732 11.5769
v  14.6231 21.5640 10.3219
v  15.9965 21.5640 11.4744
v  15.9105 21.5640 11.5769
v  11.7041 21.4732 10.3219
v  12.9915 21.4732 11.5769
v  11.6180 21.4732 10.4245
v  11.7041 21.5640 10.3219
v  11.6180 21.5640 10.4245
v  12.9915 21.5640 11.5769
v  10.1585 21.4732 11.4744
v  11.5320 21.4732 10.3219
v  10.2446 21.4732 11.5769
v  10.1585 21.5640 11.4744
v  11.5320 21.5640 10.3219
v  10.2446 21.5640 11.5769
v  8.7851 21.4732 10.3219
v  10.0725 21.4732 11.5769
v  8.6990 21.4732 10.4245
v  8.7851 21.5640 10.3219
v  8.6990 21.5640 10.4245
v  10.0725 21.5640 11.5769
v  8.6130 21.4732 10.3219
v  7.3256 21.4732 11.5769
v  8.6130 21.5640 10.3219
v  7.3256 21.5640 11.5769
v  -16.1333 2.4167 10.6533
v  -16.1333 2.7327 10.4308
v  -14.0294 2.7327 10.4308
v  -14.0294 2.4167 10.6533
v  -16.1333 3.8821 11.9775
v  -14.0294 3.8821 11.9775
v  -14.0294 3.7499 11.6754
v  -16.1333 3.7499 11.6754
v  -14.0294 3.5587 11.3538
v  -16.1333 3.5587 11.3538
v  -14.0294 3.2676 10.9630
v  -16.1333 3.2676 10.9630
v  -14.0294 2.9683 10.6415
v  -16.1333 2.9683 10.6415
v  -14.0294 3.4999 12.4412
v  -16.1333 3.4999 12.4412
v  -16.1333 3.3384 12.5358
v  -14.0294 3.3384 12.5358
v  -14.0294 3.8191 12.2095
v  -13.9248 3.4762 12.4049
v  -13.9248 3.7648 12.1954
v  -13.8815 3.4189 12.3173
v  -13.8815 3.6346 12.1607
v  -14.0294 3.1407 12.6177
v  -16.1333 3.1407 12.6177
v  -16.1333 2.9596 12.6648
v  -14.0294 2.9596 12.6648
v  -16.1333 2.4167 12.7508
v  -14.0294 2.4167 12.7508
v  -16.2812 2.5646 12.5777
v  -16.2812 2.5646 10.7300
v  -16.2378 2.4600 10.6758
v  -16.2378 2.4600 12.7001
v  -13.8815 2.5646 10.7300
v  -13.8815 2.5646 12.5777
v  -13.9248 2.4600 12.7001
v  -13.9248 2.4600 10.6758
v  -16.2812 3.4355 11.4360
v  -16.2812 3.6182 11.7431
v  -16.2378 3.7113 11.6952
v  -16.2378 3.5226 11.3779
v  -13.8815 2.7217 10.6194
v  -13.8815 2.8647 10.7472
v  -13.8815 3.1539 11.0578
v  -13.8815 3.4355 11.4360
v  -13.8815 3.6182 11.7431
v  -13.8815 3.6983 11.9263
v  -13.8815 3.2725 12.4031
v  -13.8815 3.0935 12.4771
v  -13.8815 2.9293 12.5199
v  -16.2812 3.6346 12.1607
v  -16.2812 3.4189 12.3173
v  -16.2378 3.4762 12.4049
v  -16.2378 3.7648 12.1954
v  -16.1333 3.8191 12.2095
v  -13.9248 3.5226 11.3779
v  -13.9248 3.7113 11.6952
v  -16.2812 3.1539 11.0578
v  -16.2378 3.2343 10.9908
v  -13.9248 3.2343 10.9908
v  -16.2812 2.8647 10.7472
v  -16.2378 2.9379 10.6724
v  -13.9248 2.9379 10.6724
v  -16.2812 2.7217 10.6194
v  -16.2378 2.7295 10.4861
v  -13.9248 2.7295 10.4861
v  -13.9248 3.3191 12.4969
v  -16.2812 3.2725 12.4031
v  -16.2378 3.3191 12.4969
v  -13.9248 3.1269 12.5765
v  -16.2812 3.0935 12.4771
v  -16.2378 3.1269 12.5765
v  -13.9248 2.9507 12.6224
v  -16.2812 2.9293 12.5199
v  -16.2378 2.9507 12.6224
v  -13.9248 3.8282 11.9622
v  -16.2378 3.8282 11.9622
v  -16.2812 3.6983 11.9263
v  -10.7598 6.5171 -2.0610
v  -10.6295 6.5171 -3.6079
v  -8.5855 6.5171 -3.4358
v  -8.7158 6.5171 -1.8889
v  -10.6841 4.5418 -2.0547
v  -10.6841 6.4412 -2.0547
v  -8.7914 4.5418 -1.8953
v  -8.7847 4.5418 -1.9749
v  -10.6774 4.5418 -2.1343
v  -8.7914 6.4412 -1.8953
v  -8.7847 6.4412 -1.9749
v  -10.6774 6.4412 -2.1343
v  -17.3715 2.2161 11.6546
v  -17.3715 26.5593 11.6546
v  -17.3715 26.5593 11.4771
v  -17.3715 2.2161 11.4771
v  -17.1940 26.5593 11.4771
v  -17.1940 2.2161 11.4771
v  -17.1940 26.5593 11.6546
v  -17.1940 2.2161 11.6546
v  -18.5989 2.2263 10.2468
v  -18.5989 26.5695 10.2468
v  -18.4214 26.5695 10.2468
v  -18.4214 2.2263 10.2468
v  -18.5989 2.2263 11.6546
v  -18.5989 26.5695 11.6546
v  -18.5989 26.5695 11.4771
v  -18.5989 2.2263 11.4771
v  -18.4214 26.5695 11.4771
v  -18.4214 2.2263 11.4771
v  -18.4214 26.5695 11.6546
v  -18.4214 2.2263 11.6546
v  -17.1940 2.2161 10.2468
v  -17.3715 2.2161 10.2468
v  -17.3715 26.5593 10.2468
v  -17.1940 26.5593 10.2468
v  -17.3715 2.2161 10.4243
v  -17.3715 26.5593 10.4243
v  -17.1940 2.2161 10.4243
v  -17.1940 26.5593 10.4243
v  -18.5989 2.2263 10.4243
v  -18.5989 26.5695 10.4243
v  -18.4214 2.2263 10.4243
v  -18.4214 26.5695 10.4243
v  -17.2151 2.9617 11.5769
v  -17.2151 4.3352 10.4245
v  -17.3490 4.3352 10.4245
v  -17.3490 2.9617 11.5769
v  -17.3490 4.2491 10.3219
v  -17.3490 2.8757 11.4744
v  -17.2151 4.2491 10.3219
v  -17.2151 2.8757 11.4744
v  -17.2151 5.7086 11.5769
v  -17.3490 5.7086 11.5769
v  -17.3490 5.7947 11.4744
v  -17.3490 4.4212 10.3219
v  -17.2151 5.7947 11.4744
v  -17.2151 4.4212 10.3219
v  -17.2151 5.8807 11.5769
v  -17.2151 7.2542 10.4245
v  -17.3490 7.2542 10.4245
v  -17.3490 5.8807 11.5769
v  -17.3490 7.1681 10.3219
v  -17.2151 7.1681 10.3219
v  -17.2151 8.6276 11.5769
v  -17.3490 8.6276 11.5769
v  -17.3490 8.7137 11.4744
v  -17.3490 7.3402 10.3219
v  -17.2151 8.7137 11.4744
v  -17.2151 7.3402 10.3219
v  -17.2151 10.1732 10.4245
v  -17.2151 11.5466 11.5769
v  -17.3490 11.5466 11.5769
v  -17.3490 10.1732 10.4245
v  -17.3490 11.6327 11.4744
v  -17.3490 10.2592 10.3219
v  -17.2151 11.6327 11.4744
v  -17.2151 10.2592 10.3219
v  -17.2151 11.7187 11.5769
v  -17.2151 13.0922 10.4245
v  -17.3490 13.0922 10.4245
v  -17.3490 11.7187 11.5769
v  -17.3490 13.0061 10.3219
v  -17.2151 13.0061 10.3219
v  -17.2151 14.4656 11.5769
v  -17.3490 14.4656 11.5769
v  -17.3490 14.5517 11.4744
v  -17.3490 13.1783 10.3219
v  -17.2151 14.5517 11.4744
v  -17.2151 13.1783 10.3219
v  -17.2151 10.0871 10.3219
v  -17.2151 8.7997 11.5769
v  -17.3490 10.0871 10.3219
v  -17.3490 8.7997 11.5769
v  -17.2151 14.6378 11.5769
v  -17.2151 16.0112 10.4245
v  -17.3490 16.0112 10.4245
v  -17.3490 14.6378 11.5769
v  -17.3490 15.9251 10.3219
v  -17.2151 15.9251 10.3219
v  -17.2151 17.3846 11.5769
v  -17.3490 17.3846 11.5769
v  -17.3490 17.4707 11.4744
v  -17.3490 16.0973 10.3219
v  -17.2151 17.4707 11.4744
v  -17.2151 16.0973 10.3219
v  -17.2151 17.5568 11.5769
v  -17.2151 18.9302 10.4245
v  -17.3490 18.9302 10.4245
v  -17.3490 17.5568 11.5769
v  -17.3490 18.8441 10.3219
v  -17.2151 18.8441 10.3219
v  -17.2151 20.3036 11.5769
v  -17.3490 20.3036 11.5769
v  -17.3490 20.3897 11.4744
v  -17.3490 19.0163 10.3219
v  -17.2151 20.3897 11.4744
v  -17.2151 19.0163 10.3219
v  -17.2151 21.8492 10.4245
v  -17.2151 23.2226 11.5769
v  -17.3490 23.2226 11.5769
v  -17.3490 21.8492 10.4245
v  -17.3490 23.3087 11.4744
v  -17.3490 21.9353 10.3219
v  -17.2151 23.3087 11.4744
v  -17.2151 21.9353 10.3219
v  -17.2151 23.3948 11.5769
v  -17.2151 24.7682 10.4245
v  -17.3490 24.7682 10.4245
v  -17.3490 23.3948 11.5769
v  -17.3490 24.6821 10.3219
v  -17.2151 24.6821 10.3219
v  -17.2151 26.1417 11.5769
v  -17.3490 26.1417 11.5769
v  -17.3490 26.2277 11.4744
v  -17.3490 24.8543 10.3219
v  -17.2151 26.2277 11.4744
v  -17.2151 24.8543 10.3219
v  -17.2151 21.7631 10.3219
v  -17.2151 20.4758 11.5769
v  -17.3490 21.7631 10.3219
v  -17.3490 20.4758 11.5769
v  -18.5781 2.9617 10.3226
v  -18.5781 4.3352 11.4751
v  -18.4442 4.3352 11.4751
v  -18.4442 2.9617 10.3226
v  -18.4442 4.2491 11.5776
v  -18.4442 2.8757 10.4252
v  -18.5781 4.2491 11.5776
v  -18.5781 2.8757 10.4252
v  -18.5781 5.7086 10.3226
v  -18.4442 5.7086 10.3226
v  -18.4442 5.7947 10.4252
v  -18.4442 4.4212 11.5776
v  -18.5781 5.7947 10.4252
v  -18.5781 4.4212 11.5776
v  -18.5781 5.8807 10.3226
v  -18.5781 7.2542 11.4751
v  -18.4442 7.2542 11.4751
v  -18.4442 5.8807 10.3226
v  -18.4442 7.1681 11.5776
v  -18.5781 7.1681 11.5776
v  -18.5781 8.6276 10.3226
v  -18.4442 8.6276 10.3226
v  -18.4442 8.7137 10.4252
v  -18.4442 7.3402 11.5776
v  -18.5781 8.7137 10.4252
v  -18.5781 7.3402 11.5776
v  -18.5781 10.1732 11.4751
v  -18.5781 11.5466 10.3226
v  -18.4442 11.5466 10.3226
v  -18.4442 10.1732 11.4751
v  -18.4442 11.6327 10.4252
v  -18.4442 10.2592 11.5776
v  -18.5781 11.6327 10.4252
v  -18.5781 10.2592 11.5776
v  -18.5781 11.7187 10.3226
v  -18.5781 13.0922 11.4751
v  -18.4442 13.0922 11.4751
v  -18.4442 11.7187 10.3226
v  -18.4442 13.0061 11.5776
v  -18.5781 13.0061 11.5776
v  -18.5781 14.4656 10.3226
v  -18.4442 14.4656 10.3226
v  -18.4442 14.5517 10.4252
v  -18.4442 13.1783 11.5776
v  -18.5781 14.5517 10.4252
v  -18.5781 13.1783 11.5776
v  -18.5781 10.0871 11.5776
v  -18.5781 8.7997 10.3226
v  -18.4442 10.0871 11.5776
v  -18.4442 8.7997 10.3226
v  -18.5781 14.6378 10.3226
v  -18.5781 16.0112 11.4751
v  -18.4442 16.0112 11.4751
v  -18.4442 14.6378 10.3226
v  -18.4442 15.9251 11.5776
v  -18.5781 15.9251 11.5776
v  -18.5781 17.3846 10.3226
v  -18.4442 17.3846 10.3226
v  -18.4442 17.4707 10.4252
v  -18.4442 16.0973 11.5776
v  -18.5781 17.4707 10.4252
v  -18.5781 16.0973 11.5776
v  -18.5781 17.5568 10.3226
v  -18.5781 18.9302 11.4751
v  -18.4442 18.9302 11.4751
v  -18.4442 17.5568 10.3226
v  -18.4442 18.8441 11.5776
v  -18.5781 18.8441 11.5776
v  -18.5781 20.3036 10.3226
v  -18.4442 20.3036 10.3226
v  -18.4442 20.3897 10.4252
v  -18.4442 19.0163 11.5776
v  -18.5781 20.3897 10.4252
v  -18.5781 19.0163 11.5776
v  -18.5781 21.8492 11.4751
v  -18.5781 23.2226 10.3226
v  -18.4442 23.2226 10.3226
v  -18.4442 21.8492 11.4751
v  -18.4442 23.3087 10.4252
v  -18.4442 21.9353 11.5776
v  -18.5781 23.3087 10.4252
v  -18.5781 21.9353 11.5776
v  -18.5781 23.3948 10.3226
v  -18.5781 24.7682 11.4751
v  -18.4442 24.7682 11.4751
v  -18.4442 23.3948 10.3226
v  -18.4442 24.6822 11.5776
v  -18.5781 24.6822 11.5776
v  -18.5781 26.1417 10.3226
v  -18.4442 26.1417 10.3226
v  -18.4442 26.2277 10.4252
v  -18.4442 24.8543 11.5776
v  -18.5781 26.2277 10.4252
v  -18.5781 24.8543 11.5776
v  -18.5781 21.7631 11.5776
v  -18.5781 20.4758 10.3226
v  -18.4442 21.7631 11.5776
v  -18.4442 20.4758 10.3226
v  -17.2695 2.9617 10.2683
v  -18.4219 4.3352 10.2683
v  -18.4219 4.3352 10.4022
v  -17.2695 2.9617 10.4022
v  -18.5245 4.2491 10.4022
v  -17.3720 2.8757 10.4022
v  -18.5245 4.2491 10.2683
v  -17.3720 2.8757 10.2683
v  -17.2695 5.7086 10.2683
v  -17.2695 5.7086 10.4022
v  -17.3720 5.7947 10.4022
v  -18.5245 4.4212 10.4022
v  -17.3720 5.7947 10.2683
v  -18.5245 4.4212 10.2683
v  -17.2695 5.8807 10.2683
v  -18.4219 7.2542 10.2683
v  -18.4219 7.2542 10.4022
v  -17.2695 5.8807 10.4022
v  -18.5245 7.1681 10.4022
v  -18.5245 7.1681 10.2683
v  -17.2695 8.6276 10.2683
v  -17.2695 8.6276 10.4022
v  -17.3720 8.7137 10.4022
v  -18.5245 7.3402 10.4022
v  -17.3720 8.7137 10.2683
v  -18.5245 7.3402 10.2683
v  -18.4219 10.1732 10.2683
v  -17.2695 11.5466 10.2683
v  -17.2695 11.5466 10.4022
v  -18.4219 10.1732 10.4022
v  -17.3720 11.6327 10.4022
v  -18.5245 10.2592 10.4022
v  -17.3720 11.6327 10.2683
v  -18.5245 10.2592 10.2683
v  -17.2695 11.7187 10.2683
v  -18.4219 13.0922 10.2683
v  -18.4219 13.0922 10.4022
v  -17.2695 11.7187 10.4022
v  -18.5245 13.0061 10.4022
v  -18.5245 13.0061 10.2683
v  -17.2695 14.4656 10.2683
v  -17.2695 14.4656 10.4022
v  -17.3720 14.5517 10.4022
v  -18.5245 13.1783 10.4022
v  -17.3720 14.5517 10.2683
v  -18.5245 13.1783 10.2683
v  -18.5245 10.0871 10.2683
v  -17.2695 8.7997 10.2683
v  -18.5245 10.0871 10.4022
v  -17.2695 8.7997 10.4022
v  -17.2695 14.6378 10.2683
v  -18.4219 16.0112 10.2683
v  -18.4219 16.0112 10.4022
v  -17.2695 14.6378 10.4022
v  -18.5245 15.9251 10.4022
v  -18.5245 15.9251 10.2683
v  -17.2695 17.3846 10.2683
v  -17.2695 17.3846 10.4022
v  -17.3720 17.4707 10.4022
v  -18.5245 16.0973 10.4022
v  -17.3720 17.4707 10.2683
v  -18.5245 16.0973 10.2683
v  -17.2695 17.5568 10.2683
v  -18.4219 18.9302 10.2683
v  -18.4219 18.9302 10.4022
v  -17.2695 17.5568 10.4022
v  -18.5245 18.8441 10.4022
v  -18.5245 18.8441 10.2683
v  -17.2695 20.3036 10.2683
v  -17.2695 20.3036 10.4022
v  -17.3720 20.3897 10.4022
v  -18.5245 19.0163 10.4022
v  -17.3720 20.3897 10.2683
v  -18.5245 19.0163 10.2683
v  -18.4219 21.8492 10.2683
v  -17.2695 23.2226 10.2683
v  -17.2695 23.2226 10.4022
v  -18.4219 21.8492 10.4022
v  -17.3720 23.3087 10.4022
v  -18.5245 21.9353 10.4022
v  -17.3720 23.3087 10.2683
v  -18.5245 21.9353 10.2683
v  -17.2695 23.3948 10.2683
v  -18.4219 24.7682 10.2683
v  -18.4219 24.7682 10.4022
v  -17.2695 23.3948 10.4022
v  -18.5245 24.6821 10.4022
v  -18.5245 24.6821 10.2683
v  -17.2695 26.1416 10.2683
v  -17.2695 26.1416 10.4022
v  -17.3720 26.2277 10.4022
v  -18.5245 24.8543 10.4022
v  -17.3720 26.2277 10.2683
v  -18.5245 24.8543 10.2683
v  -18.5245 21.7631 10.2683
v  -17.2695 20.4758 10.2683
v  -18.5245 21.7631 10.4022
v  -17.2695 20.4758 10.4022
v  -18.5238 2.9617 11.6313
v  -17.3714 4.3352 11.6313
v  -17.3714 4.3352 11.4974
v  -18.5238 2.9617 11.4974
v  -17.2688 4.2491 11.4974
v  -18.4212 2.8757 11.4974
v  -17.2688 4.2491 11.6313
v  -18.4212 2.8757 11.6313
v  -18.5238 5.7086 11.6313
v  -18.5238 5.7086 11.4974
v  -18.4212 5.7947 11.4974
v  -17.2688 4.4212 11.4974
v  -18.4212 5.7947 11.6313
v  -17.2688 4.4212 11.6313
v  -18.5238 5.8807 11.6313
v  -17.3714 7.2542 11.6313
v  -17.3714 7.2542 11.4974
v  -18.5238 5.8807 11.4974
v  -17.2688 7.1681 11.4974
v  -17.2688 7.1681 11.6313
v  -18.5238 8.6276 11.6313
v  -18.5238 8.6276 11.4974
v  -18.4212 8.7137 11.4974
v  -17.2688 7.3402 11.4974
v  -18.4212 8.7137 11.6313
v  -17.2688 7.3402 11.6313
v  -17.3714 10.1732 11.6313
v  -18.5238 11.5466 11.6313
v  -18.5238 11.5466 11.4974
v  -17.3714 10.1732 11.4974
v  -18.4212 11.6327 11.4974
v  -17.2688 10.2592 11.4974
v  -18.4212 11.6327 11.6313
v  -17.2688 10.2592 11.6313
v  -18.5238 11.7187 11.6313
v  -17.3714 13.0922 11.6313
v  -17.3714 13.0922 11.4974
v  -18.5238 11.7187 11.4974
v  -17.2688 13.0061 11.4974
v  -17.2688 13.0061 11.6313
v  -18.5238 14.4656 11.6313
v  -18.5238 14.4656 11.4974
v  -18.4212 14.5517 11.4974
v  -17.2688 13.1783 11.4974
v  -18.4212 14.5517 11.6313
v  -17.2688 13.1783 11.6313
v  -17.2688 10.0871 11.6313
v  -18.5238 8.7997 11.6313
v  -17.2688 10.0871 11.4974
v  -18.5238 8.7997 11.4974
v  -18.5238 14.6378 11.6313
v  -17.3714 16.0112 11.6313
v  -17.3714 16.0112 11.4974
v  -18.5238 14.6378 11.4974
v  -17.2688 15.9251 11.4974
v  -17.2688 15.9251 11.6313
v  -18.5238 17.3846 11.6313
v  -18.5238 17.3846 11.4974
v  -18.4212 17.4707 11.4974
v  -17.2688 16.0973 11.4974
v  -18.4212 17.4707 11.6313
v  -17.2688 16.0973 11.6313
v  -18.5238 17.5568 11.6313
v  -17.3714 18.9302 11.6313
v  -17.3714 18.9302 11.4974
v  -18.5238 17.5568 11.4974
v  -17.2688 18.8441 11.4974
v  -17.2688 18.8441 11.6313
v  -18.5238 20.3036 11.6313
v  -18.5238 20.3036 11.4974
v  -18.4212 20.3897 11.4974
v  -17.2688 19.0163 11.4974
v  -18.4212 20.3897 11.6313
v  -17.2688 19.0163 11.6313
v  -17.3714 21.8492 11.6313
v  -18.5238 23.2226 11.6313
v  -18.5238 23.2226 11.4974
v  -17.3714 21.8492 11.4974
v  -18.4212 23.3087 11.4974
v  -17.2688 21.9353 11.4974
v  -18.4212 23.3087 11.6313
v  -17.2688 21.9353 11.6313
v  -18.5238 23.3948 11.6313
v  -17.3714 24.7682 11.6313
v  -17.3714 24.7682 11.4974
v  -18.5238 23.3948 11.4974
v  -17.2688 24.6821 11.4974
v  -17.2688 24.6821 11.6313
v  -18.5238 26.1416 11.6313
v  -18.5238 26.1416 11.4974
v  -18.4212 26.2277 11.4974
v  -17.2688 24.8543 11.4974
v  -18.4212 26.2277 11.6313
v  -17.2688 24.8543 11.6313
v  -17.2688 21.7631 11.6313
v  -18.5238 20.4758 11.6313
v  -17.2688 21.7631 11.4974
v  -18.5238 20.4758 11.4974
v  18.4120 2.2161 -5.7794
v  18.4120 26.5593 -5.7794
v  18.4120 26.5593 -5.9569
v  18.4120 2.2161 -5.9569
v  18.5895 26.5593 -5.9569
v  18.5895 2.2161 -5.9569
v  18.5895 26.5593 -5.7794
v  18.5895 2.2161 -5.7794
v  17.1846 2.2263 -7.1872
v  17.1846 26.5695 -7.1872
v  17.3621 26.5695 -7.1872
v  17.3621 2.2263 -7.1872
v  17.1846 2.2263 -5.7794
v  17.1846 26.5695 -5.7794
v  17.1846 26.5695 -5.9569
v  17.1846 2.2263 -5.9569
v  17.3621 26.5695 -5.9569
v  17.3621 2.2263 -5.9569
v  17.3621 26.5695 -5.7794
v  17.3621 2.2263 -5.7794
v  18.5895 2.2161 -7.1872
v  18.4120 2.2161 -7.1872
v  18.4120 26.5593 -7.1872
v  18.5895 26.5593 -7.1872
v  18.4120 2.2161 -7.0097
v  18.4120 26.5593 -7.0097
v  18.5895 2.2161 -7.0097
v  18.5895 26.5593 -7.0097
v  17.1846 2.2263 -7.0097
v  17.1846 26.5695 -7.0097
v  17.3621 2.2263 -7.0097
v  17.3621 26.5695 -7.0097
v  18.5684 2.9617 -5.8571
v  18.5684 4.3352 -7.0096
v  18.4345 4.3352 -7.0096
v  18.4345 2.9617 -5.8571
v  18.4345 4.2491 -7.1121
v  18.4345 2.8757 -5.9597
v  18.5684 4.2491 -7.1121
v  18.5684 2.8757 -5.9597
v  18.5684 5.7086 -5.8571
v  18.4345 5.7086 -5.8571
v  18.4345 5.7947 -5.9597
v  18.4345 4.4212 -7.1121
v  18.5684 5.7947 -5.9597
v  18.5684 4.4212 -7.1121
v  18.5684 5.8807 -5.8571
v  18.5684 7.2542 -7.0096
v  18.4345 7.2542 -7.0096
v  18.4345 5.8807 -5.8571
v  18.4345 7.1681 -7.1121
v  18.5684 7.1681 -7.1121
v  18.5684 8.6276 -5.8571
v  18.4345 8.6276 -5.8571
v  18.4345 8.7137 -5.9597
v  18.4345 7.3402 -7.1121
v  18.5684 8.7137 -5.9597
v  18.5684 7.3402 -7.1121
v  18.5684 10.1732 -7.0096
v  18.5684 11.5466 -5.8571
v  18.4345 11.5466 -5.8571
v  18.4345 10.1732 -7.0096
v  18.4345 11.6327 -5.9597
v  18.4345 10.2592 -7.1121
v  18.5684 11.6327 -5.9597
v  18.5684 10.2592 -7.1121
v  18.5684 11.7187 -5.8571
v  18.5684 13.0922 -7.0096
v  18.4345 13.0922 -7.0096
v  18.4345 11.7187 -5.8571
v  18.4345 13.0061 -7.1121
v  18.5684 13.0061 -7.1121
v  18.5684 14.4656 -5.8571
v  18.4345 14.4656 -5.8571
v  18.4345 14.5517 -5.9597
v  18.4345 13.1782 -7.1121
v  18.5684 14.5517 -5.9597
v  18.5684 13.1782 -7.1121
v  18.5684 10.0871 -7.1121
v  18.5684 8.7997 -5.8571
v  18.4345 10.0871 -7.1121
v  18.4345 8.7997 -5.8571
v  18.5684 14.6378 -5.8571
v  18.5684 16.0112 -7.0096
v  18.4345 16.0112 -7.0096
v  18.4345 14.6378 -5.8571
v  18.4345 15.9251 -7.1121
v  18.5684 15.9251 -7.1121
v  18.5684 17.3846 -5.8571
v  18.4345 17.3846 -5.8571
v  18.4345 17.4707 -5.9597
v  18.4345 16.0973 -7.1121
v  18.5684 17.4707 -5.9597
v  18.5684 16.0973 -7.1121
v  18.5684 17.5568 -5.8571
v  18.5684 18.9302 -7.0096
v  18.4345 18.9302 -7.0096
v  18.4345 17.5568 -5.8571
v  18.4345 18.8441 -7.1121
v  18.5684 18.8441 -7.1121
v  18.5684 20.3036 -5.8571
v  18.4345 20.3036 -5.8571
v  18.4345 20.3897 -5.9597
v  18.4345 19.0163 -7.1121
v  18.5684 20.3897 -5.9597
v  18.5684 19.0163 -7.1121
v  18.5684 21.8492 -7.0096
v  18.5684 23.2226 -5.8571
v  18.4345 23.2226 -5.8571
v  18.4345 21.8492 -7.0096
v  18.4345 23.3087 -5.9597
v  18.4345 21.9353 -7.1121
v  18.5684 23.3087 -5.9597
v  18.5684 21.9353 -7.1121
v  18.5684 23.3948 -5.8571
v  18.5684 24.7682 -7.0096
v  18.4345 24.7682 -7.0096
v  18.4345 23.3948 -5.8571
v  18.4345 24.6821 -7.1121
v  18.5684 24.6821 -7.1121
v  18.5684 26.1416 -5.8571
v  18.4345 26.1416 -5.8571
v  18.4345 26.2277 -5.9597
v  18.4345 24.8543 -7.1121
v  18.5684 26.2277 -5.9597
v  18.5684 24.8543 -7.1121
v  18.5684 21.7631 -7.1121
v  18.5684 20.4758 -5.8571
v  18.4345 21.7631 -7.1121
v  18.4345 20.4758 -5.8571
v  17.2054 2.9617 -7.1114
v  17.2054 4.3352 -5.9590
v  17.3393 4.3352 -5.9590
v  17.3393 2.9617 -7.1114
v  17.3393 4.2491 -5.8564
v  17.3393 2.8757 -7.0089
v  17.2054 4.2491 -5.8564
v  17.2054 2.8757 -7.0089
v  17.2054 5.7086 -7.1114
v  17.3393 5.7086 -7.1114
v  17.3393 5.7947 -7.0089
v  17.3393 4.4212 -5.8564
v  17.2054 5.7947 -7.0089
v  17.2054 4.4212 -5.8564
v  17.2054 5.8807 -7.1114
v  17.2054 7.2542 -5.9590
v  17.3393 7.2542 -5.9590
v  17.3393 5.8807 -7.1114
v  17.3393 7.1681 -5.8564
v  17.2054 7.1681 -5.8564
v  17.2054 8.6276 -7.1114
v  17.3393 8.6276 -7.1114
v  17.3393 8.7137 -7.0089
v  17.3393 7.3402 -5.8564
v  17.2054 8.7137 -7.0089
v  17.2054 7.3402 -5.8564
v  17.2054 10.1732 -5.9590
v  17.2054 11.5466 -7.1114
v  17.3393 11.5466 -7.1114
v  17.3393 10.1732 -5.9590
v  17.3393 11.6327 -7.0089
v  17.3393 10.2592 -5.8564
v  17.2054 11.6327 -7.0089
v  17.2054 10.2592 -5.8564
v  17.2054 11.7187 -7.1114
v  17.2054 13.0922 -5.9590
v  17.3393 13.0922 -5.9590
v  17.3393 11.7187 -7.1114
v  17.3393 13.0061 -5.8564
v  17.2054 13.0061 -5.8564
v  17.2054 14.4656 -7.1114
v  17.3393 14.4656 -7.1114
v  17.3393 14.5517 -7.0089
v  17.3393 13.1782 -5.8564
v  17.2054 14.5517 -7.0089
v  17.2054 13.1782 -5.8564
v  17.2054 10.0871 -5.8564
v  17.2054 8.7997 -7.1114
v  17.3393 10.0871 -5.8564
v  17.3393 8.7997 -7.1114
v  17.2054 14.6378 -7.1114
v  17.2054 16.0112 -5.9590
v  17.3393 16.0112 -5.9590
v  17.3393 14.6378 -7.1114
v  17.3393 15.9251 -5.8564
v  17.2054 15.9251 -5.8564
v  17.2054 17.3846 -7.1114
v  17.3393 17.3846 -7.1114
v  17.3393 17.4707 -7.0089
v  17.3393 16.0973 -5.8564
v  17.2054 17.4707 -7.0089
v  17.2054 16.0973 -5.8564
v  17.2054 17.5568 -7.1114
v  17.2054 18.9302 -5.9590
v  17.3393 18.9302 -5.9590
v  17.3393 17.5568 -7.1114
v  17.3393 18.8441 -5.8564
v  17.2054 18.8441 -5.8564
v  17.2054 20.3036 -7.1114
v  17.3393 20.3036 -7.1114
v  17.3393 20.3897 -7.0089
v  17.3393 19.0163 -5.8564
v  17.2054 20.3897 -7.0089
v  17.2054 19.0163 -5.8564
v  17.2054 21.8492 -5.9590
v  17.2054 23.2226 -7.1114
v  17.3393 23.2226 -7.1114
v  17.3393 21.8492 -5.9590
v  17.3393 23.3087 -7.0089
v  17.3393 21.9353 -5.8564
v  17.2054 23.3087 -7.0089
v  17.2054 21.9353 -5.8564
v  17.2054 23.3948 -7.1114
v  17.2054 24.7682 -5.9590
v  17.3393 24.7682 -5.9590
v  17.3393 23.3948 -7.1114
v  17.3393 24.6821 -5.8564
v  17.2054 24.6821 -5.8564
v  17.2054 26.1416 -7.1115
v  17.3393 26.1416 -7.1115
v  17.3393 26.2277 -7.0089
v  17.3393 24.8543 -5.8564
v  17.2054 26.2277 -7.0089
v  17.2054 24.8543 -5.8564
v  17.2054 21.7631 -5.8564
v  17.2054 20.4758 -7.1114
v  17.3393 21.7631 -5.8564
v  17.3393 20.4758 -7.1114
v  18.5140 2.9617 -7.1658
v  17.3616 4.3352 -7.1658
v  17.3616 4.3352 -7.0319
v  18.5140 2.9617 -7.0319
v  17.2590 4.2491 -7.0319
v  18.4115 2.8757 -7.0319
v  17.2590 4.2491 -7.1658
v  18.4115 2.8757 -7.1658
v  18.5140 5.7086 -7.1658
v  18.5140 5.7086 -7.0319
v  18.4115 5.7947 -7.0319
v  17.2590 4.4212 -7.0319
v  18.4115 5.7947 -7.1658
v  17.2590 4.4212 -7.1658
v  18.5140 5.8807 -7.1658
v  17.3616 7.2542 -7.1658
v  17.3616 7.2542 -7.0319
v  18.5140 5.8807 -7.0319
v  17.2590 7.1681 -7.0319
v  17.2590 7.1681 -7.1658
v  18.5140 8.6276 -7.1658
v  18.5140 8.6276 -7.0319
v  18.4115 8.7137 -7.0319
v  17.2590 7.3402 -7.0319
v  18.4115 8.7137 -7.1658
v  17.2590 7.3402 -7.1658
v  17.3616 10.1732 -7.1658
v  18.5140 11.5466 -7.1658
v  18.5140 11.5466 -7.0319
v  17.3616 10.1732 -7.0319
v  18.4115 11.6327 -7.0319
v  17.2590 10.2592 -7.0319
v  18.4115 11.6327 -7.1658
v  17.2590 10.2592 -7.1658
v  18.5140 11.7187 -7.1658
v  17.3616 13.0922 -7.1658
v  17.3616 13.0922 -7.0319
v  18.5140 11.7187 -7.0319
v  17.2590 13.0061 -7.0319
v  17.2590 13.0061 -7.1658
v  18.5140 14.4656 -7.1658
v  18.5140 14.4656 -7.0319
v  18.4115 14.5517 -7.0319
v  17.2590 13.1782 -7.0319
v  18.4115 14.5517 -7.1658
v  17.2590 13.1782 -7.1658
v  17.2590 10.0871 -7.1658
v  18.5140 8.7997 -7.1658
v  17.2590 10.0871 -7.0319
v  18.5140 8.7997 -7.0319
v  18.5140 14.6378 -7.1658
v  17.3616 16.0112 -7.1658
v  17.3616 16.0112 -7.0319
v  18.5140 14.6378 -7.0319
v  17.2590 15.9251 -7.0319
v  17.2590 15.9251 -7.1658
v  18.5140 17.3846 -7.1658
v  18.5140 17.3846 -7.0319
v  18.4115 17.4707 -7.0319
v  17.2590 16.0973 -7.0319
v  18.4115 17.4707 -7.1658
v  17.2590 16.0973 -7.1658
v  18.5140 17.5568 -7.1658
v  17.3616 18.9302 -7.1658
v  17.3616 18.9302 -7.0319
v  18.5140 17.5568 -7.0319
v  17.2590 18.8441 -7.0319
v  17.2590 18.8441 -7.1658
v  18.5140 20.3036 -7.1658
v  18.5140 20.3036 -7.0319
v  18.4115 20.3897 -7.0319
v  17.2590 19.0163 -7.0319
v  18.4115 20.3897 -7.1658
v  17.2590 19.0163 -7.1658
v  17.3616 21.8492 -7.1658
v  18.5140 23.2226 -7.1658
v  18.5140 23.2226 -7.0319
v  17.3616 21.8492 -7.0319
v  18.4115 23.3087 -7.0319
v  17.2590 21.9353 -7.0319
v  18.4115 23.3087 -7.1658
v  17.2590 21.9353 -7.1658
v  18.5140 23.3948 -7.1658
v  17.3616 24.7682 -7.1658
v  17.3616 24.7682 -7.0319
v  18.5140 23.3948 -7.0319
v  17.2590 24.6821 -7.0319
v  17.2590 24.6821 -7.1658
v  18.5140 26.1416 -7.1658
v  18.5140 26.1416 -7.0319
v  18.4115 26.2277 -7.0319
v  17.2590 24.8543 -7.0319
v  18.4115 26.2277 -7.1658
v  17.2590 24.8543 -7.1658
v  17.2590 21.7631 -7.1658
v  18.5140 20.4758 -7.1658
v  17.2590 21.7631 -7.0319
v  18.5140 20.4758 -7.0319
v  17.2597 2.9617 -5.8028
v  18.4121 4.3352 -5.8028
v  18.4121 4.3352 -5.9367
v  17.2597 2.9617 -5.9367
v  18.5147 4.2491 -5.9367
v  17.3623 2.8757 -5.9367
v  18.5147 4.2491 -5.8028
v  17.3623 2.8757 -5.8028
v  17.2597 5.7086 -5.8028
v  17.2597 5.7086 -5.9367
v  17.3623 5.7947 -5.9367
v  18.5147 4.4212 -5.9367
v  17.3623 5.7947 -5.8028
v  18.5147 4.4212 -5.8028
v  17.2597 5.8807 -5.8028
v  18.4121 7.2542 -5.8028
v  18.4121 7.2542 -5.9367
v  17.2597 5.8807 -5.9367
v  18.5147 7.1681 -5.9367
v  18.5147 7.1681 -5.8028
v  17.2597 8.6276 -5.8028
v  17.2597 8.6276 -5.9367
v  17.3623 8.7137 -5.9367
v  18.5147 7.3402 -5.9367
v  17.3623 8.7137 -5.8028
v  18.5147 7.3402 -5.8028
v  18.4121 10.1732 -5.8028
v  17.2597 11.5466 -5.8028
v  17.2597 11.5466 -5.9367
v  18.4121 10.1732 -5.9367
v  17.3623 11.6327 -5.9367
v  18.5147 10.2592 -5.9367
v  17.3623 11.6327 -5.8028
v  18.5147 10.2592 -5.8028
v  17.2597 11.7187 -5.8028
v  18.4121 13.0922 -5.8028
v  18.4121 13.0922 -5.9367
v  17.2597 11.7187 -5.9367
v  18.5147 13.0061 -5.9367
v  18.5147 13.0061 -5.8028
v  17.2597 14.4656 -5.8028
v  17.2597 14.4656 -5.9367
v  17.3623 14.5517 -5.9367
v  18.5147 13.1782 -5.9367
v  17.3623 14.5517 -5.8028
v  18.5147 13.1782 -5.8028
v  18.5147 10.0871 -5.8028
v  17.2597 8.7997 -5.8028
v  18.5147 10.0871 -5.9367
v  17.2597 8.7997 -5.9367
v  17.2597 14.6378 -5.8028
v  18.4121 16.0112 -5.8028
v  18.4121 16.0112 -5.9367
v  17.2597 14.6378 -5.9367
v  18.5147 15.9251 -5.9367
v  18.5147 15.9251 -5.8028
v  17.2597 17.3846 -5.8028
v  17.2597 17.3846 -5.9367
v  17.3623 17.4707 -5.9367
v  18.5147 16.0973 -5.9367
v  17.3623 17.4707 -5.8028
v  18.5147 16.0973 -5.8028
v  17.2597 17.5568 -5.8028
v  18.4121 18.9302 -5.8028
v  18.4121 18.9302 -5.9367
v  17.2597 17.5568 -5.9367
v  18.5147 18.8441 -5.9367
v  18.5147 18.8441 -5.8028
v  17.2597 20.3036 -5.8028
v  17.2597 20.3036 -5.9367
v  17.3623 20.3897 -5.9367
v  18.5147 19.0163 -5.9367
v  17.3623 20.3897 -5.8028
v  18.5147 19.0163 -5.8028
v  18.4121 21.8492 -5.8028
v  17.2597 23.2226 -5.8028
v  17.2597 23.2226 -5.9367
v  18.4121 21.8492 -5.9367
v  17.3623 23.3087 -5.9367
v  18.5147 21.9353 -5.9367
v  17.3623 23.3087 -5.8028
v  18.5147 21.9353 -5.8028
v  17.2597 23.3948 -5.8028
v  18.4121 24.7682 -5.8028
v  18.4121 24.7682 -5.9367
v  17.2597 23.3948 -5.9367
v  18.5147 24.6821 -5.9367
v  18.5147 24.6821 -5.8028
v  17.2597 26.1416 -5.8028
v  17.2597 26.1416 -5.9367
v  17.3623 26.2277 -5.9367
v  18.5147 24.8543 -5.9367
v  17.3623 26.2277 -5.8028
v  18.5147 24.8543 -5.8028
v  18.5147 21.7631 -5.8028
v  17.2597 20.4758 -5.8028
v  18.5147 21.7631 -5.9367
v  17.2597 20.4758 -5.9367
v  1.4876 22.7604 -5.8159
v  2.8610 21.6079 -5.8159
v  2.8610 21.6079 -5.9236
v  1.4876 22.7604 -5.9236
v  2.7749 21.5053 -5.9236
v  1.4015 22.6578 -5.9236
v  2.7749 21.5053 -5.8159
v  1.4015 22.6578 -5.8159
v  5.8661 21.5053 -5.8159
v  7.2395 22.6578 -5.8159
v  7.1535 22.7604 -5.8159
v  5.7800 21.6079 -5.8159
v  5.8661 21.5053 -5.9236
v  7.2395 22.6578 -5.9236
v  5.7800 21.6079 -5.9236
v  7.1535 22.7604 -5.9236
v  4.3205 22.6578 -5.8159
v  5.6940 21.5053 -5.8159
v  4.4066 22.7604 -5.8159
v  4.3205 22.6578 -5.9236
v  5.6940 21.5053 -5.9236
v  4.4066 22.7604 -5.9236
v  2.9471 21.5053 -5.8159
v  4.2345 22.7604 -5.8159
v  2.9471 21.5053 -5.9236
v  4.2345 22.7604 -5.9236
v  0.0281 21.5053 -5.8159
v  1.3154 22.7604 -5.8159
v  -0.0580 21.6079 -5.8159
v  0.0281 21.5053 -5.9236
v  -0.0580 21.6079 -5.9236
v  1.3154 22.7604 -5.9236
v  -1.5175 22.6578 -5.8159
v  -0.1441 21.5053 -5.8159
v  -1.4314 22.7604 -5.8159
v  -1.5175 22.6578 -5.9236
v  -0.1441 21.5053 -5.9236
v  -1.4314 22.7604 -5.9236
v  -2.8909 21.5053 -5.8159
v  -1.6036 22.7604 -5.8159
v  -2.9770 21.6079 -5.8159
v  -2.8909 21.5053 -5.9236
v  -2.9770 21.6079 -5.9236
v  -1.6036 22.7604 -5.9236
v  -4.4365 22.6578 -5.8159
v  -3.0631 21.5053 -5.8159
v  -4.3504 22.7604 -5.8159
v  -4.4365 22.6578 -5.9236
v  -3.0631 21.5053 -5.9236
v  -4.3504 22.7604 -5.9236
v  -10.1885 22.7604 -5.8159
v  -8.8150 21.6079 -5.8159
v  -8.8150 21.6079 -5.9236
v  -10.1885 22.7604 -5.9236
v  -8.9011 21.5053 -5.9236
v  -10.2745 22.6578 -5.9236
v  -8.9011 21.5053 -5.8159
v  -10.2745 22.6578 -5.8159
v  -5.8099 21.5053 -5.8159
v  -4.5226 22.7604 -5.8159
v  -5.8960 21.6079 -5.8159
v  -5.8099 21.5053 -5.9236
v  -5.8960 21.6079 -5.9236
v  -4.5226 22.7604 -5.9236
v  -7.3555 22.6578 -5.8159
v  -5.9821 21.5053 -5.8159
v  -7.2694 22.7604 -5.8159
v  -7.3555 22.6578 -5.9236
v  -5.9821 21.5053 -5.9236
v  -7.2694 22.7604 -5.9236
v  -8.7290 21.5053 -5.8159
v  -7.4416 22.7604 -5.8159
v  -8.7290 21.5053 -5.9236
v  -7.4416 22.7604 -5.9236
v  -11.6480 21.5053 -5.8159
v  -10.3606 22.7604 -5.8159
v  -11.7340 21.6079 -5.8159
v  -11.6480 21.5053 -5.9236
v  -11.7340 21.6079 -5.9236
v  -10.3606 22.7604 -5.9236
v  -13.1935 22.6578 -5.8159
v  -11.8201 21.5053 -5.8159
v  -13.1075 22.7604 -5.8159
v  -13.1935 22.6578 -5.9236
v  -11.8201 21.5053 -5.9236
v  -13.1075 22.7604 -5.9236
v  -14.5670 21.5053 -5.8159
v  -13.2796 22.7604 -5.8159
v  -14.6530 21.6079 -5.8159
v  -14.5670 21.5053 -5.9236
v  -14.6530 21.6079 -5.9236
v  -13.2796 22.7604 -5.9236
v  -16.1125 22.6578 -5.8159
v  -14.7391 21.5053 -5.8159
v  -16.0265 22.7604 -5.8159
v  -16.1125 22.6578 -5.9236
v  -14.7391 21.5053 -5.9236
v  -16.0265 22.7604 -5.9236
v  1.4876 21.5060 -7.1527
v  2.8610 22.6585 -7.1527
v  2.8610 22.6585 -7.0450
v  1.4876 21.5060 -7.0450
v  2.7749 22.7610 -7.0450
v  1.4015 21.6086 -7.0450
v  2.7749 22.7610 -7.1527
v  1.4015 21.6086 -7.1527
v  5.8661 22.7610 -7.1527
v  7.2395 21.6086 -7.1527
v  7.1535 21.5060 -7.1527
v  5.7800 22.6585 -7.1527
v  5.8661 22.7610 -7.0450
v  7.2395 21.6086 -7.0450
v  5.7800 22.6585 -7.0450
v  7.1535 21.5060 -7.0450
v  4.3205 21.6086 -7.1527
v  5.6940 22.7610 -7.1527
v  4.4066 21.5060 -7.1527
v  4.3205 21.6086 -7.0450
v  5.6940 22.7610 -7.0450
v  4.4066 21.5060 -7.0450
v  2.9471 22.7610 -7.1527
v  4.2345 21.5060 -7.1527
v  2.9471 22.7610 -7.0450
v  4.2345 21.5060 -7.0450
v  0.0281 22.7610 -7.1527
v  1.3154 21.5060 -7.1527
v  -0.0580 22.6585 -7.1527
v  0.0281 22.7610 -7.0450
v  -0.0580 22.6585 -7.0450
v  1.3154 21.5060 -7.0450
v  -1.5175 21.6086 -7.1527
v  -0.1441 22.7610 -7.1527
v  -1.4314 21.5060 -7.1527
v  -1.5175 21.6086 -7.0450
v  -0.1441 22.7610 -7.0450
v  -1.4314 21.5060 -7.0450
v  -2.8909 22.7610 -7.1527
v  -1.6036 21.5060 -7.1527
v  -2.9770 22.6585 -7.1527
v  -2.8909 22.7610 -7.0450
v  -2.9770 22.6585 -7.0450
v  -1.6036 21.5060 -7.0450
v  -4.4365 21.6086 -7.1527
v  -3.0631 22.7610 -7.1527
v  -4.3504 21.5060 -7.1527
v  -4.4365 21.6086 -7.0450
v  -3.0631 22.7610 -7.0450
v  -4.3504 21.5060 -7.0450
v  -10.1885 21.5060 -7.1527
v  -8.8150 22.6585 -7.1527
v  -8.8150 22.6585 -7.0450
v  -10.1885 21.5060 -7.0450
v  -8.9011 22.7610 -7.0450
v  -10.2745 21.6086 -7.0450
v  -8.9011 22.7610 -7.1527
v  -10.2745 21.6086 -7.1527
v  -5.8099 22.7610 -7.1527
v  -4.5226 21.5060 -7.1527
v  -5.8960 22.6585 -7.1527
v  -5.8099 22.7610 -7.0450
v  -5.8960 22.6585 -7.0450
v  -4.5226 21.5060 -7.0450
v  -7.3555 21.6086 -7.1527
v  -5.9821 22.7610 -7.1527
v  -7.2694 21.5060 -7.1527
v  -7.3555 21.6086 -7.0450
v  -5.9821 22.7610 -7.0450
v  -7.2694 21.5060 -7.0450
v  -8.7290 22.7610 -7.1527
v  -7.4416 21.5060 -7.1527
v  -8.7290 22.7610 -7.0450
v  -7.4416 21.5060 -7.0450
v  -11.6480 22.7610 -7.1527
v  -10.3606 21.5060 -7.1527
v  -11.7340 22.6585 -7.1527
v  -11.6480 22.7610 -7.0450
v  -11.7340 22.6585 -7.0450
v  -10.3606 21.5060 -7.0450
v  -13.1935 21.6086 -7.1527
v  -11.8201 22.7610 -7.1527
v  -13.1075 21.5060 -7.1527
v  -13.1935 21.6086 -7.0450
v  -11.8201 22.7610 -7.0450
v  -13.1075 21.5060 -7.0450
v  -14.5670 22.7610 -7.1527
v  -13.2796 21.5060 -7.1527
v  -14.6530 22.6585 -7.1527
v  -14.5670 22.7610 -7.0450
v  -14.6530 22.6585 -7.0450
v  -13.2796 21.5060 -7.0450
v  -16.1125 21.6086 -7.1527
v  -14.7391 22.7610 -7.1527
v  -16.0265 21.5060 -7.1527
v  -16.1125 21.6086 -7.0450
v  -14.7391 22.7610 -7.0450
v  -16.0265 21.5060 -7.0450
v  1.4876 22.7931 -7.1114
v  2.8610 22.7931 -5.9590
v  2.8610 22.7023 -5.9590
v  1.4876 22.7023 -7.1114
v  2.7749 22.7023 -5.8564
v  1.4015 22.7023 -7.0089
v  2.7749 22.7931 -5.8564
v  1.4015 22.7931 -7.0089
v  5.8661 22.7931 -5.8564
v  7.2395 22.7931 -7.0089
v  7.1535 22.7931 -7.1114
v  5.7800 22.7931 -5.9590
v  5.8661 22.7023 -5.8564
v  7.2395 22.7023 -7.0089
v  5.7800 22.7023 -5.9590
v  7.1535 22.7023 -7.1114
v  4.3205 22.7931 -7.0089
v  5.6940 22.7931 -5.8564
v  4.4066 22.7931 -7.1114
v  4.3205 22.7023 -7.0089
v  5.6940 22.7023 -5.8564
v  4.4066 22.7023 -7.1114
v  2.9471 22.7931 -5.8564
v  4.2345 22.7931 -7.1114
v  2.9471 22.7023 -5.8564
v  4.2345 22.7023 -7.1114
v  0.0281 22.7931 -5.8564
v  1.3154 22.7931 -7.1114
v  -0.0580 22.7931 -5.9590
v  0.0281 22.7023 -5.8564
v  -0.0580 22.7023 -5.9590
v  1.3154 22.7023 -7.1114
v  -1.5175 22.7931 -7.0089
v  -0.1441 22.7931 -5.8564
v  -1.4314 22.7931 -7.1114
v  -1.5175 22.7023 -7.0089
v  -0.1441 22.7023 -5.8564
v  -1.4314 22.7023 -7.1114
v  -2.8909 22.7931 -5.8564
v  -1.6036 22.7931 -7.1114
v  -2.9770 22.7931 -5.9590
v  -2.8909 22.7023 -5.8564
v  -2.9770 22.7023 -5.9590
v  -1.6036 22.7023 -7.1114
v  -4.4365 22.7931 -7.0089
v  -3.0631 22.7931 -5.8564
v  -4.3504 22.7931 -7.1114
v  -4.4365 22.7023 -7.0089
v  -3.0631 22.7023 -5.8564
v  -4.3504 22.7023 -7.1114
v  -10.1885 22.7931 -7.1114
v  -8.8150 22.7931 -5.9590
v  -8.8150 22.7023 -5.9590
v  -10.1885 22.7023 -7.1114
v  -8.9011 22.7023 -5.8564
v  -10.2745 22.7023 -7.0089
v  -8.9011 22.7931 -5.8564
v  -10.2745 22.7931 -7.0089
v  -5.8099 22.7931 -5.8564
v  -4.5226 22.7931 -7.1114
v  -5.8960 22.7931 -5.9590
v  -5.8099 22.7023 -5.8564
v  -5.8960 22.7023 -5.9590
v  -4.5226 22.7023 -7.1114
v  -7.3555 22.7931 -7.0089
v  -5.9821 22.7931 -5.8564
v  -7.2694 22.7931 -7.1114
v  -7.3555 22.7023 -7.0089
v  -5.9821 22.7023 -5.8564
v  -7.2694 22.7023 -7.1114
v  -8.7290 22.7931 -5.8564
v  -7.4416 22.7931 -7.1114
v  -8.7290 22.7023 -5.8564
v  -7.4416 22.7023 -7.1114
v  -11.6480 22.7931 -5.8564
v  -10.3606 22.7931 -7.1114
v  -11.7340 22.7931 -5.9590
v  -11.6480 22.7023 -5.8564
v  -11.7340 22.7023 -5.9590
v  -10.3606 22.7023 -7.1114
v  -13.1935 22.7931 -7.0089
v  -11.8201 22.7931 -5.8564
v  -13.1075 22.7931 -7.1114
v  -13.1935 22.7023 -7.0089
v  -11.8201 22.7023 -5.8564
v  -13.1075 22.7023 -7.1114
v  -14.5670 22.7931 -5.8564
v  -13.2796 22.7931 -7.1114
v  -14.6530 22.7931 -5.9590
v  -14.5670 22.7023 -5.8564
v  -14.6530 22.7023 -5.9590
v  -13.2796 22.7023 -7.1114
v  -16.1125 22.7931 -7.0089
v  -14.7391 22.7931 -5.8564
v  -16.0265 22.7931 -7.1114
v  -16.1125 22.7023 -7.0089
v  -14.7391 22.7023 -5.8564
v  -16.0265 22.7023 -7.1114
v  1.4876 21.4732 -5.8571
v  2.8610 21.4732 -7.0096
v  2.8610 21.5640 -7.0096
v  1.4876 21.5640 -5.8571
v  2.7749 21.5640 -7.1121
v  1.4015 21.5640 -5.9597
v  2.7749 21.4732 -7.1121
v  1.4015 21.4732 -5.9597
v  5.8661 21.4732 -7.1121
v  7.2395 21.4732 -5.9597
v  7.1535 21.4732 -5.8571
v  5.7800 21.4732 -7.0096
v  5.8661 21.5640 -7.1121
v  7.2395 21.5640 -5.9597
v  5.7800 21.5640 -7.0096
v  7.1535 21.5640 -5.8571
v  4.3205 21.4732 -5.9597
v  5.6940 21.4732 -7.1121
v  4.4066 21.4732 -5.8571
v  4.3205 21.5640 -5.9597
v  5.6940 21.5640 -7.1121
v  4.4066 21.5640 -5.8571
v  2.9471 21.4732 -7.1121
v  4.2345 21.4732 -5.8571
v  2.9471 21.5640 -7.1121
v  4.2345 21.5640 -5.8571
v  0.0281 21.4732 -7.1121
v  1.3154 21.4732 -5.8571
v  -0.0580 21.4732 -7.0096
v  0.0281 21.5640 -7.1121
v  -0.0580 21.5640 -7.0096
v  1.3154 21.5640 -5.8571
v  -1.5175 21.4732 -5.9597
v  -0.1441 21.4732 -7.1121
v  -1.4314 21.4732 -5.8571
v  -1.5175 21.5640 -5.9597
v  -0.1441 21.5640 -7.1121
v  -1.4314 21.5640 -5.8571
v  -2.8909 21.4732 -7.1121
v  -1.6036 21.4732 -5.8571
v  -2.9770 21.4732 -7.0096
v  -2.8909 21.5640 -7.1121
v  -2.9770 21.5640 -7.0096
v  -1.6036 21.5640 -5.8571
v  -4.4365 21.4732 -5.9597
v  -3.0631 21.4732 -7.1121
v  -4.3504 21.4732 -5.8571
v  -4.4365 21.5640 -5.9597
v  -3.0631 21.5640 -7.1121
v  -4.3504 21.5640 -5.8571
v  -10.1885 21.4732 -5.8571
v  -8.8150 21.4732 -7.0096
v  -8.8150 21.5640 -7.0096
v  -10.1885 21.5640 -5.8571
v  -8.9011 21.5640 -7.1121
v  -10.2745 21.5640 -5.9597
v  -8.9011 21.4732 -7.1121
v  -10.2745 21.4732 -5.9597
v  -5.8099 21.4732 -7.1121
v  -4.5226 21.4732 -5.8571
v  -5.8960 21.4732 -7.0096
v  -5.8099 21.5640 -7.1121
v  -5.8960 21.5640 -7.0096
v  -4.5226 21.5640 -5.8571
v  -7.3555 21.4732 -5.9597
v  -5.9821 21.4732 -7.1121
v  -7.2694 21.4732 -5.8571
v  -7.3555 21.5640 -5.9597
v  -5.9821 21.5640 -7.1121
v  -7.2694 21.5640 -5.8571
v  -8.7290 21.4732 -7.1121
v  -7.4416 21.4732 -5.8571
v  -8.7290 21.5640 -7.1121
v  -7.4416 21.5640 -5.8571
v  -17.2359 21.4445 -5.7934
v  7.1073 21.4445 -5.7934
v  7.1073 21.5941 -5.7934
v  -17.2359 21.5941 -5.7934
v  -11.6480 21.4732 -7.1121
v  -10.3606 21.4732 -5.8571
v  -11.7340 21.4732 -7.0096
v  -11.6480 21.5640 -7.1121
v  -11.7340 21.5640 -7.0096
v  -10.3606 21.5640 -5.8571
v  -13.1935 21.4732 -5.9597
v  -11.8201 21.4732 -7.1121
v  -13.1075 21.4732 -5.8571
v  -13.1935 21.5640 -5.9597
v  -11.8201 21.5640 -7.1121
v  -13.1075 21.5640 -5.8571
v  -14.5670 21.4732 -7.1121
v  -13.2796 21.4732 -5.8571
v  -14.6530 21.4732 -7.0096
v  -14.5670 21.5640 -7.1121
v  -14.6530 21.5640 -7.0096
v  -13.2796 21.5640 -5.8571
v  -16.1125 21.4732 -5.9597
v  -14.7391 21.4732 -7.1121
v  -16.0265 21.4732 -5.8571
v  -16.1125 21.5640 -5.9597
v  -14.7391 21.5640 -7.1121
v  -16.0265 21.5640 -5.8571
v  -17.2257 22.6719 -5.7934
v  7.1175 22.6719 -5.7934
v  7.1175 22.8214 -5.7934
v  -17.2257 22.8214 -5.7934
v  -17.2257 22.6719 -7.1732
v  7.1175 22.6719 -7.1732
v  7.1175 22.6719 -7.0237
v  -17.2257 22.6719 -7.0237
v  7.1175 22.8214 -7.0237
v  -17.2257 22.8214 -7.0237
v  7.1175 22.8214 -7.1732
v  -17.2257 22.8214 -7.1732
v  -17.2359 21.4445 -7.0237
v  -17.2359 21.4445 -7.1732
v  7.1073 21.4445 -7.1732
v  7.1073 21.4445 -7.0237
v  -17.2359 21.5941 -7.0237
v  7.1073 21.5941 -7.0237
v  -17.2359 21.5941 -7.1732
v  7.1073 21.5941 -7.1732
v  -17.2257 22.6719 -5.9429
v  7.1175 22.6719 -5.9429
v  -17.2257 22.8214 -5.9429
v  7.1175 22.8214 -5.9429
v  -17.2359 21.4445 -5.9429
v  7.1073 21.4445 -5.9429
v  -17.2359 21.5941 -5.9429
v  7.1073 21.5941 -5.9429
v  13.1636 22.7604 -5.8159
v  14.5370 21.6079 -5.8159
v  14.5370 21.6079 -5.9236
v  13.1636 22.7604 -5.9236
v  14.4510 21.5053 -5.9236
v  13.0775 22.6578 -5.9236
v  14.4510 21.5053 -5.8159
v  13.0775 22.6578 -5.8159
v  14.6231 21.5053 -5.8159
v  15.9965 22.6578 -5.8159
v  15.9105 22.7604 -5.8159
v  14.6231 21.5053 -5.9236
v  15.9965 22.6578 -5.9236
v  15.9105 22.7604 -5.9236
v  11.7041 21.5053 -5.8159
v  12.9915 22.7604 -5.8159
v  11.6180 21.6079 -5.8159
v  11.7041 21.5053 -5.9236
v  11.6180 21.6079 -5.9236
v  12.9915 22.7604 -5.9236
v  10.1585 22.6578 -5.8159
v  11.5320 21.5053 -5.8159
v  10.2446 22.7604 -5.8159
v  10.1585 22.6578 -5.9236
v  11.5320 21.5053 -5.9236
v  10.2446 22.7604 -5.9236
v  8.7851 21.5053 -5.8159
v  10.0725 22.7604 -5.8159
v  8.6990 21.6079 -5.8159
v  8.7851 21.5053 -5.9236
v  8.6990 21.6079 -5.9236
v  10.0725 22.7604 -5.9236
v  8.6130 21.5053 -5.8159
v  7.3256 22.7604 -5.8159
v  8.6130 21.5053 -5.9236
v  7.3256 22.7604 -5.9236
v  13.1636 21.5060 -7.1527
v  14.5370 22.6585 -7.1527
v  14.5370 22.6585 -7.0450
v  13.1636 21.5060 -7.0450
v  14.4510 22.7610 -7.0450
v  13.0775 21.6086 -7.0450
v  14.4510 22.7610 -7.1527
v  13.0775 21.6086 -7.1527
v  14.6231 22.7610 -7.1527
v  15.9965 21.6086 -7.1527
v  15.9105 21.5060 -7.1527
v  14.6231 22.7610 -7.0450
v  15.9965 21.6086 -7.0450
v  15.9105 21.5060 -7.0450
v  11.7041 22.7610 -7.1527
v  12.9915 21.5060 -7.1527
v  11.6180 22.6585 -7.1527
v  11.7041 22.7610 -7.0450
v  11.6180 22.6585 -7.0450
v  12.9915 21.5060 -7.0450
v  10.1585 21.6086 -7.1527
v  11.5320 22.7610 -7.1527
v  10.2446 21.5060 -7.1527
v  10.1585 21.6086 -7.0450
v  11.5320 22.7610 -7.0450
v  10.2446 21.5060 -7.0450
v  8.7851 22.7610 -7.1527
v  10.0725 21.5060 -7.1527
v  8.6990 22.6585 -7.1527
v  8.7851 22.7610 -7.0450
v  8.6990 22.6585 -7.0450
v  10.0725 21.5060 -7.0450
v  8.6130 22.7610 -7.1527
v  7.3256 21.5060 -7.1527
v  8.6130 22.7610 -7.0450
v  7.3256 21.5060 -7.0450
v  13.1636 22.7931 -7.1114
v  14.5370 22.7931 -5.9590
v  14.5370 22.7023 -5.9590
v  13.1636 22.7023 -7.1114
v  14.4510 22.7023 -5.8564
v  13.0775 22.7023 -7.0089
v  14.4510 22.7931 -5.8564
v  13.0775 22.7931 -7.0089
v  14.6231 22.7931 -5.8564
v  15.9965 22.7931 -7.0089
v  15.9105 22.7931 -7.1114
v  14.6231 22.7023 -5.8564
v  15.9965 22.7023 -7.0089
v  15.9105 22.7023 -7.1114
v  11.7041 22.7931 -5.8564
v  12.9915 22.7931 -7.1114
v  11.6180 22.7931 -5.9590
v  11.7041 22.7023 -5.8564
v  11.6180 22.7023 -5.9590
v  12.9915 22.7023 -7.1114
v  10.1585 22.7931 -7.0089
v  11.5320 22.7931 -5.8564
v  10.2446 22.7931 -7.1114
v  10.1585 22.7023 -7.0089
v  11.5320 22.7023 -5.8564
v  10.2446 22.7023 -7.1114
v  8.7851 22.7931 -5.8564
v  10.0725 22.7931 -7.1114
v  8.6990 22.7931 -5.9590
v  8.7851 22.7023 -5.8564
v  8.6990 22.7023 -5.9590
v  10.0725 22.7023 -7.1114
v  8.6130 22.7931 -5.8564
v  7.3256 22.7931 -7.1114
v  8.6130 22.7023 -5.8564
v  7.3256 22.7023 -7.1114
v  17.2231 22.6719 -7.1732
v  17.2231 22.6719 -7.0237
v  17.2231 22.8214 -7.0237
v  17.2231 22.8214 -7.1732
v  17.2129 21.4445 -7.1732
v  17.2129 21.4445 -7.0237
v  17.2129 21.5941 -7.0237
v  17.2129 21.5941 -7.1732
v  17.2129 21.4445 -5.7934
v  17.2129 21.5941 -5.7934
v  17.2129 21.4445 -5.9429
v  17.2129 21.5941 -5.9429
v  13.1636 21.4732 -5.8571
v  14.5370 21.4732 -7.0096
v  14.5370 21.5640 -7.0096
v  13.1636 21.5640 -5.8571
v  14.4510 21.5640 -7.1121
v  13.0775 21.5640 -5.9597
v  14.4510 21.4732 -7.1121
v  13.0775 21.4732 -5.9597
v  17.2231 22.6719 -5.7934
v  17.2231 22.8214 -5.7934
v  17.2231 22.6719 -5.9429
v  17.2231 22.8214 -5.9429
v  14.6231 21.4732 -7.1121
v  15.9965 21.4732 -5.9597
v  15.9105 21.4732 -5.8571
v  14.6231 21.5640 -7.1121
v  15.9965 21.5640 -5.9597
v  15.9105 21.5640 -5.8571
v  11.7041 21.4732 -7.1121
v  12.9915 21.4732 -5.8571
v  11.6180 21.4732 -7.0096
v  11.7041 21.5640 -7.1121
v  11.6180 21.5640 -7.0096
v  12.9915 21.5640 -5.8571
v  10.1585 21.4732 -5.9597
v  11.5320 21.4732 -7.1121
v  10.2446 21.4732 -5.8571
v  10.1585 21.5640 -5.9597
v  11.5320 21.5640 -7.1121
v  10.2446 21.5640 -5.8571
v  8.7851 21.4732 -7.1121
v  10.0725 21.4732 -5.8571
v  8.6990 21.4732 -7.0096
v  8.7851 21.5640 -7.1121
v  8.6990 21.5640 -7.0096
v  10.0725 21.5640 -5.8571
v  8.6130 21.4732 -7.1121
v  7.3256 21.4732 -5.8571
v  8.6130 21.5640 -7.1121
v  7.3256 21.5640 -5.8571
v  -17.3715 2.2161 -5.7794
v  -17.3715 26.5593 -5.7794
v  -17.3715 26.5593 -5.9569
v  -17.3715 2.2161 -5.9569
v  -17.1940 26.5593 -5.9569
v  -17.1940 2.2161 -5.9569
v  -17.1940 26.5593 -5.7794
v  -17.1940 2.2161 -5.7794
v  -18.5989 2.2263 -7.1872
v  -18.5989 26.5695 -7.1872
v  -18.4214 26.5695 -7.1872
v  -18.4214 2.2263 -7.1872
v  -18.5989 2.2263 -5.7794
v  -18.5989 26.5695 -5.7794
v  -18.5989 26.5695 -5.9569
v  -18.5989 2.2263 -5.9569
v  -18.4214 26.5695 -5.9569
v  -18.4214 2.2263 -5.9569
v  -18.4214 26.5695 -5.7794
v  -18.4214 2.2263 -5.7794
v  -17.1940 2.2161 -7.1872
v  -17.3715 2.2161 -7.1872
v  -17.3715 26.5593 -7.1872
v  -17.1940 26.5593 -7.1872
v  -17.3715 2.2161 -7.0097
v  -17.3715 26.5593 -7.0097
v  -17.1940 2.2161 -7.0097
v  -17.1940 26.5593 -7.0097
v  -18.5989 2.2263 -7.0097
v  -18.5989 26.5695 -7.0097
v  -18.4214 2.2263 -7.0097
v  -18.4214 26.5695 -7.0097
v  -17.2151 2.9617 -5.8571
v  -17.2151 4.3352 -7.0096
v  -17.3490 4.3352 -7.0096
v  -17.3490 2.9617 -5.8571
v  -17.3490 4.2491 -7.1121
v  -17.3490 2.8757 -5.9597
v  -17.2151 4.2491 -7.1121
v  -17.2151 2.8757 -5.9597
v  -17.2151 5.7086 -5.8571
v  -17.3490 5.7086 -5.8571
v  -17.3490 5.7947 -5.9597
v  -17.3490 4.4212 -7.1121
v  -17.2151 5.7947 -5.9597
v  -17.2151 4.4212 -7.1121
v  -17.2151 5.8807 -5.8571
v  -17.2151 7.2542 -7.0096
v  -17.3490 7.2542 -7.0096
v  -17.3490 5.8807 -5.8571
v  -17.3490 7.1681 -7.1121
v  -17.2151 7.1681 -7.1121
v  -17.2151 8.6276 -5.8571
v  -17.3490 8.6276 -5.8571
v  -17.3490 8.7137 -5.9597
v  -17.3490 7.3402 -7.1121
v  -17.2151 8.7137 -5.9597
v  -17.2151 7.3402 -7.1121
v  -17.2151 10.1732 -7.0096
v  -17.2151 11.5466 -5.8571
v  -17.3490 11.5466 -5.8571
v  -17.3490 10.1732 -7.0096
v  -17.3490 11.6327 -5.9597
v  -17.3490 10.2592 -7.1121
v  -17.2151 11.6327 -5.9597
v  -17.2151 10.2592 -7.1121
v  -17.2151 11.7187 -5.8571
v  -17.2151 13.0922 -7.0096
v  -17.3490 13.0922 -7.0096
v  -17.3490 11.7187 -5.8571
v  -17.3490 13.0061 -7.1121
v  -17.2151 13.0061 -7.1121
v  -17.2151 14.4656 -5.8571
v  -17.3490 14.4656 -5.8571
v  -17.3490 14.5517 -5.9597
v  -17.3490 13.1782 -7.1121
v  -17.2151 14.5517 -5.9597
v  -17.2151 13.1782 -7.1121
v  -17.2151 10.0871 -7.1121
v  -17.2151 8.7997 -5.8571
v  -17.3490 10.0871 -7.1121
v  -17.3490 8.7997 -5.8571
v  -17.2151 14.6378 -5.8571
v  -17.2151 16.0112 -7.0096
v  -17.3490 16.0112 -7.0096
v  -17.3490 14.6378 -5.8571
v  -17.3490 15.9251 -7.1121
v  -17.2151 15.9251 -7.1121
v  -17.2151 17.3846 -5.8571
v  -17.3490 17.3846 -5.8571
v  -17.3490 17.4707 -5.9597
v  -17.3490 16.0973 -7.1121
v  -17.2151 17.4707 -5.9597
v  -17.2151 16.0973 -7.1121
v  -17.2151 17.5568 -5.8571
v  -17.2151 18.9302 -7.0096
v  -17.3490 18.9302 -7.0096
v  -17.3490 17.5568 -5.8571
v  -17.3490 18.8441 -7.1121
v  -17.2151 18.8441 -7.1121
v  -17.2151 20.3036 -5.8571
v  -17.3490 20.3036 -5.8571
v  -17.3490 20.3897 -5.9597
v  -17.3490 19.0163 -7.1121
v  -17.2151 20.3897 -5.9597
v  -17.2151 19.0163 -7.1121
v  -17.2151 21.8492 -7.0096
v  -17.2151 23.2226 -5.8571
v  -17.3490 23.2226 -5.8571
v  -17.3490 21.8492 -7.0096
v  -17.3490 23.3087 -5.9597
v  -17.3490 21.9353 -7.1121
v  -17.2151 23.3087 -5.9597
v  -17.2151 21.9353 -7.1121
v  -17.2151 23.3948 -5.8571
v  -17.2151 24.7682 -7.0096
v  -17.3490 24.7682 -7.0096
v  -17.3490 23.3948 -5.8571
v  -17.3490 24.6821 -7.1121
v  -17.2151 24.6821 -7.1121
v  -17.2151 26.1416 -5.8571
v  -17.3490 26.1416 -5.8571
v  -17.3490 26.2277 -5.9597
v  -17.3490 24.8543 -7.1121
v  -17.2151 26.2277 -5.9597
v  -17.2151 24.8543 -7.1121
v  -17.2151 21.7631 -7.1121
v  -17.2151 20.4758 -5.8571
v  -17.3490 21.7631 -7.1121
v  -17.3490 20.4758 -5.8571
v  -18.5781 2.9617 -7.1114
v  -18.5781 4.3352 -5.9590
v  -18.4442 4.3352 -5.9590
v  -18.4442 2.9617 -7.1114
v  -18.4442 4.2491 -5.8564
v  -18.4442 2.8757 -7.0089
v  -18.5781 4.2491 -5.8564
v  -18.5781 2.8757 -7.0089
v  -18.5781 5.7086 -7.1114
v  -18.4442 5.7086 -7.1114
v  -18.4442 5.7947 -7.0089
v  -18.4442 4.4212 -5.8564
v  -18.5781 5.7947 -7.0089
v  -18.5781 4.4212 -5.8564
v  -18.5781 5.8807 -7.1114
v  -18.5781 7.2542 -5.9590
v  -18.4442 7.2542 -5.9590
v  -18.4442 5.8807 -7.1114
v  -18.4442 7.1681 -5.8564
v  -18.5781 7.1681 -5.8564
v  -18.5781 8.6276 -7.1114
v  -18.4442 8.6276 -7.1114
v  -18.4442 8.7137 -7.0089
v  -18.4442 7.3402 -5.8564
v  -18.5781 8.7137 -7.0089
v  -18.5781 7.3402 -5.8564
v  -18.5781 10.1732 -5.9590
v  -18.5781 11.5466 -7.1114
v  -18.4442 11.5466 -7.1114
v  -18.4442 10.1732 -5.9590
v  -18.4442 11.6327 -7.0089
v  -18.4442 10.2592 -5.8564
v  -18.5781 11.6327 -7.0089
v  -18.5781 10.2592 -5.8564
v  -18.5781 11.7187 -7.1114
v  -18.5781 13.0922 -5.9590
v  -18.4442 13.0922 -5.9590
v  -18.4442 11.7187 -7.1114
v  -18.4442 13.0061 -5.8564
v  -18.5781 13.0061 -5.8564
v  -18.5781 14.4656 -7.1114
v  -18.4442 14.4656 -7.1114
v  -18.4442 14.5517 -7.0089
v  -18.4442 13.1782 -5.8564
v  -18.5781 14.5517 -7.0089
v  -18.5781 13.1782 -5.8564
v  -18.5781 10.0871 -5.8564
v  -18.5781 8.7997 -7.1114
v  -18.4442 10.0871 -5.8564
v  -18.4442 8.7997 -7.1114
v  -18.5781 14.6378 -7.1114
v  -18.5781 16.0112 -5.9590
v  -18.4442 16.0112 -5.9590
v  -18.4442 14.6378 -7.1114
v  -18.4442 15.9251 -5.8564
v  -18.5781 15.9251 -5.8564
v  -18.5781 17.3846 -7.1114
v  -18.4442 17.3846 -7.1114
v  -18.4442 17.4707 -7.0089
v  -18.4442 16.0973 -5.8564
v  -18.5781 17.4707 -7.0089
v  -18.5781 16.0973 -5.8564
v  -18.5781 17.5568 -7.1114
v  -18.5781 18.9302 -5.9590
v  -18.4442 18.9302 -5.9590
v  -18.4442 17.5568 -7.1114
v  -18.4442 18.8441 -5.8564
v  -18.5781 18.8441 -5.8564
v  -18.5781 20.3036 -7.1114
v  -18.4442 20.3036 -7.1114
v  -18.4442 20.3897 -7.0089
v  -18.4442 19.0163 -5.8564
v  -18.5781 20.3897 -7.0089
v  -18.5781 19.0163 -5.8564
v  -18.5781 21.8492 -5.9590
v  -18.5781 23.2226 -7.1114
v  -18.4442 23.2226 -7.1114
v  -18.4442 21.8492 -5.9590
v  -18.4442 23.3087 -7.0089
v  -18.4442 21.9353 -5.8564
v  -18.5781 23.3087 -7.0089
v  -18.5781 21.9353 -5.8564
v  -18.5781 23.3948 -7.1114
v  -18.5781 24.7682 -5.9590
v  -18.4442 24.7682 -5.9590
v  -18.4442 23.3948 -7.1114
v  -18.4442 24.6821 -5.8564
v  -18.5781 24.6821 -5.8564
v  -18.5781 26.1416 -7.1115
v  -18.4442 26.1416 -7.1115
v  -18.4442 26.2277 -7.0089
v  -18.4442 24.8543 -5.8564
v  -18.5781 26.2277 -7.0089
v  -18.5781 24.8543 -5.8564
v  -18.5781 21.7631 -5.8564
v  -18.5781 20.4758 -7.1114
v  -18.4442 21.7631 -5.8564
v  -18.4442 20.4758 -7.1114
v  -17.2695 2.9617 -7.1658
v  -18.4219 4.3352 -7.1658
v  -18.4219 4.3352 -7.0319
v  -17.2695 2.9617 -7.0319
v  -18.5245 4.2491 -7.0319
v  -17.3720 2.8757 -7.0319
v  -18.5245 4.2491 -7.1658
v  -17.3720 2.8757 -7.1658
v  -17.2695 5.7086 -7.1658
v  -17.2695 5.7086 -7.0319
v  -17.3720 5.7947 -7.0319
v  -18.5245 4.4212 -7.0319
v  -17.3720 5.7947 -7.1658
v  -18.5245 4.4212 -7.1658
v  -17.2695 5.8807 -7.1658
v  -18.4219 7.2542 -7.1658
v  -18.4219 7.2542 -7.0319
v  -17.2695 5.8807 -7.0319
v  -18.5245 7.1681 -7.0319
v  -18.5245 7.1681 -7.1658
v  -17.2695 8.6276 -7.1658
v  -17.2695 8.6276 -7.0319
v  -17.3720 8.7137 -7.0319
v  -18.5245 7.3402 -7.0319
v  -17.3720 8.7137 -7.1658
v  -18.5245 7.3402 -7.1658
v  -18.4219 10.1732 -7.1658
v  -17.2695 11.5466 -7.1658
v  -17.2695 11.5466 -7.0319
v  -18.4219 10.1732 -7.0319
v  -17.3720 11.6327 -7.0319
v  -18.5245 10.2592 -7.0319
v  -17.3720 11.6327 -7.1658
v  -18.5245 10.2592 -7.1658
v  -17.2695 11.7187 -7.1658
v  -18.4219 13.0922 -7.1658
v  -18.4219 13.0922 -7.0319
v  -17.2695 11.7187 -7.0319
v  -18.5245 13.0061 -7.0319
v  -18.5245 13.0061 -7.1658
v  -17.2695 14.4656 -7.1658
v  -17.2695 14.4656 -7.0319
v  -17.3720 14.5517 -7.0319
v  -18.5245 13.1782 -7.0319
v  -17.3720 14.5517 -7.1658
v  -18.5245 13.1782 -7.1658
v  -18.5245 10.0871 -7.1658
v  -17.2695 8.7997 -7.1658
v  -18.5245 10.0871 -7.0319
v  -17.2695 8.7997 -7.0319
v  -17.2695 14.6378 -7.1658
v  -18.4219 16.0112 -7.1658
v  -18.4219 16.0112 -7.0319
v  -17.2695 14.6378 -7.0319
v  -18.5245 15.9251 -7.0319
v  -18.5245 15.9251 -7.1658
v  -17.2695 17.3846 -7.1658
v  -17.2695 17.3846 -7.0319
v  -17.3720 17.4707 -7.0319
v  -18.5245 16.0973 -7.0319
v  -17.3720 17.4707 -7.1658
v  -18.5245 16.0973 -7.1658
v  -17.2695 17.5568 -7.1658
v  -18.4219 18.9302 -7.1658
v  -18.4219 18.9302 -7.0319
v  -17.2695 17.5568 -7.0319
v  -18.5245 18.8441 -7.0319
v  -18.5245 18.8441 -7.1658
v  -17.2695 20.3036 -7.1658
v  -17.2695 20.3036 -7.0319
v  -17.3720 20.3897 -7.0319
v  -18.5245 19.0163 -7.0319
v  -17.3720 20.3897 -7.1658
v  -18.5245 19.0163 -7.1658
v  -18.4219 21.8492 -7.1658
v  -17.2695 23.2226 -7.1658
v  -17.2695 23.2226 -7.0319
v  -18.4219 21.8492 -7.0319
v  -17.3720 23.3087 -7.0319
v  -18.5245 21.9353 -7.0319
v  -17.3720 23.3087 -7.1658
v  -18.5245 21.9353 -7.1658
v  -17.2695 23.3948 -7.1658
v  -18.4219 24.7682 -7.1658
v  -18.4219 24.7682 -7.0319
v  -17.2695 23.3948 -7.0319
v  -18.5245 24.6821 -7.0319
v  -18.5245 24.6821 -7.1658
v  -17.2695 26.1416 -7.1658
v  -17.2695 26.1416 -7.0319
v  -17.3720 26.2277 -7.0319
v  -18.5245 24.8543 -7.0319
v  -17.3720 26.2277 -7.1658
v  -18.5245 24.8543 -7.1658
v  -18.5245 21.7631 -7.1658
v  -17.2695 20.4758 -7.1658
v  -18.5245 21.7631 -7.0319
v  -17.2695 20.4758 -7.0319
v  -18.5238 2.9617 -5.8028
v  -17.3714 4.3352 -5.8028
v  -17.3714 4.3352 -5.9367
v  -18.5238 2.9617 -5.9367
v  -17.2688 4.2491 -5.9367
v  -18.4212 2.8757 -5.9367
v  -17.2688 4.2491 -5.8028
v  -18.4212 2.8757 -5.8028
v  -18.5238 5.7086 -5.8028
v  -18.5238 5.7086 -5.9367
v  -18.4212 5.7947 -5.9367
v  -17.2688 4.4212 -5.9367
v  -18.4212 5.7947 -5.8028
v  -17.2688 4.4212 -5.8028
v  -18.5238 5.8807 -5.8028
v  -17.3714 7.2542 -5.8028
v  -17.3714 7.2542 -5.9367
v  -18.5238 5.8807 -5.9367
v  -17.2688 7.1681 -5.9367
v  -17.2688 7.1681 -5.8028
v  -18.5238 8.6276 -5.8028
v  -18.5238 8.6276 -5.9367
v  -18.4212 8.7137 -5.9367
v  -17.2688 7.3402 -5.9367
v  -18.4212 8.7137 -5.8028
v  -17.2688 7.3402 -5.8028
v  -17.3714 10.1732 -5.8028
v  -18.5238 11.5466 -5.8028
v  -18.5238 11.5466 -5.9367
v  -17.3714 10.1732 -5.9367
v  -18.4212 11.6327 -5.9367
v  -17.2688 10.2592 -5.9367
v  -18.4212 11.6327 -5.8028
v  -17.2688 10.2592 -5.8028
v  -18.5238 11.7187 -5.8028
v  -17.3714 13.0922 -5.8028
v  -17.3714 13.0922 -5.9367
v  -18.5238 11.7187 -5.9367
v  -17.2688 13.0061 -5.9367
v  -17.2688 13.0061 -5.8028
v  -18.5238 14.4656 -5.8028
v  -18.5238 14.4656 -5.9367
v  -18.4212 14.5517 -5.9367
v  -17.2688 13.1782 -5.9367
v  -18.4212 14.5517 -5.8028
v  -17.2688 13.1782 -5.8028
v  -17.2688 10.0871 -5.8028
v  -18.5238 8.7997 -5.8028
v  -17.2688 10.0871 -5.9367
v  -18.5238 8.7997 -5.9367
v  -18.5238 14.6378 -5.8028
v  -17.3714 16.0112 -5.8028
v  -17.3714 16.0112 -5.9367
v  -18.5238 14.6378 -5.9367
v  -17.2688 15.9251 -5.9367
v  -17.2688 15.9251 -5.8028
v  -18.5238 17.3846 -5.8028
v  -18.5238 17.3846 -5.9367
v  -18.4212 17.4707 -5.9367
v  -17.2688 16.0973 -5.9367
v  -18.4212 17.4707 -5.8028
v  -17.2688 16.0973 -5.8028
v  -18.5238 17.5568 -5.8028
v  -17.3714 18.9302 -5.8028
v  -17.3714 18.9302 -5.9367
v  -18.5238 17.5568 -5.9367
v  -17.2688 18.8441 -5.9367
v  -17.2688 18.8441 -5.8028
v  -18.5238 20.3036 -5.8028
v  -18.5238 20.3036 -5.9367
v  -18.4212 20.3897 -5.9367
v  -17.2688 19.0163 -5.9367
v  -18.4212 20.3897 -5.8028
v  -17.2688 19.0163 -5.8028
v  -17.3714 21.8492 -5.8028
v  -18.5238 23.2226 -5.8028
v  -18.5238 23.2226 -5.9367
v  -17.3714 21.8492 -5.9367
v  -18.4212 23.3087 -5.9367
v  -17.2688 21.9353 -5.9367
v  -18.4212 23.3087 -5.8028
v  -17.2688 21.9353 -5.8028
v  -18.5238 23.3948 -5.8028
v  -17.3714 24.7682 -5.8028
v  -17.3714 24.7682 -5.9367
v  -18.5238 23.3948 -5.9367
v  -17.2688 24.6821 -5.9367
v  -17.2688 24.6821 -5.8028
v  -18.5238 26.1416 -5.8028
v  -18.5238 26.1416 -5.9367
v  -18.4212 26.2277 -5.9367
v  -17.2688 24.8543 -5.9367
v  -18.4212 26.2277 -5.8028
v  -17.2688 24.8543 -5.8028
v  -17.2688 21.7631 -5.8028
v  -18.5238 20.4758 -5.8028
v  -17.2688 21.7631 -5.9367
v  -18.5238 20.4758 -5.9367
v  -10.6413 2.4132 -1.9825
v  -10.6627 2.4132 -3.5347
v  -8.6117 2.4132 -3.5630
v  -8.5902 2.4132 -2.0108
v  -10.6413 4.4644 -1.9825
v  -10.6627 4.4644 -3.5347
v  -8.6117 4.4644 -3.5630
v  -8.5902 4.4644 -2.0108
v  -10.5654 2.4891 -1.9835
v  -10.5654 4.3885 -1.9835
v  -8.6661 2.4891 -2.0097
v  -8.6672 2.4891 -2.0896
v  -10.5665 2.4891 -2.0634
v  -8.6661 4.3885 -2.0097
v  -8.6672 4.3885 -2.0896
v  -10.5665 4.3885 -2.0634
v  -6.9318 2.4132 -1.7208
v  -7.2260 2.4132 -3.2451
v  -5.2119 2.4132 -3.6338
v  -4.9178 2.4132 -2.1095
v  -6.9318 4.4644 -1.7208
v  -7.2260 4.4644 -3.2451
v  -5.2119 4.4644 -3.6338
v  -4.9178 4.4644 -2.1095
v  -6.8573 2.4891 -1.7352
v  -6.8573 4.3885 -1.7352
v  -4.9923 2.4891 -2.0952
v  -5.0075 2.4891 -2.1736
v  -6.8724 2.4891 -1.8137
v  -4.9923 4.3885 -2.0952
v  -5.0075 4.3885 -2.1736
v  -6.8724 4.3885 -1.8137
v  -13.2108 2.4132 -1.5816
v  -13.4050 2.4132 -3.1218
v  -11.3699 2.4132 -3.3783
v  -11.1757 2.4132 -1.8381
v  -13.2108 4.4644 -1.5816
v  -13.4050 4.4644 -3.1218
v  -11.3699 4.4644 -3.3783
v  -11.1757 4.4644 -1.8381
v  -13.1355 2.4891 -1.5911
v  -13.1355 4.3885 -1.5911
v  -11.2510 2.4891 -1.8286
v  -11.2610 2.4891 -1.9079
v  -13.1455 2.4891 -1.6704
v  -11.2510 4.3885 -1.8286
v  -11.2610 4.3885 -1.9079
v  -13.1455 4.3885 -1.6704
v  5.4242 2.4132 -1.8232
v  5.0191 2.4132 -3.3218
v  6.9992 2.4132 -3.8571
v  7.4043 2.4132 -2.3586
v  5.4242 4.4644 -1.8232
v  5.0191 4.4644 -3.3218
v  6.9992 4.4644 -3.8571
v  7.4043 4.4644 -2.3586
v  5.4975 2.4891 -1.8430
v  5.4975 4.3885 -1.8430
v  7.3311 2.4891 -2.3387
v  7.3102 2.4891 -2.4159
v  5.4766 2.4891 -1.9202
v  7.3311 4.3885 -2.3387
v  7.3102 4.3885 -2.4159
v  5.4766 4.3885 -1.9202
v  12.2215 2.4132 -3.4123
v  12.2057 2.4132 -4.9646
v  14.2568 2.4132 -4.9856
v  14.2727 2.4132 -3.4333
v  12.2215 4.4644 -3.4123
v  12.2057 4.4644 -4.9646
v  14.2568 4.4644 -4.9856
v  14.2727 4.4644 -3.4333
v  12.2974 2.4891 -3.4131
v  12.2974 4.3885 -3.4131
v  14.1967 2.4891 -3.4325
v  14.1959 2.4891 -3.5124
v  12.2966 2.4891 -3.4930
v  14.1967 4.3885 -3.4325
v  14.1959 4.3885 -3.5124
v  12.2966 4.3885 -3.4930
v  14.4883 2.4132 -3.3144
v  14.5544 2.4132 -4.8654
v  16.6037 2.4132 -4.7780
v  16.5376 2.4132 -3.2270
v  14.4883 4.4644 -3.3144
v  14.5544 4.4644 -4.8654
v  16.6037 4.4644 -4.7780
v  16.5376 4.4644 -3.2270
v  14.5641 2.4891 -3.3111
v  14.5641 4.3885 -3.3111
v  16.4618 2.4891 -3.2303
v  16.4652 2.4891 -3.3101
v  14.5675 2.4891 -3.3910
v  16.4618 4.3885 -3.2303
v  16.4652 4.3885 -3.3101
v  14.5675 4.3885 -3.3910
v  7.3434 2.4110 -4.7619
v  7.3434 6.0970 -4.7619
v  9.3795 6.0970 -5.0107
v  9.3795 2.4110 -5.0107
v  9.4434 6.6243 -4.4872
v  9.5677 6.6243 -3.4697
v  9.5677 2.4110 -3.4697
v  7.5316 6.6243 -3.2210
v  7.5316 2.4110 -3.2210
v  7.6070 2.4869 -3.2302
v  7.6070 6.5484 -3.2302
v  7.4073 6.6243 -4.2385
v  9.4924 2.4869 -3.4605
v  9.4827 2.4869 -3.5399
v  7.5973 2.4869 -3.3095
v  9.4924 6.5484 -3.4605
v  9.4827 6.5484 -3.5399
v  7.5973 6.5484 -3.3095
v  -7.5032 2.4167 10.6533
v  -7.5032 2.7327 10.4308
v  -5.3993 2.7327 10.4308
v  -5.3993 2.4167 10.6533
v  -7.5032 3.8821 11.9775
v  -5.3993 3.8821 11.9775
v  -5.3993 3.7499 11.6754
v  -7.5032 3.7499 11.6754
v  -5.3993 3.5587 11.3538
v  -7.5032 3.5587 11.3538
v  -5.3993 3.2676 10.9630
v  -7.5032 3.2676 10.9630
v  -5.3993 2.9683 10.6415
v  -7.5032 2.9683 10.6415
v  -5.3993 3.4999 12.4412
v  -7.5032 3.4999 12.4412
v  -7.5032 3.3384 12.5358
v  -5.3993 3.3384 12.5358
v  -5.3993 3.8191 12.2095
v  -5.2948 3.4762 12.4049
v  -5.2948 3.7648 12.1954
v  -5.2514 3.4189 12.3173
v  -5.2514 3.6346 12.1607
v  -5.3993 3.1407 12.6177
v  -7.5032 3.1407 12.6177
v  -7.5032 2.9596 12.6648
v  -5.3993 2.9596 12.6648
v  -7.5032 2.4167 12.7508
v  -5.3993 2.4167 12.7508
v  -7.6511 2.5646 12.5777
v  -7.6511 2.5646 10.7300
v  -7.6078 2.4600 10.6758
v  -7.6078 2.4600 12.7001
v  -5.2514 2.5646 10.7300
v  -5.2514 2.5646 12.5777
v  -5.2948 2.4600 12.7001
v  -5.2948 2.4600 10.6758
v  -7.6511 3.4355 11.4360
v  -7.6511 3.6182 11.7431
v  -7.6078 3.7113 11.6952
v  -7.6078 3.5226 11.3779
v  -5.2514 2.7217 10.6194
v  -5.2514 2.8647 10.7472
v  -5.2514 3.1539 11.0578
v  -5.2514 3.4355 11.4360
v  -5.2514 3.6182 11.7431
v  -5.2514 3.6983 11.9263
v  -5.2514 3.2725 12.4031
v  -5.2514 3.0935 12.4771
v  -5.2514 2.9293 12.5199
v  -7.6511 3.6346 12.1607
v  -7.6511 3.4189 12.3173
v  -7.6078 3.4762 12.4049
v  -7.6078 3.7648 12.1954
v  -7.5032 3.8191 12.2095
v  -5.2948 3.5226 11.3779
v  -5.2948 3.7113 11.6952
v  -7.6511 3.1539 11.0578
v  -7.6078 3.2343 10.9908
v  -5.2948 3.2343 10.9908
v  -7.6511 2.8647 10.7472
v  -7.6078 2.9379 10.6724
v  -5.2948 2.9379 10.6724
v  -7.6511 2.7217 10.6194
v  -7.6078 2.7295 10.4861
v  -5.2948 2.7295 10.4861
v  -5.2948 3.3191 12.4969
v  -7.6511 3.2725 12.4031
v  -7.6078 3.3191 12.4969
v  -5.2948 3.1269 12.5765
v  -7.6511 3.0935 12.4771
v  -7.6078 3.1269 12.5765
v  -5.2948 2.9507 12.6224
v  -7.6511 2.9293 12.5199
v  -7.6078 2.9507 12.6224
v  -5.2948 3.8282 11.9622
v  -7.6078 3.8282 11.9622
v  -7.6511 3.6983 11.9263
v  5.4138 2.4167 10.6533
v  5.4138 2.7327 10.4308
v  7.5177 2.7327 10.4308
v  7.5177 2.4167 10.6533
v  5.4138 3.8821 11.9775
v  7.5177 3.8821 11.9775
v  7.5177 3.7499 11.6754
v  5.4138 3.7499 11.6754
v  7.5177 3.5587 11.3538
v  5.4138 3.5587 11.3538
v  7.5177 3.2676 10.9630
v  5.4138 3.2676 10.9630
v  7.5177 2.9683 10.6415
v  5.4138 2.9683 10.6415
v  7.5177 3.4999 12.4412
v  5.4138 3.4999 12.4412
v  5.4138 3.3384 12.5358
v  7.5177 3.3384 12.5358
v  7.5177 3.8191 12.2095
v  7.6222 3.4762 12.4049
v  7.6222 3.7648 12.1954
v  7.6656 3.4189 12.3173
v  7.6656 3.6346 12.1607
v  7.5177 3.1407 12.6177
v  5.4138 3.1407 12.6177
v  5.4138 2.9596 12.6648
v  7.5177 2.9596 12.6648
v  5.4138 2.4167 12.7508
v  7.5177 2.4167 12.7508
v  5.2659 2.5646 12.5777
v  5.2659 2.5646 10.7300
v  5.3092 2.4600 10.6758
v  5.3092 2.4600 12.7001
v  7.6656 2.5646 10.7300
v  7.6656 2.5646 12.5777
v  7.6222 2.4600 12.7001
v  7.6222 2.4600 10.6758
v  5.2659 3.4355 11.4360
v  5.2659 3.6182 11.7431
v  5.3092 3.7113 11.6952
v  5.3092 3.5226 11.3779
v  7.6656 2.7217 10.6194
v  7.6656 2.8647 10.7472
v  7.6656 3.1539 11.0578
v  7.6656 3.4355 11.4360
v  7.6656 3.6182 11.7431
v  7.6656 3.6983 11.9263
v  7.6656 3.2725 12.4031
v  7.6656 3.0935 12.4771
v  7.6656 2.9293 12.5199
v  5.2659 3.6346 12.1607
v  5.2659 3.4189 12.3173
v  5.3092 3.4762 12.4049
v  5.3092 3.7648 12.1954
v  5.4138 3.8191 12.2095
v  7.6222 3.5226 11.3779
v  7.6222 3.7113 11.6952
v  5.2659 3.1539 11.0578
v  5.3092 3.2343 10.9908
v  7.6222 3.2343 10.9908
v  5.2659 2.8647 10.7472
v  5.3092 2.9379 10.6724
v  7.6222 2.9379 10.6724
v  5.2659 2.7217 10.6194
v  5.3092 2.7295 10.4861
v  7.6222 2.7295 10.4861
v  7.6222 3.3191 12.4969
v  5.2659 3.2725 12.4031
v  5.3092 3.3191 12.4969
v  7.6222 3.1269 12.5765
v  5.2659 3.0935 12.4771
v  5.3092 3.1269 12.5765
v  7.6222 2.9507 12.6224
v  5.2659 2.9293 12.5199
v  5.3092 2.9507 12.6224
v  7.6222 3.8282 11.9622
v  5.3092 3.8282 11.9622
v  5.2659 3.6983 11.9263
v  14.0467 2.4167 10.6533
v  14.0467 2.7327 10.4308
v  16.1506 2.7327 10.4308
v  16.1506 2.4167 10.6533
v  14.0467 3.8821 11.9775
v  16.1506 3.8821 11.9775
v  16.1506 3.7499 11.6754
v  14.0467 3.7499 11.6754
v  16.1506 3.5587 11.3538
v  14.0467 3.5587 11.3538
v  16.1506 3.2676 10.9630
v  14.0467 3.2676 10.9630
v  16.1506 2.9683 10.6415
v  14.0467 2.9683 10.6415
v  16.1506 3.4999 12.4412
v  14.0467 3.4999 12.4412
v  14.0467 3.3384 12.5358
v  16.1506 3.3384 12.5358
v  16.1506 3.8191 12.2095
v  16.2552 3.4762 12.4049
v  16.2552 3.7648 12.1954
v  16.2985 3.4189 12.3173
v  16.2985 3.6346 12.1607
v  16.1506 3.1407 12.6177
v  14.0467 3.1407 12.6177
v  14.0467 2.9596 12.6648
v  16.1506 2.9596 12.6648
v  14.0467 2.4167 12.7508
v  16.1506 2.4167 12.7508
v  13.8988 2.5646 12.5777
v  13.8988 2.5646 10.7300
v  13.9421 2.4600 10.6758
v  13.9421 2.4600 12.7001
v  16.2985 2.5646 10.7300
v  16.2985 2.5646 12.5777
v  16.2552 2.4600 12.7001
v  16.2552 2.4600 10.6758
v  13.8988 3.4355 11.4360
v  13.8988 3.6182 11.7431
v  13.9421 3.7113 11.6952
v  13.9421 3.5226 11.3779
v  16.2985 2.7217 10.6194
v  16.2985 2.8647 10.7472
v  16.2985 3.1539 11.0578
v  16.2985 3.4355 11.4360
v  16.2985 3.6182 11.7431
v  16.2985 3.6983 11.9263
v  16.2985 3.2725 12.4031
v  16.2985 3.0935 12.4771
v  16.2985 2.9293 12.5199
v  13.8988 3.6346 12.1607
v  13.8988 3.4189 12.3173
v  13.9421 3.4762 12.4049
v  13.9421 3.7648 12.1954
v  14.0467 3.8191 12.2095
v  16.2552 3.5226 11.3779
v  16.2552 3.7113 11.6952
v  13.8988 3.1539 11.0578
v  13.9421 3.2343 10.9908
v  16.2552 3.2343 10.9908
v  13.8988 2.8647 10.7472
v  13.9421 2.9379 10.6724
v  16.2552 2.9379 10.6724
v  13.8988 2.7217 10.6194
v  13.9421 2.7295 10.4861
v  16.2552 2.7295 10.4861
v  16.2552 3.3191 12.4969
v  13.8988 3.2725 12.4031
v  13.9421 3.3191 12.4969
v  16.2552 3.1269 12.5765
v  13.8988 3.0935 12.4771
v  13.9421 3.1269 12.5765
v  16.2552 2.9507 12.6224
v  13.8988 2.9293 12.5199
v  13.9421 2.9507 12.6224
v  16.2552 3.8282 11.9622
v  13.9421 3.8282 11.9622
v  13.8988 3.6983 11.9263
v  -19.2432 1.9909 -1.3142
v  -19.2432 1.6554 -1.3142
v  -19.2432 1.3200 -1.3142
v  -19.2432 0.9845 -1.3142
v  -19.2432 0.6490 -1.3142
v  -19.2432 0.3136 -1.3142
v  -19.2432 -0.0219 -1.3142
v  -16.7745 22.9161 8.7379
v  -16.7745 23.1037 8.7379
v  16.7745 23.1037 8.7379
v  16.7745 22.9161 8.7379
v  16.7745 22.9161 8.9255
v  16.7745 23.1037 8.9255
v  -16.7745 23.1037 8.9255
v  -16.7745 22.9161 8.9255
v  -16.7745 22.9161 6.8622
v  -16.7745 23.1037 6.8622
v  16.7745 23.1037 6.8622
v  16.7745 22.9161 6.8622
v  16.7745 22.9161 7.0498
v  16.7745 23.1037 7.0498
v  -16.7745 23.1037 7.0498
v  -16.7745 22.9161 7.0498
v  -16.7745 22.9161 4.9864
v  -16.7745 23.1037 4.9864
v  16.7745 23.1037 4.9864
v  16.7745 22.9161 4.9864
v  16.7745 22.9161 5.1740
v  16.7745 23.1037 5.1740
v  -16.7745 23.1037 5.1740
v  -16.7745 22.9161 5.1740
v  -16.7745 22.9161 3.1107
v  -16.7745 23.1037 3.1107
v  16.7745 23.1037 3.1107
v  16.7745 22.9161 3.1107
v  16.7745 22.9161 3.2983
v  16.7745 23.1037 3.2983
v  -16.7745 23.1037 3.2983
v  -16.7745 22.9161 3.2983
v  -16.7745 22.9161 1.2349
v  -16.7745 23.1037 1.2349
v  16.7745 23.1037 1.2349
v  16.7745 22.9161 1.2349
v  16.7745 22.9161 1.4225
v  16.7745 23.1037 1.4225
v  -16.7745 23.1037 1.4225
v  -16.7745 22.9161 1.4225
v  -16.7745 22.9161 -0.6408
v  -16.7745 23.1037 -0.6408
v  16.7745 23.1037 -0.6408
v  16.7745 22.9161 -0.6408
v  16.7745 22.9161 -0.4532
v  16.7745 23.1037 -0.4532
v  -16.7745 23.1037 -0.4532
v  -16.7745 22.9161 -0.4532
v  -16.7745 22.9161 -2.5166
v  -16.7745 23.1037 -2.5166
v  16.7745 23.1037 -2.5166
v  16.7745 22.9161 -2.5166
v  16.7745 22.9161 -2.3290
v  16.7745 23.1037 -2.3290
v  -16.7745 23.1037 -2.3290
v  -16.7745 22.9161 -2.3290
v  -16.7745 22.9161 -4.3923
v  -16.7745 23.1037 -4.3923
v  16.7745 23.1037 -4.3923
v  16.7745 22.9161 -4.3923
v  16.7745 22.9161 -4.2047
v  16.7745 23.1037 -4.2047
v  -16.7745 23.1037 -4.2047
v  -16.7745 22.9161 -4.2047
v  14.6709 21.4861 11.0896
v  14.6709 21.6129 10.8090
v  14.3630 21.6129 10.8090
v  14.3630 21.4861 11.0896
v  14.8895 20.5447 10.6643
v  14.8895 20.6715 10.3837
v  14.8895 21.4137 10.7190
v  14.8895 21.2869 10.9996
v  14.6709 20.7615 10.1845
v  14.3630 20.7615 10.1845
v  14.3630 21.5037 10.5198
v  14.6709 21.5037 10.5198
v  14.1445 21.2869 10.9996
v  14.1445 21.4137 10.7190
v  14.1445 20.6715 10.3837
v  14.1445 20.5447 10.6643
v  14.3969 20.7278 10.2591
v  14.2264 20.6576 10.4145
v  14.3630 21.1969 11.1988
v  14.6709 21.1969 11.1988
v  14.3630 20.4547 10.8635
v  14.6709 20.4547 10.8635
v  14.6371 20.4885 10.7888
v  14.3969 20.4885 10.7888
v  14.3969 20.5463 10.8149
v  14.6371 20.5463 10.8149
v  14.6371 20.7278 10.2591
v  14.2264 20.5587 10.6334
v  14.8076 20.6576 10.4145
v  14.8076 20.5587 10.6334
v  14.3969 20.7856 10.2853
v  14.6371 20.7856 10.2853
v  14.5867 20.6859 10.3741
v  14.4473 20.6859 10.3741
v  14.8076 20.6165 10.6596
v  14.2264 20.6165 10.6596
v  14.8076 20.7154 10.4407
v  14.2264 20.7154 10.4407
v  14.4473 20.5471 10.6814
v  14.3484 20.5878 10.5913
v  14.3484 20.6452 10.4643
v  14.6856 20.6452 10.4643
v  14.6856 20.5878 10.5913
v  14.5867 20.5471 10.6814
v  14.6645 21.0245 10.2543
v  14.3695 21.0245 10.2543
v  14.3695 21.2775 10.3686
v  14.6645 21.2775 10.3686
v  14.6709 21.0005 10.2925
v  14.3630 21.0005 10.2925
v  14.6709 21.2647 10.4118
v  14.3630 21.2647 10.4118
v  14.5869 21.5962 10.4479
v  14.4470 21.5962 10.4479
v  14.4470 21.5255 10.4479
v  14.5869 21.5255 10.4479
v  14.5869 21.6517 10.4228
v  14.4470 21.6517 10.4228
v  14.4470 21.6517 10.4479
v  14.5869 21.6517 10.4479
v  14.4470 21.5962 10.4228
v  14.5869 21.5962 10.1703
v  14.4470 21.5962 10.1703
v  14.4470 21.6517 10.1703
v  14.5869 21.6517 10.1703
v  14.5869 21.5962 10.2461
v  14.5869 21.6517 10.2461
v  14.5869 21.5962 10.4228
v  14.4470 21.5962 10.2461
v  14.4470 21.6517 10.2461
v  14.5869 21.5255 10.4228
v  14.4470 21.5255 10.4228
v  14.4385 21.2960 10.1743
v  14.4385 21.3393 10.2475
v  14.5955 21.3393 10.2475
v  14.4385 21.1307 10.3709
v  14.5955 21.1307 10.3709
v  14.5955 21.2960 10.1743
v  14.5955 21.0874 10.2978
v  14.4385 21.0874 10.2978
v  8.8372 21.4861 11.0896
v  8.8372 21.6129 10.8090
v  8.5293 21.6129 10.8090
v  8.5293 21.4861 11.0896
v  9.0557 20.5447 10.6643
v  9.0557 20.6715 10.3837
v  9.0557 21.4137 10.7190
v  9.0557 21.2869 10.9996
v  8.8372 20.7615 10.1845
v  8.5293 20.7615 10.1845
v  8.5293 21.5037 10.5198
v  8.8372 21.5037 10.5198
v  8.3107 21.2869 10.9996
v  8.3107 21.4137 10.7190
v  8.3107 20.6715 10.3837
v  8.3107 20.5447 10.6643
v  8.5631 20.7278 10.2591
v  8.3926 20.6576 10.4145
v  8.5293 21.1969 11.1988
v  8.8372 21.1969 11.1988
v  8.5293 20.4547 10.8635
v  8.8372 20.4547 10.8635
v  8.8033 20.4885 10.7888
v  8.5631 20.4885 10.7888
v  8.5631 20.5463 10.8149
v  8.8033 20.5463 10.8149
v  8.8033 20.7278 10.2591
v  8.3926 20.5587 10.6334
v  8.9738 20.6576 10.4145
v  8.9738 20.5587 10.6334
v  8.5631 20.7856 10.2853
v  8.8033 20.7856 10.2853
v  8.7529 20.6859 10.3741
v  8.6135 20.6859 10.3741
v  8.9738 20.6165 10.6596
v  8.3926 20.6165 10.6596
v  8.9738 20.7154 10.4407
v  8.3926 20.7154 10.4407
v  8.6135 20.5471 10.6814
v  8.5146 20.5878 10.5913
v  8.5146 20.6452 10.4643
v  8.8518 20.6452 10.4643
v  8.8518 20.5878 10.5913
v  8.7529 20.5471 10.6814
v  8.8307 21.0245 10.2543
v  8.5358 21.0245 10.2543
v  8.5358 21.2775 10.3686
v  8.8307 21.2775 10.3686
v  8.8372 21.0005 10.2925
v  8.5293 21.0005 10.2925
v  8.8372 21.2647 10.4118
v  8.5293 21.2647 10.4118
v  8.7532 21.5962 10.4479
v  8.6133 21.5962 10.4479
v  8.6133 21.5255 10.4479
v  8.7532 21.5255 10.4479
v  8.7532 21.6517 10.4228
v  8.6133 21.6517 10.4228
v  8.6133 21.6517 10.4479
v  8.7532 21.6517 10.4479
v  8.6133 21.5962 10.4228
v  8.7532 21.5962 10.1703
v  8.6133 21.5962 10.1703
v  8.6133 21.6517 10.1703
v  8.7532 21.6517 10.1703
v  8.7532 21.5962 10.2461
v  8.7532 21.6517 10.2461
v  8.7532 21.5962 10.4228
v  8.6133 21.5962 10.2461
v  8.6133 21.6517 10.2461
v  8.7532 21.5255 10.4228
v  8.6133 21.5255 10.4228
v  8.6047 21.2960 10.1743
v  8.6047 21.3393 10.2475
v  8.7617 21.3393 10.2475
v  8.6047 21.1307 10.3709
v  8.7617 21.1307 10.3709
v  8.7617 21.2960 10.1743
v  8.7617 21.0874 10.2978
v  8.6047 21.0874 10.2978
v  3.0034 21.4861 11.0896
v  3.0034 21.6129 10.8090
v  2.6955 21.6129 10.8090
v  2.6955 21.4861 11.0896
v  3.2220 20.5447 10.6643
v  3.2220 20.6715 10.3837
v  3.2220 21.4137 10.7190
v  3.2220 21.2869 10.9996
v  3.0034 20.7615 10.1845
v  2.6955 20.7615 10.1845
v  2.6955 21.5037 10.5198
v  3.0034 21.5037 10.5198
v  2.4769 21.2869 10.9996
v  2.4769 21.4137 10.7190
v  2.4769 20.6715 10.3837
v  2.4769 20.5447 10.6643
v  2.7293 20.7278 10.2591
v  2.5588 20.6576 10.4145
v  2.6955 21.1969 11.1988
v  3.0034 21.1969 11.1988
v  2.6955 20.4547 10.8635
v  3.0034 20.4547 10.8635
v  2.9695 20.4885 10.7888
v  2.7293 20.4885 10.7888
v  2.7293 20.5463 10.8149
v  2.9695 20.5463 10.8149
v  2.9695 20.7278 10.2591
v  2.5588 20.5587 10.6334
v  3.1401 20.6576 10.4145
v  3.1401 20.5587 10.6334
v  2.7293 20.7856 10.2853
v  2.9695 20.7856 10.2853
v  2.9191 20.6859 10.3741
v  2.7798 20.6859 10.3741
v  3.1401 20.6165 10.6596
v  2.5588 20.6165 10.6596
v  3.1401 20.7154 10.4407
v  2.5588 20.7154 10.4407
v  2.7798 20.5471 10.6814
v  2.6809 20.5878 10.5913
v  2.6809 20.6452 10.4643
v  3.0180 20.6452 10.4643
v  3.0180 20.5878 10.5913
v  2.9191 20.5471 10.6814
v  2.9969 21.0245 10.2543
v  2.7020 21.0245 10.2543
v  2.7020 21.2775 10.3686
v  2.9969 21.2775 10.3686
v  3.0034 21.0005 10.2925
v  2.6955 21.0005 10.2925
v  3.0034 21.2647 10.4118
v  2.6955 21.2647 10.4118
v  2.9194 21.5962 10.4479
v  2.7795 21.5962 10.4479
v  2.7795 21.5255 10.4479
v  2.9194 21.5255 10.4479
v  2.9194 21.6517 10.4228
v  2.7795 21.6517 10.4228
v  2.7795 21.6517 10.4479
v  2.9194 21.6517 10.4479
v  2.7795 21.5962 10.4228
v  2.9194 21.5962 10.1703
v  2.7795 21.5962 10.1703
v  2.7795 21.6517 10.1703
v  2.9194 21.6517 10.1703
v  2.9194 21.5962 10.2461
v  2.9194 21.6517 10.2461
v  2.9194 21.5962 10.4228
v  2.7795 21.5962 10.2461
v  2.7795 21.6517 10.2461
v  2.9194 21.5255 10.4228
v  2.7795 21.5255 10.4228
v  2.7710 21.2960 10.1743
v  2.7710 21.3393 10.2475
v  2.9279 21.3393 10.2475
v  2.7710 21.1307 10.3709
v  2.9279 21.1307 10.3709
v  2.9279 21.2960 10.1743
v  2.9279 21.0874 10.2978
v  2.7710 21.0874 10.2978
v  -2.8304 21.4861 11.0896
v  -2.8304 21.6129 10.8090
v  -3.1383 21.6129 10.8090
v  -3.1383 21.4861 11.0896
v  -2.6118 20.5447 10.6643
v  -2.6118 20.6715 10.3837
v  -2.6118 21.4137 10.7190
v  -2.6118 21.2869 10.9996
v  -2.8304 20.7615 10.1845
v  -3.1383 20.7615 10.1845
v  -3.1383 21.5037 10.5198
v  -2.8304 21.5037 10.5198
v  -3.3569 21.2869 10.9996
v  -3.3569 21.4137 10.7190
v  -3.3569 20.6715 10.3837
v  -3.3569 20.5447 10.6643
v  -3.1044 20.7278 10.2591
v  -3.2749 20.6576 10.4145
v  -3.1383 21.1969 11.1988
v  -2.8304 21.1969 11.1988
v  -3.1383 20.4547 10.8635
v  -2.8304 20.4547 10.8635
v  -2.8642 20.4885 10.7888
v  -3.1044 20.4885 10.7888
v  -3.1044 20.5463 10.8149
v  -2.8642 20.5463 10.8149
v  -2.8642 20.7278 10.2591
v  -3.2749 20.5587 10.6334
v  -2.6937 20.6576 10.4145
v  -2.6937 20.5587 10.6334
v  -3.1044 20.7856 10.2853
v  -2.8642 20.7856 10.2853
v  -2.9147 20.6859 10.3741
v  -3.0540 20.6859 10.3741
v  -2.6937 20.6165 10.6596
v  -3.2749 20.6165 10.6596
v  -2.6937 20.7154 10.4407
v  -3.2749 20.7154 10.4407
v  -3.0540 20.5471 10.6814
v  -3.1529 20.5878 10.5913
v  -3.1529 20.6452 10.4643
v  -2.8157 20.6452 10.4643
v  -2.8157 20.5878 10.5913
v  -2.9147 20.5471 10.6814
v  -2.8369 21.0245 10.2543
v  -3.1318 21.0245 10.2543
v  -3.1318 21.2775 10.3686
v  -2.8369 21.2775 10.3686
v  -2.8304 21.0005 10.2925
v  -3.1383 21.0005 10.2925
v  -2.8304 21.2647 10.4118
v  -3.1383 21.2647 10.4118
v  -2.9144 21.5962 10.4479
v  -3.0543 21.5962 10.4479
v  -3.0543 21.5255 10.4479
v  -2.9144 21.5255 10.4479
v  -2.9144 21.6517 10.4228
v  -3.0543 21.6517 10.4228
v  -3.0543 21.6517 10.4479
v  -2.9144 21.6517 10.4479
v  -3.0543 21.5962 10.4228
v  -2.9144 21.5962 10.1703
v  -3.0543 21.5962 10.1703
v  -3.0543 21.6517 10.1703
v  -2.9144 21.6517 10.1703
v  -2.9144 21.5962 10.2461
v  -2.9144 21.6517 10.2461
v  -2.9144 21.5962 10.4228
v  -3.0543 21.5962 10.2461
v  -3.0543 21.6517 10.2461
v  -2.9144 21.5255 10.4228
v  -3.0543 21.5255 10.4228
v  -3.0628 21.2960 10.1743
v  -3.0628 21.3393 10.2475
v  -2.9058 21.3393 10.2475
v  -3.0628 21.1307 10.3709
v  -2.9058 21.1307 10.3709
v  -2.9058 21.2960 10.1743
v  -2.9058 21.0874 10.2978
v  -3.0628 21.0874 10.2978
v  -8.6641 21.4861 11.0896
v  -8.6641 21.6129 10.8090
v  -8.9721 21.6129 10.8090
v  -8.9721 21.4861 11.0896
v  -8.4456 20.5447 10.6643
v  -8.4456 20.6715 10.3837
v  -8.4456 21.4137 10.7190
v  -8.4456 21.2869 10.9996
v  -8.6641 20.7615 10.1845
v  -8.9721 20.7615 10.1845
v  -8.9721 21.5037 10.5198
v  -8.6641 21.5037 10.5198
v  -9.1906 21.2869 10.9996
v  -9.1906 21.4137 10.7190
v  -9.1906 20.6715 10.3837
v  -9.1906 20.5447 10.6643
v  -8.9382 20.7278 10.2591
v  -9.1087 20.6576 10.4145
v  -8.9721 21.1969 11.1988
v  -8.6641 21.1969 11.1988
v  -8.9721 20.4547 10.8635
v  -8.6641 20.4547 10.8635
v  -8.6980 20.4885 10.7888
v  -8.9382 20.4885 10.7888
v  -8.9382 20.5463 10.8149
v  -8.6980 20.5463 10.8149
v  -8.6980 20.7278 10.2591
v  -9.1087 20.5587 10.6334
v  -8.5275 20.6576 10.4145
v  -8.5275 20.5587 10.6334
v  -8.9382 20.7856 10.2853
v  -8.6980 20.7856 10.2853
v  -8.7484 20.6859 10.3741
v  -8.8878 20.6859 10.3741
v  -8.5275 20.6165 10.6596
v  -9.1087 20.6165 10.6596
v  -8.5275 20.7154 10.4407
v  -9.1087 20.7154 10.4407
v  -8.8878 20.5471 10.6814
v  -8.9867 20.5878 10.5913
v  -8.9867 20.6452 10.4643
v  -8.6495 20.6452 10.4643
v  -8.6495 20.5878 10.5913
v  -8.7484 20.5471 10.6814
v  -8.6706 21.0245 10.2543
v  -8.9656 21.0245 10.2543
v  -8.9656 21.2775 10.3686
v  -8.6706 21.2775 10.3686
v  -8.6641 21.0005 10.2925
v  -8.9721 21.0005 10.2925
v  -8.6641 21.2647 10.4118
v  -8.9721 21.2647 10.4118
v  -8.7482 21.5962 10.4479
v  -8.8881 21.5962 10.4479
v  -8.8881 21.5255 10.4479
v  -8.7482 21.5255 10.4479
v  -8.7482 21.6517 10.4228
v  -8.8881 21.6517 10.4228
v  -8.8881 21.6517 10.4479
v  -8.7482 21.6517 10.4479
v  -8.8881 21.5962 10.4228
v  -8.7482 21.5962 10.1703
v  -8.8881 21.5962 10.1703
v  -8.8881 21.6517 10.1703
v  -8.7482 21.6517 10.1703
v  -8.7482 21.5962 10.2461
v  -8.7482 21.6517 10.2461
v  -8.7482 21.5962 10.4228
v  -8.8881 21.5962 10.2461
v  -8.8881 21.6517 10.2461
v  -8.7482 21.5255 10.4228
v  -8.8881 21.5255 10.4228
v  -8.8966 21.2960 10.1743
v  -8.8966 21.3393 10.2475
v  -8.7396 21.3393 10.2475
v  -8.8966 21.1307 10.3709
v  -8.7396 21.1307 10.3709
v  -8.7396 21.2960 10.1743
v  -8.7396 21.0874 10.2978
v  -8.8966 21.0874 10.2978
v  -14.4979 21.4861 11.0896
v  -14.4979 21.6129 10.8090
v  -14.8058 21.6129 10.8090
v  -14.8058 21.4861 11.0896
v  -14.2793 20.5447 10.6643
v  -14.2793 20.6715 10.3837
v  -14.2793 21.4137 10.7190
v  -14.2793 21.2869 10.9996
v  -14.4979 20.7615 10.1845
v  -14.8058 20.7615 10.1845
v  -14.8058 21.5037 10.5198
v  -14.4979 21.5037 10.5198
v  -15.0244 21.2869 10.9996
v  -15.0244 21.4137 10.7190
v  -15.0244 20.6715 10.3837
v  -15.0244 20.5447 10.6643
v  -14.7720 20.7278 10.2591
v  -14.9425 20.6576 10.4145
v  -14.8058 21.1969 11.1988
v  -14.4979 21.1969 11.1988
v  -14.8058 20.4547 10.8635
v  -14.4979 20.4547 10.8635
v  -14.5318 20.4885 10.7888
v  -14.7720 20.4885 10.7888
v  -14.7720 20.5463 10.8149
v  -14.5318 20.5463 10.8149
v  -14.5318 20.7278 10.2591
v  -14.9425 20.5587 10.6334
v  -14.3613 20.6576 10.4145
v  -14.3613 20.5587 10.6334
v  -14.7720 20.7856 10.2853
v  -14.5318 20.7856 10.2853
v  -14.5822 20.6859 10.3741
v  -14.7215 20.6859 10.3741
v  -14.3613 20.6165 10.6596
v  -14.9425 20.6165 10.6596
v  -14.3613 20.7154 10.4407
v  -14.9425 20.7154 10.4407
v  -14.7215 20.5471 10.6814
v  -14.8205 20.5878 10.5913
v  -14.8205 20.6452 10.4643
v  -14.4833 20.6452 10.4643
v  -14.4833 20.5878 10.5913
v  -14.5822 20.5471 10.6814
v  -14.5044 21.0245 10.2543
v  -14.7993 21.0245 10.2543
v  -14.7993 21.2775 10.3686
v  -14.5044 21.2775 10.3686
v  -14.4979 21.0005 10.2925
v  -14.8058 21.0005 10.2925
v  -14.4979 21.2647 10.4118
v  -14.8058 21.2647 10.4118
v  -14.5819 21.5962 10.4479
v  -14.7218 21.5962 10.4479
v  -14.7218 21.5255 10.4479
v  -14.5819 21.5255 10.4479
v  -14.5819 21.6517 10.4228
v  -14.7218 21.6517 10.4228
v  -14.7218 21.6517 10.4479
v  -14.5819 21.6517 10.4479
v  -14.7218 21.5962 10.4228
v  -14.5819 21.5962 10.1703
v  -14.7218 21.5962 10.1703
v  -14.7218 21.6517 10.1703
v  -14.5819 21.6517 10.1703
v  -14.5819 21.5962 10.2461
v  -14.5819 21.6517 10.2461
v  -14.5819 21.5962 10.4228
v  -14.7218 21.5962 10.2461
v  -14.7218 21.6517 10.2461
v  -14.5819 21.5255 10.4228
v  -14.7218 21.5255 10.4228
v  -14.7304 21.2960 10.1743
v  -14.7304 21.3393 10.2475
v  -14.5734 21.3393 10.2475
v  -14.7304 21.1307 10.3709
v  -14.5734 21.1307 10.3709
v  -14.5734 21.2960 10.1743
v  -14.5734 21.0874 10.2978
v  -14.7304 21.0874 10.2978
v  3.5297 2.4167 -4.2766
v  3.5196 2.7327 -4.0543
v  1.4179 2.7327 -4.1498
v  1.4279 2.4167 -4.3720
v  3.5898 3.8821 -5.5994
v  1.4880 3.8821 -5.6949
v  1.4743 3.7499 -5.3931
v  3.5761 3.7499 -5.2976
v  1.4597 3.5587 -5.0719
v  3.5615 3.5587 -4.9764
v  1.4420 3.2676 -4.6814
v  3.5438 3.2676 -4.5860
v  1.4274 2.9683 -4.3602
v  3.5292 2.9683 -4.2648
v  1.5091 3.4999 -6.1581
v  3.6108 3.4999 -6.0626
v  3.6151 3.3384 -6.1571
v  1.5134 3.3384 -6.2526
v  1.4986 3.8191 -5.9266
v  1.4030 3.4761 -6.1266
v  1.3935 3.7648 -5.9173
v  1.3557 3.4189 -6.0410
v  1.3486 3.6346 -5.8846
v  1.5171 3.1407 -6.3344
v  3.6188 3.1407 -6.2389
v  3.6210 2.9596 -6.2860
v  1.5192 2.9596 -6.3815
v  3.6249 2.4167 -6.3719
v  1.5231 2.4167 -6.4674
v  3.7648 2.5646 -6.1923
v  3.6809 2.5646 -4.3465
v  3.6352 2.4600 -4.2943
v  3.7270 2.4600 -6.3165
v  1.2837 2.5646 -4.4554
v  1.3676 2.5646 -6.3012
v  1.4164 2.4600 -6.4215
v  1.3245 2.4600 -4.3992
v  3.7129 3.4355 -5.0518
v  3.7269 3.6182 -5.3585
v  3.6814 3.7113 -5.3126
v  3.6670 3.5226 -4.9957
v  1.2787 2.7217 -4.3449
v  1.2845 2.8647 -4.4726
v  1.2986 3.1539 -4.7829
v  1.3157 3.4355 -5.1607
v  1.3297 3.6182 -5.4674
v  1.3380 3.6983 -5.6504
v  1.3596 3.2725 -6.1267
v  1.3630 3.0935 -6.2007
v  1.3649 2.9293 -6.2434
v  3.7458 3.6346 -5.7757
v  3.7529 3.4189 -5.9321
v  3.7136 3.4761 -6.0216
v  3.7041 3.7648 -5.8123
v  3.6003 3.8191 -5.8311
v  1.3564 3.5226 -5.1006
v  1.3708 3.7113 -5.4176
v  3.6958 3.1539 -4.6740
v  3.6495 3.2343 -4.6090
v  1.3388 3.2343 -4.7139
v  3.6817 2.8647 -4.3637
v  3.6350 2.9379 -4.2909
v  1.3244 2.9379 -4.3959
v  3.6759 2.7217 -4.2360
v  3.6266 2.7295 -4.1047
v  1.3159 2.7295 -4.2097
v  1.4072 3.3191 -6.2185
v  3.7568 3.2725 -6.0178
v  3.7178 3.3191 -6.1135
v  1.4108 3.1269 -6.2980
v  3.7602 3.0935 -6.0918
v  3.7214 3.1269 -6.1930
v  1.4129 2.9507 -6.3438
v  3.7621 2.9293 -6.1345
v  3.7235 2.9507 -6.2389
v  1.3829 3.8281 -5.6843
v  3.6936 3.8281 -5.5794
v  3.7352 3.6983 -5.5415
v  -1.7460 2.4167 -4.3885
v  -1.7089 2.7327 -4.1691
v  -3.7835 2.7327 -3.8188
v  -3.8205 2.4167 -4.0381
v  -1.9665 3.8821 -5.6943
v  -4.0411 3.8821 -5.3439
v  -3.9907 3.7499 -5.0459
v  -1.9162 3.7499 -5.3963
v  -3.9372 3.5587 -4.7289
v  -1.8627 3.5587 -5.0793
v  -3.8721 3.2676 -4.3435
v  -1.7976 3.2676 -4.6939
v  -3.8186 2.9683 -4.0265
v  -1.7440 2.9683 -4.3768
v  -4.1183 3.4999 -5.8011
v  -2.0437 3.4999 -6.1514
v  -2.0595 3.3384 -6.2447
v  -4.1340 3.3384 -5.8943
v  -4.0797 3.8191 -5.5726
v  -4.2153 3.4761 -5.7479
v  -4.1804 3.7648 -5.5413
v  -4.2434 3.4189 -5.6542
v  -4.2174 3.6346 -5.4998
v  -4.1477 3.1407 -5.9751
v  -2.0731 3.1407 -6.3254
v  -2.0810 2.9596 -6.3719
v  -4.1555 2.9596 -6.0216
v  -2.0953 2.4167 -6.4568
v  -4.1698 2.4167 -6.1064
v  -1.9207 2.5646 -6.3107
v  -1.6130 2.5646 -4.4888
v  -1.6466 2.4600 -4.4281
v  -1.9837 2.4600 -6.4242
v  -3.9791 2.5646 -4.0892
v  -4.2868 2.5646 -5.9110
v  -4.2645 2.4600 -6.0390
v  -3.9274 2.4600 -4.0429
v  -1.7305 3.4355 -5.1849
v  -1.7817 3.6182 -5.4877
v  -1.8164 3.7113 -5.4333
v  -1.7636 3.5226 -5.1204
v  -3.9607 2.7217 -3.9801
v  -3.9820 2.8647 -4.1061
v  -4.0337 3.1539 -4.4124
v  -4.0967 3.4355 -4.7853
v  -4.1478 3.6182 -5.0881
v  -4.1783 3.6983 -5.2687
v  -4.2577 3.2725 -5.7388
v  -4.2701 3.0935 -5.8119
v  -4.2772 2.9293 -5.8541
v  -1.8512 3.6346 -5.8995
v  -1.8773 3.4189 -6.0539
v  -1.9346 3.4761 -6.1330
v  -1.8997 3.7648 -5.9265
v  -2.0051 3.8191 -5.9229
v  -4.0443 3.5226 -4.7352
v  -4.0971 3.7113 -5.0481
v  -1.6676 3.1539 -4.8120
v  -1.6991 3.2343 -4.7387
v  -3.9798 3.2343 -4.3535
v  -1.6158 2.8647 -4.5057
v  -1.6461 2.9379 -4.4248
v  -3.9268 2.9379 -4.0396
v  -1.5945 2.7217 -4.3797
v  -1.6150 2.7295 -4.2410
v  -3.8958 2.7295 -3.8558
v  -4.2307 3.3191 -5.8386
v  -1.8916 3.2725 -6.1385
v  -1.9499 3.3191 -6.2238
v  -4.2439 3.1269 -5.9171
v  -1.9039 3.0935 -6.2115
v  -1.9632 3.1269 -6.3023
v  -4.2515 2.9507 -5.9623
v  -1.9110 2.9293 -6.2537
v  -1.9708 2.9507 -6.3475
v  -4.1416 3.8281 -5.3113
v  -1.8609 3.8281 -5.6965
v  -1.8122 3.6983 -5.6683
# 4394 vertices

vn -1.0000 0.0000 -0.0000
vn 0.0000 -0.0000 -1.0000
vn 1.0000 0.0000 -0.0000
vn 0.0000 1.0000 -0.0000
vn 0.0000 0.0000 1.0000
vn 0.0000 0.6428 0.7660
vn -1.0000 0.0000 0.0000
vn 0.0000 -0.6428 -0.7660
vn 0.0000 -0.6428 0.7660
vn 0.0000 0.6428 -0.7660
vn 1.0000 0.0000 0.0000
vn -0.0000 1.0000 -0.0000
vn -0.0307 0.0268 0.9991
vn -0.0323 0.0471 0.9984
vn -0.0178 0.0397 0.9990
vn 0.0048 0.0141 0.9999
vn -0.0490 0.0375 0.9981
vn 0.0299 0.0663 0.9973
vn -0.1325 -0.0094 0.9911
vn -0.0298 0.0370 0.9988
vn -0.1621 -0.0263 0.9864
vn -0.1101 -0.0146 0.9938
vn -0.1242 0.0243 0.9919
vn -0.0944 -0.0173 0.9954
vn -0.0887 -0.0138 0.9959
vn -0.0512 -0.0141 0.9986
vn -0.0816 0.0083 0.9966
vn -0.0352 -0.0048 0.9994
vn -0.0756 0.0870 0.9933
vn -0.0181 -0.0452 0.9988
vn -0.0835 0.0348 0.9959
vn -0.0713 -0.0096 0.9974
vn -0.0360 0.0607 0.9975
vn 0.0029 0.0533 0.9986
vn 0.0233 -0.0023 0.9997
vn 0.0181 -0.0331 0.9993
vn -0.0015 -0.0091 0.9999
vn 0.0023 -0.0195 0.9998
vn 0.0139 -0.1532 0.9881
vn -0.0137 0.0435 0.9989
vn -0.0089 -0.0197 0.9998
vn -0.0012 0.0499 0.9987
vn -0.0015 0.0456 0.9989
vn 0.0010 -0.0084 0.9999
vn 0.0081 -0.0303 0.9995
vn 0.0071 -0.0030 1.0000
vn 0.0184 -0.0328 0.9993
vn 0.0318 -0.1954 0.9802
vn 0.0480 0.0163 0.9987
vn 0.0485 -0.0240 0.9985
vn 0.0239 0.0636 0.9977
vn -0.0050 0.0463 0.9989
vn -0.0032 -0.0119 0.9999
vn 0.0014 -0.0311 0.9995
vn 0.0014 -0.0001 1.0000
vn 0.0176 -0.0495 0.9986
vn 0.0329 -0.2320 0.9721
vn -0.0414 -0.0088 0.9991
vn -0.0389 -0.0256 0.9989
vn -0.0307 0.0777 0.9965
vn -0.0258 0.0463 0.9986
vn -0.0192 -0.0179 0.9996
vn -0.0073 -0.0349 0.9994
vn -0.0023 0.0005 1.0000
vn 0.0025 -0.0616 0.9981
vn 0.0075 -0.2587 0.9659
vn -0.1453 0.0168 0.9892
vn -0.1368 -0.0312 0.9901
vn -0.0880 0.0529 0.9947
vn -0.0392 0.0415 0.9984
vn -0.0293 -0.0217 0.9993
vn -0.0211 -0.0405 0.9989
vn -0.0152 0.0020 0.9999
vn -0.0183 -0.0641 0.9978
vn -0.0219 -0.2673 0.9633
vn -0.0730 0.0499 0.9961
vn -0.0719 -0.0363 0.9967
vn -0.0562 0.0237 0.9981
vn -0.0386 0.0357 0.9986
vn -0.0344 -0.0238 0.9991
vn -0.0264 -0.0479 0.9985
vn -0.0194 0.0020 0.9998
vn -0.0352 -0.0547 0.9979
vn -0.0501 -0.2566 0.9652
vn -0.0662 0.0589 0.9961
vn -0.0625 -0.0397 0.9973
vn -0.0482 0.0106 0.9988
vn -0.0362 0.0328 0.9988
vn -0.0337 -0.0245 0.9991
vn -0.0267 -0.0544 0.9981
vn -0.0225 0.0038 0.9997
vn -0.0463 -0.0352 0.9983
vn -0.0671 -0.2295 0.9710
vn -0.0521 0.0614 0.9967
vn -0.0498 -0.0429 0.9978
vn -0.0411 0.0020 0.9991
vn -0.0332 0.0306 0.9990
vn -0.0311 -0.0249 0.9992
vn -0.0264 -0.0609 0.9978
vn -0.0221 0.0052 0.9997
vn -0.0385 -0.0150 0.9991
vn -0.0541 -0.2006 0.9781
vn -0.0407 0.0621 0.9972
vn -0.0393 -0.0453 0.9982
vn -0.0342 -0.0031 0.9994
vn -0.0290 0.0286 0.9991
vn -0.0266 -0.0254 0.9993
vn -0.0223 -0.0648 0.9976
vn -0.0159 0.0040 0.9998
vn -0.0166 -0.0052 0.9998
vn -0.0198 -0.1862 0.9823
vn -0.0212 0.0633 0.9977
vn -0.0225 -0.0456 0.9987
vn -0.0224 -0.0054 0.9997
vn -0.0185 0.0261 0.9995
vn -0.0137 -0.0271 0.9995
vn -0.0107 -0.0676 0.9977
vn -0.0070 0.0014 1.0000
vn -0.0045 -0.0045 1.0000
vn -0.0047 -0.1826 0.9832
vn -0.0010 0.0657 0.9978
vn -0.0038 -0.0439 0.9990
vn -0.0075 -0.0052 0.9999
vn -0.0041 0.0222 0.9997
vn 0.0036 -0.0294 0.9995
vn 0.0055 -0.0670 0.9977
vn 0.0051 -0.0009 1.0000
vn 0.0098 -0.0062 0.9999
vn 0.0131 -0.1828 0.9831
vn 0.0195 0.0690 0.9974
vn 0.0151 -0.0403 0.9991
vn 0.0084 -0.0032 0.9999
vn 0.0136 0.0162 0.9998
vn 0.0231 -0.0337 0.9991
vn 0.0190 -0.0626 0.9978
vn 0.0135 -0.0020 0.9999
vn 0.0187 -0.0110 0.9998
vn 0.0226 -0.1859 0.9823
vn 0.0377 0.0714 0.9967
vn 0.0324 -0.0354 0.9988
vn 0.0218 0.0011 0.9998
vn 0.0186 0.0109 0.9998
vn 0.0277 -0.0372 0.9989
vn 0.0324 -0.0576 0.9978
vn 0.0270 -0.0008 0.9996
vn 0.0268 -0.0144 0.9995
vn 0.0298 -0.1885 0.9816
vn 0.0543 0.0711 0.9960
vn 0.0477 -0.0288 0.9984
vn 0.0314 0.0090 0.9995
vn 0.0232 0.0097 0.9997
vn 0.0229 -0.0417 0.9988
vn 0.0187 -0.0560 0.9982
vn 0.0211 -0.0014 0.9998
vn 0.0350 -0.0207 0.9991
vn 0.0431 -0.1932 0.9802
vn 0.0759 0.0596 0.9953
vn 0.0702 -0.0219 0.9973
vn 0.0458 0.0238 0.9987
vn 0.0284 0.0080 0.9995
vn 0.0240 -0.0370 0.9990
vn 0.0131 -0.0504 0.9986
vn 0.0184 -0.0104 0.9998
vn 0.0435 -0.0318 0.9985
vn 0.0567 -0.2038 0.9774
vn 0.1426 0.0264 0.9894
vn 0.1242 -0.0087 0.9922
vn 0.0654 0.0547 0.9963
vn 0.0294 0.0052 0.9995
vn 0.0368 -0.0358 0.9987
vn 0.0361 -0.0480 0.9982
vn 0.0359 -0.0186 0.9992
vn 0.0548 -0.0472 0.9974
vn 0.0695 -0.2199 0.9730
vn 0.0502 0.0027 0.9987
vn 0.0154 0.0175 0.9997
vn -0.0272 0.0778 0.9966
vn 0.0027 -0.0165 0.9998
vn 0.0464 -0.0411 0.9980
vn 0.0497 -0.0412 0.9979
vn 0.0439 -0.0190 0.9988
vn 0.0402 -0.0549 0.9977
vn 0.0384 -0.2277 0.9730
vn 0.0734 0.0011 0.9973
vn 0.0655 0.0387 0.9971
vn 0.0544 0.0828 0.9951
vn 0.0606 -0.0396 0.9974
vn 0.0699 -0.0453 0.9965
vn 0.0658 -0.0389 0.9971
vn 0.0505 -0.0128 0.9986
vn 0.0239 -0.0457 0.9987
vn 0.0077 -0.2130 0.9770
vn 0.0636 -0.0040 0.9980
vn 0.0927 0.0282 0.9953
vn 0.1263 0.0814 0.9886
vn 0.1149 -0.0328 0.9928
vn 0.0933 -0.0455 0.9946
vn 0.0821 -0.0280 0.9962
vn 0.0600 -0.0016 0.9982
vn 0.0269 -0.0264 0.9993
vn 0.0080 -0.1848 0.9827
vn 0.0542 -0.0096 0.9985
vn 0.0205 0.0292 0.9994
vn -0.0041 0.0746 0.9972
vn 0.0464 -0.0449 0.9979
vn 0.0986 -0.0497 0.9939
vn 0.0978 -0.0194 0.9950
vn 0.0696 0.0149 0.9974
vn 0.0293 -0.0040 0.9995
vn 0.0074 -0.1457 0.9893
vn 0.1343 0.0040 0.9909
vn 0.1012 0.0620 0.9929
vn 0.0695 0.0721 0.9950
vn 0.0914 -0.0748 0.9930
vn 0.1331 -0.0680 0.9888
vn 0.1126 0.0103 0.9936
vn 0.0588 0.0283 0.9979
vn 0.0308 0.0185 0.9993
vn 0.0118 -0.0375 0.9992
vn 0.2231 0.0413 0.9739
vn 0.2433 0.0686 0.9675
vn 0.2813 0.0603 0.9577
vn 0.2237 -0.0411 0.9738
vn 0.1075 -0.0597 0.9924
vn 0.0500 0.0435 0.9978
vn 0.0374 0.0298 0.9988
vn 0.0379 0.0311 0.9988
vn 0.0334 0.0985 0.9946
vn 0.3865 0.0635 0.9201
vn 0.3982 0.0566 0.9155
vn 0.3997 0.0493 0.9153
vn 0.2769 0.0002 0.9609
vn 0.0451 -0.0401 0.9982
vn -0.0304 0.0512 0.9982
vn 0.0193 0.0281 0.9994
vn 0.0368 0.0331 0.9987
vn 0.0400 0.1467 0.9883
vn -0.1823 0.0630 0.9812
vn -0.1989 0.0474 0.9789
vn -0.2337 0.0158 0.9722
vn -0.1905 -0.0253 0.9814
vn -0.0649 -0.0251 0.9976
vn -0.0540 0.0415 0.9977
vn -0.1050 -0.0132 0.9944
vn -0.1074 0.0123 0.9941
vn -0.1100 0.1321 0.9851
vn 0.0000 -1.0000 0.0000
vn -0.0000 -1.0000 0.0000
vn -0.2588 0.0000 0.9659
vn -0.7071 0.0000 0.7071
vn -0.9659 0.0000 0.2588
vn 0.2588 0.0000 0.9659
vn 0.7071 0.0000 0.7071
vn 0.9659 0.0000 0.2588
vn 0.2427 0.0000 0.9701
vn -0.2427 0.0000 0.9701
vn 0.6824 0.0000 0.7310
vn -0.6824 0.0000 0.7310
vn 0.9612 0.0000 0.2759
vn -0.9612 0.0000 0.2759
vn 0.0442 -0.0000 -0.9990
vn 0.9990 0.0000 0.0442
vn -0.0442 0.0000 0.9990
vn -0.9990 0.0000 -0.0442
vn -0.9990 -0.0000 -0.0442
vn 0.0312 0.7071 -0.7064
vn -1.0000 -0.0000 -0.0000
vn 1.0000 -0.0000 -0.0000
vn 0.7660 0.6428 -0.0000
vn -0.7660 -0.6428 0.0000
vn 0.7660 -0.6428 0.0000
vn -0.7660 0.6428 -0.0000
vn 0.6428 0.7660 -0.0000
vn -0.6428 -0.7660 0.0000
vn 0.6428 -0.7660 -0.0000
vn -0.6428 0.7660 -0.0000
vn 0.6428 -0.7660 0.0000
vn 0.0000 0.0000 -1.0000
vn 0.0000 -0.0000 1.0000
vn 0.6428 -0.0000 -0.7660
vn -0.6428 0.0000 0.7660
vn 0.6428 0.0000 0.7660
vn -0.6428 -0.0000 -0.7660
vn -0.6428 -0.0000 0.7660
vn 0.0000 -1.0000 -0.0000
vn -0.0000 1.0000 0.0000
vn 0.0000 1.0000 0.0000
vn -0.0000 -1.0000 -0.0000
vn -0.6428 -0.7660 -0.0000
vn -0.2722 -0.7516 -0.6008
vn -0.2212 0.0566 -0.9736
vn 0.2212 0.0566 -0.9736
vn 0.2722 -0.7516 -0.6008
vn -0.2230 0.9731 -0.0584
vn 0.2230 0.9731 -0.0584
vn 0.1939 0.8726 -0.4482
vn -0.1939 0.8726 -0.4482
vn 0.1941 0.8160 -0.5444
vn -0.1941 0.8160 -0.5444
vn 0.1940 0.7535 -0.6281
vn -0.1940 0.7535 -0.6281
vn 0.1942 0.6866 -0.7006
vn -0.1942 0.6866 -0.7006
vn 0.1941 0.5367 0.8211
vn -0.1941 0.5367 0.8211
vn -0.1939 0.4366 0.8785
vn 0.1939 0.4366 0.8785
vn 0.2230 0.8097 0.5427
vn 0.7015 0.3899 0.5965
vn 0.7154 0.5669 0.4085
vn 0.9796 0.1098 0.1680
vn 0.9787 0.1567 0.1324
vn 0.1939 0.3120 0.9301
vn -0.1939 0.3120 0.9301
vn -0.1941 0.2006 0.9602
vn 0.1941 0.2006 0.9602
vn -0.3118 -0.2304 0.9218
vn 0.3119 -0.2304 0.9218
vn -0.9798 -0.1297 0.1519
vn -0.9742 -0.2004 -0.1040
vn -0.6835 -0.6478 -0.3362
vn -0.7246 -0.4476 0.5240
vn 0.9742 -0.2004 -0.1040
vn 0.9798 -0.1297 0.1519
vn 0.7246 -0.4476 0.5240
vn 0.6835 -0.6478 -0.3362
vn -0.9796 0.1672 -0.1115
vn -0.9793 0.1798 -0.0923
vn -0.7001 0.6352 -0.3262
vn -0.7012 0.5931 -0.3957
vn 0.9756 0.0127 -0.2191
vn 0.9797 0.1402 -0.1431
vn 0.9795 0.1547 -0.1289
vn 0.9796 0.1672 -0.1115
vn 0.9793 0.1798 -0.0923
vn 0.9787 0.2021 -0.0349
vn 0.9792 0.0903 0.1816
vn 0.9792 0.0645 0.1923
vn 0.9796 0.0410 0.1964
vn -0.9787 0.1567 0.1324
vn -0.9796 0.1098 0.1680
vn -0.7015 0.3899 0.5965
vn -0.7154 0.5669 0.4085
vn -0.2230 0.8097 0.5427
vn 0.7012 0.5931 -0.3957
vn 0.7001 0.6352 -0.3262
vn -0.9795 0.1547 -0.1289
vn -0.7009 0.5479 -0.4567
vn 0.7009 0.5479 -0.4567
vn -0.9797 0.1402 -0.1431
vn -0.7018 0.4986 -0.5087
vn 0.7018 0.4986 -0.5087
vn -0.9756 0.0127 -0.2191
vn -0.6959 0.0417 -0.7169
vn 0.6959 0.0417 -0.7169
vn 0.6994 0.3181 0.6400
vn -0.9792 0.0903 0.1816
vn -0.6994 0.3181 0.6400
vn 0.6994 0.2273 0.6776
vn -0.9792 0.0645 0.1923
vn -0.6994 0.2273 0.6776
vn 0.7015 0.1458 0.6976
vn -0.9796 0.0410 0.1964
vn -0.7015 0.1458 0.6976
vn 0.7154 0.6957 -0.0654
vn -0.7154 0.6957 -0.0655
vn -0.9787 0.2021 -0.0349
vn -0.9965 -0.0000 -0.0839
vn 0.0839 -0.0000 -0.9965
vn 0.9965 0.0000 0.0839
vn -0.0839 0.0000 0.9965
vn -0.0839 -0.0000 0.9965
vn -0.9999 0.0000 0.0138
vn -0.0138 -0.0000 -0.9999
vn 0.9999 -0.0000 -0.0138
vn 0.0138 0.0000 0.9999
vn 0.0138 -0.0000 0.9999
vn -0.9819 0.0000 0.1895
vn -0.1895 -0.0000 -0.9819
vn 0.9819 -0.0000 -0.1895
vn 0.1895 0.0000 0.9819
vn 0.1895 -0.0000 0.9819
vn -0.9921 0.0000 0.1251
vn -0.1251 -0.0000 -0.9921
vn 0.9921 -0.0000 -0.1251
vn 0.1251 0.0000 0.9921
vn -0.9653 0.0000 0.2610
vn -0.2610 -0.0000 -0.9653
vn 0.9653 -0.0000 -0.2610
vn 0.2610 0.0000 0.9653
vn 0.9654 -0.0000 -0.2609
vn -0.9999 0.0000 0.0102
vn -0.0102 -0.0000 -0.9999
vn 0.9999 -0.0000 -0.0102
vn 0.0102 0.0000 0.9999
vn -0.9991 -0.0000 -0.0426
vn 0.0426 -0.0000 -0.9991
vn 0.9991 0.0000 0.0426
vn -0.0426 0.0000 0.9991
vn -0.9991 -0.0000 -0.0425
vn -0.1213 -0.0000 -0.9926
vn 0.9926 0.0000 -0.1213
vn 0.1213 0.0000 0.9926
vn -0.9926 0.0000 0.1213
vn 0.1213 -0.0000 0.9926
vn 0.9926 -0.0000 -0.1213
vn -0.0857 0.7071 -0.7019
vn 0.6836 -0.6478 -0.3362
vn -0.7154 0.6957 -0.0654
vn -0.0000 -0.0000 -1.0000
vn -0.0000 0.0000 -1.0000
vn 0.0000 -0.7071 -0.7071
vn 0.0000 0.7071 -0.7071
vn 0.0000 -0.7071 0.7071
vn 0.0000 0.7071 0.7071
vn 0.3416 0.6572 0.6718
vn 0.3416 0.9385 0.0492
vn -0.3416 0.9385 0.0492
vn -0.3416 0.6572 0.6718
vn 0.7173 -0.6967 0.0112
vn 0.7173 -0.4520 -0.5303
vn 0.8756 0.4519 -0.1706
vn 0.8756 0.1706 0.4519
vn 0.2971 -0.2790 -0.9131
vn -0.2971 -0.2790 -0.9131
vn -0.3416 0.6718 -0.6572
vn 0.3416 0.6718 -0.6572
vn -0.8756 0.1706 0.4519
vn -0.8756 0.4519 -0.1706
vn -0.7173 -0.4520 -0.5303
vn -0.7173 -0.6967 0.0112
vn 0.2275 -0.9589 0.1693
vn 0.5491 -0.8265 -0.1238
vn -0.3416 -0.0492 0.9385
vn 0.3416 -0.0492 0.9385
vn -0.2971 -0.8697 0.3941
vn 0.2971 -0.8697 0.3941
vn -0.2275 -0.5067 -0.8315
vn 0.2275 -0.5067 -0.8315
vn 0.2564 -0.4215 -0.8698
vn -0.2564 -0.4215 -0.8698
vn -0.2275 -0.9590 0.1693
vn 0.5491 -0.6392 -0.5384
vn -0.5491 -0.8265 -0.1238
vn -0.5491 -0.6392 -0.5384
vn 0.2565 -0.9313 0.2585
vn -0.2564 -0.9313 0.2585
vn 0.0916 -0.7938 -0.6012
vn -0.0916 -0.7938 -0.6012
vn -0.6191 -0.5708 -0.5393
vn 0.6191 -0.5708 -0.5393
vn -0.6191 -0.7820 -0.0719
vn 0.6191 -0.7820 -0.0719
vn -0.0916 -0.9758 -0.1982
vn -0.2211 -0.9225 -0.3162
vn -0.2211 -0.8471 -0.4833
vn 0.2211 -0.8471 -0.4833
vn 0.2211 -0.9225 -0.3162
vn 0.0916 -0.9758 -0.1982
vn 0.5356 -0.2234 -0.8144
vn -0.5356 -0.2234 -0.8144
vn -0.5356 0.7588 -0.3706
vn 0.5356 0.7588 -0.3706
vn 0.6951 -0.5498 -0.4632
vn -0.6951 -0.5498 -0.4632
vn 0.6950 0.7110 0.1064
vn -0.6950 0.7110 0.1064
vn -0.5773 -0.5773 0.5773
vn 0.5773 -0.5773 0.5773
vn 0.7071 0.7071 -0.0000
vn -0.7071 0.7071 -0.0000
vn -0.5773 0.5773 0.5773
vn 0.5773 0.5773 0.5773
vn -0.9045 -0.3015 -0.3015
vn 0.7007 0.0059 -0.7133
vn -0.7007 0.0059 -0.7133
vn -0.5773 0.5773 -0.5773
vn 0.5773 0.5773 -0.5773
vn 0.9066 -0.2909 0.3056
vn 0.9045 -0.3015 -0.3015
vn -0.9066 -0.2909 0.3056
vn 0.5773 -0.5773 -0.5773
vn -0.5773 -0.5773 -0.5773
vn -0.6568 -0.1976 -0.7277
vn -0.7741 0.1841 0.6057
vn 0.7741 0.1841 0.6057
vn -0.7071 0.3601 0.6085
vn 0.7071 0.3601 0.6085
vn 0.6568 -0.1976 -0.7277
vn 0.7071 -0.3601 -0.6085
vn -0.7071 -0.3601 -0.6085
vn -0.2275 -0.9589 0.1693
vn 0.2564 -0.9313 0.2585
vn 0.6951 0.7110 0.1064
vn -0.7007 0.0059 -0.7134
vn 0.2446 -0.7516 0.6126
vn 0.1768 0.0566 0.9826
vn -0.2651 0.0566 0.9625
vn -0.2991 -0.7516 0.5879
vn 0.2201 0.9731 0.0685
vn -0.2254 0.9731 0.0482
vn -0.2141 0.8726 0.4389
vn 0.1734 0.8726 0.4566
vn -0.2186 0.8160 0.5351
vn 0.1692 0.8160 0.5527
vn -0.2224 0.7535 0.6187
vn 0.1653 0.7535 0.6363
vn -0.2258 0.6866 0.6911
vn 0.1622 0.6866 0.7087
vn -0.1567 0.5367 -0.8291
vn 0.2312 0.5367 -0.8115
vn 0.2335 0.4366 -0.8688
vn -0.1538 0.4366 -0.8864
vn -0.1981 0.8097 -0.5523
vn -0.6737 0.3899 -0.6277
vn -0.6961 0.5669 -0.4405
vn -0.9710 0.1098 -0.2123
vn -0.9717 0.1567 -0.1766
vn -0.1515 0.3120 -0.9379
vn 0.2359 0.3120 -0.9203
vn 0.2375 0.2006 -0.9504
vn -0.1504 0.2006 -0.9680
vn 0.3534 -0.2304 -0.9066
vn -0.2697 -0.2304 -0.9349
vn 0.9857 -0.1297 -0.1073
vn 0.9684 -0.2005 0.1481
vn 0.6676 -0.6478 0.3669
vn 0.7476 -0.4476 -0.4906
vn -0.9779 -0.2004 0.0597
vn -0.9719 -0.1297 -0.1962
vn -0.7001 -0.4476 -0.5564
vn -0.6981 -0.6478 0.3048
vn 0.9735 0.1672 0.1559
vn 0.9742 0.1798 0.1367
vn 0.6846 0.6352 0.3577
vn 0.6825 0.5931 0.4271
vn -0.9845 0.0127 0.1746
vn -0.9852 0.1402 0.0985
vn -0.9843 0.1547 0.0843
vn -0.9836 0.1672 0.0670
vn -0.9825 0.1798 0.0478
vn -0.9793 0.2021 -0.0095
vn -0.9699 0.0903 -0.2259
vn -0.9695 0.0645 -0.2365
vn -0.9697 0.0410 -0.2407
vn 0.9837 0.1567 -0.0878
vn 0.9862 0.1098 -0.1234
vn 0.7278 0.3899 -0.5641
vn 0.7331 0.5669 -0.3756
vn 0.2474 0.8097 -0.5321
vn -0.7184 0.5931 0.3634
vn -0.7142 0.6352 0.2941
vn 0.9727 0.1547 0.1732
vn 0.6794 0.5479 0.4881
vn -0.7208 0.5479 0.4244
vn 0.9722 0.1402 0.1874
vn 0.6780 0.4986 0.5401
vn -0.7242 0.4986 0.4764
vn 0.9647 0.0127 0.2631
vn 0.6627 0.0417 0.7477
vn -0.7277 0.0417 0.6846
vn -0.6696 0.3181 -0.6711
vn 0.9864 0.0903 -0.1370
vn 0.7277 0.3181 -0.6076
vn -0.6679 0.2273 -0.7086
vn 0.9869 0.0645 -0.1477
vn 0.7294 0.2273 -0.6452
vn -0.6691 0.1458 -0.7287
vn 0.9875 0.0410 -0.1518
vn 0.7324 0.1458 -0.6650
vn -0.7176 0.6957 0.0329
vn 0.7116 0.6957 0.0978
vn 0.9761 0.2021 0.0793
vn 0.3684 -0.7516 0.5471
vn 0.3802 0.0566 0.9232
vn -0.0559 0.0566 0.9968
vn -0.1683 -0.7516 0.6378
vn 0.2296 0.9731 0.0204
vn -0.2101 0.9731 0.0947
vn -0.1166 0.8726 0.4743
vn 0.2659 0.8726 0.4096
vn -0.1007 0.8160 0.5691
vn 0.2821 0.8160 0.5045
vn -0.0867 0.7535 0.6517
vn 0.2959 0.7535 0.5870
vn -0.0748 0.6866 0.7231
vn 0.3081 0.6866 0.6585
vn -0.3282 0.5367 -0.7773
vn 0.0547 0.5367 -0.8420
vn 0.0449 0.4366 -0.8985
vn -0.3374 0.4366 -0.8339
vn -0.3103 0.8097 -0.4980
vn -0.7910 0.3899 -0.4714
vn -0.7734 0.5669 -0.2836
vn -0.9939 0.1098 -0.0025
vn -0.9871 0.1567 0.0324
vn -0.3460 0.3120 -0.8848
vn 0.0363 0.3120 -0.9494
vn 0.0315 0.2006 -0.9791
vn -0.3513 0.2006 -0.9145
vn 0.1540 -0.2304 -0.9608
vn -0.4610 -0.2304 -0.8569
vn 0.9409 -0.1297 -0.3130
vn 0.9779 -0.2005 -0.0596
vn 0.7300 -0.6478 0.2177
vn 0.6272 -0.4476 -0.6374
vn -0.9432 -0.2005 0.2648
vn -0.9915 -0.1297 0.0134
vn -0.8018 -0.4476 -0.3960
vn -0.6180 -0.6478 0.4453
vn 0.9845 0.1672 -0.0531
vn 0.9810 0.1798 -0.0720
vn 0.7447 0.6352 0.2051
vn 0.7573 0.5931 0.2734
vn -0.9255 0.0127 0.3785
vn -0.9422 0.1402 0.3042
vn -0.9444 0.1547 0.2902
vn -0.9473 0.1672 0.2731
vn -0.9503 0.1798 0.2542
vn -0.9593 0.2021 0.1974
vn -0.9958 0.0903 -0.0161
vn -0.9976 0.0645 -0.0266
vn -0.9987 0.0410 -0.0306
vn 0.9430 0.1567 -0.2935
vn 0.9380 0.1098 -0.3288
vn 0.5923 0.3899 -0.7050
vn 0.6373 0.5669 -0.5219
vn 0.1295 0.8097 -0.5723
vn -0.6255 0.5931 0.5069
vn -0.6360 0.6352 0.4383
vn 0.9873 0.1547 -0.0360
vn 0.7671 0.5479 0.3336
vn -0.6150 0.5479 0.5670
vn 0.9899 0.1402 -0.0220
vn 0.7767 0.4986 0.3847
vn -0.6073 0.4986 0.6185
vn 0.9985 0.0127 0.0536
vn 0.8056 0.0417 0.5910
vn -0.5668 0.0417 0.8227
vn -0.7962 0.3181 -0.5146
vn 0.9353 0.0903 -0.3422
vn 0.5831 0.3181 -0.7476
vn -0.8025 0.2273 -0.5517
vn 0.9335 0.0645 -0.3527
vn 0.5768 0.2273 -0.7846
vn -0.8079 0.1458 -0.5710
vn 0.9332 0.0410 -0.3569
vn 0.5755 0.1458 -0.8047
vn -0.6944 0.6957 0.1837
vn 0.7163 0.6957 -0.0546
vn 0.9709 0.2021 -0.1285
# 651 vertex normals

vt 0.9885 0.1386 0.0000
vt 0.5897 0.1386 0.0000
vt 0.5897 0.1316 0.0000
vt 0.9885 0.1316 0.0000
vt 0.9887 0.1595 0.0000
vt 0.5899 0.1595 0.0000
vt 0.5898 0.1525 0.0000
vt 0.9886 0.1525 0.0000
vt 0.5898 0.1456 0.0000
vt 0.9886 0.1456 0.0000
vt 0.9789 0.1881 0.0000
vt 0.9789 0.1926 0.0000
vt 0.9744 0.1926 0.0000
vt 0.9744 0.1881 0.0000
vt 0.9886 0.1174 0.0000
vt 0.5898 0.1174 0.0000
vt 0.5897 0.1104 0.0000
vt 0.9885 0.1104 0.0000
vt 0.9886 0.1738 0.0000
vt 0.5898 0.1738 0.0000
vt 0.5897 0.1668 0.0000
vt 0.9885 0.1668 0.0000
vt 0.5897 0.1599 0.0000
vt 0.9885 0.1599 0.0000
vt 0.9887 0.1877 0.0000
vt 0.5899 0.1877 0.0000
vt 0.5898 0.1807 0.0000
vt 0.9886 0.1807 0.0000
vt 0.9741 0.1881 0.0000
vt 0.9741 0.1926 0.0000
vt 0.9696 0.1926 0.0000
vt 0.9696 0.1881 0.0000
vt 0.5897 0.0892 0.0000
vt 0.5898 0.0822 0.0000
vt 0.9886 0.0822 0.0000
vt 0.9885 0.0892 0.0000
vt 0.5899 0.0752 0.0000
vt 0.9887 0.0752 0.0000
vt 0.5896 0.1031 0.0000
vt 0.5897 0.0961 0.0000
vt 0.9885 0.0961 0.0000
vt 0.9884 0.1031 0.0000
vt 0.9842 0.1881 0.0000
vt 0.9887 0.1881 0.0000
vt 0.9887 0.1926 0.0000
vt 0.9842 0.1926 0.0000
vt 0.9886 0.1243 0.0000
vt 0.5898 0.1243 0.0000
vt 0.9887 0.1313 0.0000
vt 0.5899 0.1313 0.0000
vt 0.5897 0.1034 0.0000
vt 0.9885 0.1034 0.0000
vt 0.9793 0.1881 0.0000
vt 0.9838 0.1881 0.0000
vt 0.9838 0.1926 0.0000
vt 0.9793 0.1926 0.0000
vt 0.9887 0.0127 0.0000
vt 0.9432 0.0127 0.0000
vt 0.9432 0.0093 0.0000
vt 0.9887 0.0093 0.0000
vt 0.9887 0.0228 0.0000
vt 0.9432 0.0228 0.0000
vt 0.9432 0.0195 0.0000
vt 0.9887 0.0195 0.0000
vt 0.9432 0.0161 0.0000
vt 0.9887 0.0161 0.0000
vt 0.8978 0.0127 0.0000
vt 0.8978 0.0093 0.0000
vt 0.8978 0.0059 0.0000
vt 0.9432 0.0059 0.0000
vt 0.8978 0.0195 0.0000
vt 0.8978 0.0161 0.0000
vt 0.8523 0.0127 0.0000
vt 0.8523 0.0093 0.0000
vt 0.8978 0.0228 0.0000
vt 0.8523 0.0228 0.0000
vt 0.8523 0.0195 0.0000
vt 0.8523 0.0161 0.0000
vt 0.8069 0.0127 0.0000
vt 0.8069 0.0093 0.0000
vt 0.8069 0.0228 0.0000
vt 0.8069 0.0195 0.0000
vt 0.8069 0.0161 0.0000
vt 0.2048 0.3130 0.0000
vt 0.1790 0.3130 0.0000
vt 0.1790 0.0862 0.0000
vt 0.2048 0.0862 0.0000
vt 0.5772 0.0862 0.0000
vt 0.5772 0.1110 0.0000
vt 0.2048 0.1110 0.0000
vt 0.2048 0.9274 0.0000
vt 0.1790 0.9274 0.0000
vt 0.1790 0.7006 0.0000
vt 0.2048 0.7006 0.0000
vt 0.1751 0.9260 0.0000
vt 0.1751 0.7042 0.0000
vt 0.9399 0.5164 0.0000
vt 0.9399 0.5250 0.0000
vt 0.8258 0.5250 0.0000
vt 0.8258 0.5164 0.0000
vt 0.9381 0.2038 0.0000
vt 0.9381 0.2738 0.0000
vt 0.9223 0.2738 0.0000
vt 0.9223 0.2038 0.0000
vt 0.8258 0.5755 0.0000
vt 0.9399 0.5755 0.0000
vt 0.8258 0.5038 0.0000
vt 0.8258 0.4952 0.0000
vt 0.9399 0.4952 0.0000
vt 0.9399 0.5038 0.0000
vt 0.8258 0.4826 0.0000
vt 0.8258 0.4740 0.0000
vt 0.9399 0.4740 0.0000
vt 0.9399 0.4826 0.0000
vt 0.9223 0.2913 0.0000
vt 0.9065 0.2913 0.0000
vt 0.9065 0.2038 0.0000
vt 0.8258 0.4613 0.0000
vt 0.8258 0.4528 0.0000
vt 0.9399 0.4528 0.0000
vt 0.9399 0.4613 0.0000
vt 0.9065 0.3088 0.0000
vt 0.8907 0.3088 0.0000
vt 0.8907 0.2038 0.0000
vt 0.8907 0.3263 0.0000
vt 0.8749 0.3263 0.0000
vt 0.8749 0.2038 0.0000
vt 0.8258 0.4401 0.0000
vt 0.8258 0.4315 0.0000
vt 0.9399 0.4315 0.0000
vt 0.9399 0.4401 0.0000
vt 0.8749 0.3438 0.0000
vt 0.8591 0.3438 0.0000
vt 0.8591 0.2038 0.0000
vt 0.8258 0.4189 0.0000
vt 0.8258 0.4103 0.0000
vt 0.9399 0.4103 0.0000
vt 0.9399 0.4189 0.0000
vt 0.8591 0.3613 0.0000
vt 0.8433 0.3613 0.0000
vt 0.8433 0.2038 0.0000
vt 0.8258 0.3977 0.0000
vt 0.8258 0.3891 0.0000
vt 0.9399 0.3891 0.0000
vt 0.9399 0.3977 0.0000
vt 0.8433 0.3789 0.0000
vt 0.8275 0.3789 0.0000
vt 0.8275 0.2038 0.0000
vt 0.1712 0.9260 0.0000
vt 0.1712 0.7043 0.0000
vt 0.1751 0.3116 0.0000
vt 0.1751 0.0898 0.0000
vt 0.1724 0.6991 0.0000
vt 0.1723 0.3204 0.0000
vt 0.5757 0.1173 0.0000
vt 0.2119 0.1174 0.0000
vt 0.2287 0.3178 0.0000
vt 0.6815 0.3178 0.0000
vt 0.6815 0.5814 0.0000
vt 0.2287 0.5814 0.0000
vt 0.1712 0.3116 0.0000
vt 0.1712 0.0898 0.0000
vt 0.1658 0.6992 0.0000
vt 0.1657 0.3204 0.0000
vt 0.5758 0.1237 0.0000
vt 0.2120 0.1238 0.0000
vt 0.6491 0.5951 0.0000
vt 0.6678 0.5945 0.0000
vt 0.6679 0.6435 0.0000
vt 0.6493 0.6443 0.0000
vt 0.6683 0.6930 0.0000
vt 0.6498 0.6937 0.0000
vt 0.6688 0.7425 0.0000
vt 0.6501 0.7417 0.0000
vt 0.6683 0.7913 0.0000
vt 0.6502 0.7912 0.0000
vt 0.6683 0.8409 0.0000
vt 0.6503 0.8406 0.0000
vt 0.6692 0.8895 0.0000
vt 0.6502 0.8885 0.0000
vt 0.6686 0.9382 0.0000
vt 0.6502 0.9376 0.0000
vt 0.6690 0.9864 0.0000
vt 0.6502 0.9865 0.0000
vt 0.6304 0.5952 0.0000
vt 0.6308 0.6445 0.0000
vt 0.6310 0.6938 0.0000
vt 0.6312 0.7420 0.0000
vt 0.6314 0.7917 0.0000
vt 0.6313 0.8403 0.0000
vt 0.6314 0.8887 0.0000
vt 0.6314 0.9376 0.0000
vt 0.6313 0.9858 0.0000
vt 0.6117 0.5958 0.0000
vt 0.6120 0.6449 0.0000
vt 0.6122 0.6943 0.0000
vt 0.6124 0.7424 0.0000
vt 0.6124 0.7916 0.0000
vt 0.6125 0.8408 0.0000
vt 0.6126 0.8888 0.0000
vt 0.6126 0.9376 0.0000
vt 0.6126 0.9854 0.0000
vt 0.5930 0.5961 0.0000
vt 0.5930 0.6454 0.0000
vt 0.5934 0.6947 0.0000
vt 0.5936 0.7428 0.0000
vt 0.5936 0.7921 0.0000
vt 0.5937 0.8408 0.0000
vt 0.5938 0.8891 0.0000
vt 0.5938 0.9378 0.0000
vt 0.5938 0.9846 0.0000
vt 0.5743 0.5961 0.0000
vt 0.5744 0.6453 0.0000
vt 0.5746 0.6954 0.0000
vt 0.5748 0.7431 0.0000
vt 0.5748 0.7920 0.0000
vt 0.5749 0.8411 0.0000
vt 0.5750 0.8892 0.0000
vt 0.5750 0.9380 0.0000
vt 0.5750 0.9840 0.0000
vt 0.5557 0.5967 0.0000
vt 0.5561 0.6460 0.0000
vt 0.5558 0.6952 0.0000
vt 0.5560 0.7433 0.0000
vt 0.5560 0.7924 0.0000
vt 0.5562 0.8413 0.0000
vt 0.5562 0.8895 0.0000
vt 0.5563 0.9382 0.0000
vt 0.5561 0.9841 0.0000
vt 0.5370 0.5971 0.0000
vt 0.5373 0.6461 0.0000
vt 0.5371 0.6951 0.0000
vt 0.5372 0.7435 0.0000
vt 0.5372 0.7926 0.0000
vt 0.5374 0.8416 0.0000
vt 0.5374 0.8897 0.0000
vt 0.5375 0.9383 0.0000
vt 0.5373 0.9845 0.0000
vt 0.5183 0.5973 0.0000
vt 0.5185 0.6464 0.0000
vt 0.5183 0.6951 0.0000
vt 0.5185 0.7437 0.0000
vt 0.5185 0.7928 0.0000
vt 0.5186 0.8417 0.0000
vt 0.5186 0.8899 0.0000
vt 0.5187 0.9384 0.0000
vt 0.5185 0.9854 0.0000
vt 0.4995 0.5974 0.0000
vt 0.4997 0.6464 0.0000
vt 0.4995 0.6951 0.0000
vt 0.4997 0.7439 0.0000
vt 0.4997 0.7930 0.0000
vt 0.4998 0.8420 0.0000
vt 0.4998 0.8900 0.0000
vt 0.4999 0.9383 0.0000
vt 0.4998 0.9860 0.0000
vt 0.4808 0.5975 0.0000
vt 0.4809 0.6465 0.0000
vt 0.4808 0.6950 0.0000
vt 0.4810 0.7440 0.0000
vt 0.4810 0.7931 0.0000
vt 0.4810 0.8421 0.0000
vt 0.4810 0.8901 0.0000
vt 0.4811 0.9384 0.0000
vt 0.4811 0.9864 0.0000
vt 0.4620 0.5976 0.0000
vt 0.4621 0.6466 0.0000
vt 0.4620 0.6951 0.0000
vt 0.4622 0.7441 0.0000
vt 0.4622 0.7932 0.0000
vt 0.4623 0.8423 0.0000
vt 0.4622 0.8901 0.0000
vt 0.4622 0.9386 0.0000
vt 0.4623 0.9865 0.0000
vt 0.4433 0.5976 0.0000
vt 0.4433 0.6466 0.0000
vt 0.4433 0.6952 0.0000
vt 0.4434 0.7442 0.0000
vt 0.4435 0.7934 0.0000
vt 0.4434 0.8423 0.0000
vt 0.4434 0.8901 0.0000
vt 0.4434 0.9386 0.0000
vt 0.4434 0.9866 0.0000
vt 0.4245 0.5977 0.0000
vt 0.4245 0.6467 0.0000
vt 0.4245 0.6953 0.0000
vt 0.4246 0.7442 0.0000
vt 0.4247 0.7930 0.0000
vt 0.4246 0.8422 0.0000
vt 0.4246 0.8901 0.0000
vt 0.4246 0.9387 0.0000
vt 0.4246 0.9865 0.0000
vt 0.4058 0.5978 0.0000
vt 0.4056 0.6467 0.0000
vt 0.4057 0.6954 0.0000
vt 0.4058 0.7443 0.0000
vt 0.4059 0.7932 0.0000
vt 0.4058 0.8420 0.0000
vt 0.4059 0.8901 0.0000
vt 0.4057 0.9386 0.0000
vt 0.4058 0.9866 0.0000
vt 0.3870 0.5977 0.0000
vt 0.3868 0.6466 0.0000
vt 0.3870 0.6954 0.0000
vt 0.3869 0.7442 0.0000
vt 0.3871 0.7927 0.0000
vt 0.3870 0.8421 0.0000
vt 0.3871 0.8900 0.0000
vt 0.3869 0.9386 0.0000
vt 0.3871 0.9864 0.0000
vt 0.3683 0.5975 0.0000
vt 0.3680 0.6464 0.0000
vt 0.3682 0.6955 0.0000
vt 0.3681 0.7442 0.0000
vt 0.3682 0.7929 0.0000
vt 0.3682 0.8419 0.0000
vt 0.3683 0.8899 0.0000
vt 0.3681 0.9385 0.0000
vt 0.3683 0.9862 0.0000
vt 0.3496 0.5969 0.0000
vt 0.3493 0.6460 0.0000
vt 0.3493 0.6956 0.0000
vt 0.3493 0.7441 0.0000
vt 0.3495 0.7928 0.0000
vt 0.3493 0.8421 0.0000
vt 0.3494 0.8897 0.0000
vt 0.3493 0.9385 0.0000
vt 0.3496 0.9856 0.0000
vt 0.3310 0.5965 0.0000
vt 0.3308 0.6457 0.0000
vt 0.3305 0.6954 0.0000
vt 0.3305 0.7441 0.0000
vt 0.3307 0.7926 0.0000
vt 0.3305 0.8415 0.0000
vt 0.3306 0.8896 0.0000
vt 0.3305 0.9385 0.0000
vt 0.3308 0.9851 0.0000
vt 0.3123 0.5961 0.0000
vt 0.3121 0.6451 0.0000
vt 0.3119 0.6941 0.0000
vt 0.3117 0.7441 0.0000
vt 0.3120 0.7924 0.0000
vt 0.3117 0.8417 0.0000
vt 0.3118 0.8894 0.0000
vt 0.3117 0.9384 0.0000
vt 0.3118 0.9856 0.0000
vt 0.2938 0.5961 0.0000
vt 0.2939 0.6454 0.0000
vt 0.2936 0.6947 0.0000
vt 0.2930 0.7437 0.0000
vt 0.2933 0.7920 0.0000
vt 0.2929 0.8408 0.0000
vt 0.2931 0.8892 0.0000
vt 0.2929 0.9381 0.0000
vt 0.2930 0.9861 0.0000
vt 0.2752 0.5959 0.0000
vt 0.2751 0.6450 0.0000
vt 0.2747 0.6945 0.0000
vt 0.2743 0.7435 0.0000
vt 0.2746 0.7917 0.0000
vt 0.2742 0.8408 0.0000
vt 0.2743 0.8891 0.0000
vt 0.2741 0.9378 0.0000
vt 0.2741 0.9863 0.0000
vt 0.2566 0.5952 0.0000
vt 0.2565 0.6447 0.0000
vt 0.2558 0.6928 0.0000
vt 0.2555 0.7432 0.0000
vt 0.2558 0.7912 0.0000
vt 0.2555 0.8401 0.0000
vt 0.2555 0.8889 0.0000
vt 0.2554 0.9374 0.0000
vt 0.2553 0.9865 0.0000
vt 0.2380 0.5951 0.0000
vt 0.2375 0.6441 0.0000
vt 0.2372 0.6932 0.0000
vt 0.2369 0.7426 0.0000
vt 0.2371 0.7911 0.0000
vt 0.2372 0.8411 0.0000
vt 0.2368 0.8894 0.0000
vt 0.2369 0.9384 0.0000
vt 0.2367 0.9863 0.0000
vt 0.2204 0.5960 0.0000
vt 0.2200 0.6447 0.0000
vt 0.2199 0.6937 0.0000
vt 0.2191 0.7425 0.0000
vt 0.2184 0.7915 0.0000
vt 0.2184 0.8405 0.0000
vt 0.2181 0.8892 0.0000
vt 0.2181 0.9382 0.0000
vt 0.2180 0.9867 0.0000
vt 0.6863 0.5949 0.0000
vt 0.6864 0.6437 0.0000
vt 0.6866 0.6926 0.0000
vt 0.6870 0.7416 0.0000
vt 0.6872 0.7909 0.0000
vt 0.6872 0.8403 0.0000
vt 0.6877 0.8894 0.0000
vt 0.6874 0.9384 0.0000
vt 0.6875 0.9872 0.0000
vt 0.9309 0.8792 0.0000
vt 0.9266 0.8792 0.0000
vt 0.9265 0.7774 0.0000
vt 0.9308 0.7774 0.0000
vt 0.9265 0.7742 0.0000
vt 0.7111 0.7776 0.0000
vt 0.7111 0.7744 0.0000
vt 0.7069 0.7776 0.0000
vt 0.7112 0.8794 0.0000
vt 0.7069 0.8794 0.0000
vt 0.7112 0.8826 0.0000
vt 0.9266 0.8824 0.0000
vt 0.7132 0.7716 0.0000
vt 0.9206 0.7714 0.0000
vt 0.7152 0.8854 0.0000
vt 0.9245 0.8852 0.0000
vt 0.9245 0.8880 0.0000
vt 0.7152 0.8882 0.0000
vt 0.9331 0.7784 0.0000
vt 0.9332 0.8775 0.0000
vt 0.7046 0.8779 0.0000
vt 0.7045 0.7787 0.0000
vt 0.9266 0.9967 0.0000
vt 0.7117 0.9969 0.0000
vt 0.7116 0.8959 0.0000
vt 0.9265 0.8956 0.0000
vt 0.7132 0.7689 0.0000
vt 0.9205 0.7687 0.0000
vt 0.7019 0.8779 0.0000
vt 0.7019 0.7787 0.0000
vt 0.9358 0.7784 0.0000
vt 0.9359 0.8775 0.0000
vt 0.7361 0.6866 0.0000
vt 0.7420 0.6823 0.0000
vt 0.8352 0.7517 0.0000
vt 0.8328 0.7582 0.0000
vt 0.9431 0.6674 0.0000
vt 0.9384 0.6738 0.0000
vt 0.7847 0.5594 0.0000
vt 0.7894 0.5530 0.0000
vt 0.7527 0.5696 0.0000
vt 0.7604 0.5812 0.0000
vt 0.7415 0.6596 0.0000
vt 0.7314 0.6606 0.0000
vt 0.8633 0.7625 0.0000
vt 0.8588 0.7546 0.0000
vt 0.9372 0.7054 0.0000
vt 0.9431 0.7122 0.0000
vt 0.7447 0.5662 0.0000
vt 0.7231 0.6588 0.0000
vt 0.8434 0.7552 0.0000
vt 0.8429 0.7625 0.0000
vt 0.8514 0.7563 0.0000
vt 0.8535 0.7642 0.0000
vt 0.7288 0.6779 0.0000
vt 0.7360 0.6756 0.0000
vt 0.7244 0.6682 0.0000
vt 0.7324 0.6683 0.0000
vt 0.8564 0.7446 0.0000
vt 0.8490 0.7462 0.0000
vt 0.8467 0.7392 0.0000
vt 0.8525 0.7379 0.0000
vt 0.7427 0.6673 0.0000
vt 0.7463 0.6752 0.0000
vt 0.7522 0.6820 0.0000
vt 0.8322 0.7420 0.0000
vt 0.8405 0.7454 0.0000
vt 0.9237 0.7018 0.0000
vt 0.9233 0.6735 0.0000
vt 0.7892 0.5737 0.0000
vt 0.7844 0.5801 0.0000
vt 0.9185 0.6800 0.0000
vt 0.9059 0.6815 0.0000
vt 0.7865 0.5927 0.0000
vt 0.9182 0.6956 0.0000
vt 0.7527 0.6729 0.0000
vt 0.7574 0.6782 0.0000
vt 0.8342 0.7357 0.0000
vt 0.8405 0.7385 0.0000
vt 0.7502 0.6672 0.0000
vt 0.7685 0.5848 0.0000
vt 0.7496 0.6612 0.0000
vt 0.7665 0.6754 0.0000
vt 0.7615 0.6699 0.0000
vt 0.7667 0.6675 0.0000
vt 0.7712 0.6714 0.0000
vt 0.8530 0.7295 0.0000
vt 0.9067 0.6941 0.0000
vt 0.8342 0.7262 0.0000
vt 0.8408 0.7294 0.0000
vt 0.7581 0.6639 0.0000
vt 0.8475 0.7307 0.0000
vt 0.7737 0.5954 0.0000
vt 0.7573 0.6579 0.0000
vt 0.7818 0.5991 0.0000
vt 0.9011 0.6880 0.0000
vt 0.8495 0.7235 0.0000
vt 0.8457 0.7247 0.0000
vt 0.8414 0.7236 0.0000
vt 0.8368 0.7206 0.0000
vt 0.7645 0.6636 0.0000
vt 0.7646 0.6595 0.0000
vt 0.7784 0.3261 0.0000
vt 0.7784 0.4679 0.0000
vt 0.7330 0.4679 0.0000
vt 0.7330 0.3261 0.0000
vt 0.7213 0.4882 0.0000
vt 0.6986 0.4882 0.0000
vt 0.6986 0.3261 0.0000
vt 0.8128 0.4882 0.0000
vt 0.8128 0.3261 0.0000
vt 0.8145 0.3291 0.0000
vt 0.8145 0.4853 0.0000
vt 0.7901 0.4882 0.0000
vt 0.4147 0.2750 0.0000
vt 0.5561 0.2750 0.0000
vt 0.5561 0.2784 0.0000
vt 0.4147 0.2784 0.0000
vt 0.4090 0.2718 0.0000
vt 0.5618 0.2718 0.0000
vt 0.7330 0.5360 0.0000
vt 0.7784 0.5360 0.0000
vt 0.7767 0.5390 0.0000
vt 0.7347 0.5390 0.0000
vt 0.6969 0.4853 0.0000
vt 0.6969 0.3291 0.0000
vt 0.4133 0.1496 0.0000
vt 0.5551 0.1496 0.0000
vt 0.5551 0.1877 0.0000
vt 0.4133 0.1877 0.0000
vt 0.8162 0.3291 0.0000
vt 0.8162 0.4853 0.0000
vt 0.7767 0.5420 0.0000
vt 0.7347 0.5420 0.0000
vt 0.6952 0.4853 0.0000
vt 0.6952 0.3291 0.0000
vt 0.7784 0.4966 0.0000
vt 0.7330 0.4966 0.0000
vt 0.2937 0.3010 0.0000
vt 0.2937 0.2568 0.0000
vt 0.3903 0.2568 0.0000
vt 0.3903 0.3010 0.0000
vt 0.7615 0.0127 0.0000
vt 0.7160 0.0127 0.0000
vt 0.7160 0.0093 0.0000
vt 0.7615 0.0093 0.0000
vt 0.7160 0.0059 0.0000
vt 0.7615 0.0059 0.0000
vt 0.7615 0.0195 0.0000
vt 0.7160 0.0195 0.0000
vt 0.7160 0.0161 0.0000
vt 0.7615 0.0161 0.0000
vt 0.6706 0.0127 0.0000
vt 0.6706 0.0093 0.0000
vt 0.7160 0.0228 0.0000
vt 0.6706 0.0228 0.0000
vt 0.6706 0.0195 0.0000
vt 0.6706 0.0161 0.0000
vt 0.6251 0.0127 0.0000
vt 0.6251 0.0093 0.0000
vt 0.6251 0.0228 0.0000
vt 0.6251 0.0195 0.0000
vt 0.6251 0.0161 0.0000
vt 0.7615 0.0228 0.0000
vt 0.5797 0.0127 0.0000
vt 0.5797 0.0093 0.0000
vt 0.5797 0.0228 0.0000
vt 0.5797 0.0195 0.0000
vt 0.5797 0.0161 0.0000
vt 0.5343 0.0127 0.0000
vt 0.5343 0.0093 0.0000
vt 0.5343 0.0059 0.0000
vt 0.5797 0.0059 0.0000
vt 0.5343 0.0195 0.0000
vt 0.5343 0.0161 0.0000
vt 0.4888 0.0127 0.0000
vt 0.4888 0.0093 0.0000
vt 0.5343 0.0228 0.0000
vt 0.4888 0.0228 0.0000
vt 0.4888 0.0195 0.0000
vt 0.4888 0.0161 0.0000
vt 0.4434 0.0127 0.0000
vt 0.4434 0.0093 0.0000
vt 0.4434 0.0228 0.0000
vt 0.4434 0.0195 0.0000
vt 0.4434 0.0161 0.0000
vt 0.3980 0.0127 0.0000
vt 0.3525 0.0127 0.0000
vt 0.3525 0.0093 0.0000
vt 0.3980 0.0093 0.0000
vt 0.3525 0.0059 0.0000
vt 0.3980 0.0059 0.0000
vt 0.3980 0.0195 0.0000
vt 0.3525 0.0195 0.0000
vt 0.3525 0.0161 0.0000
vt 0.3980 0.0161 0.0000
vt 0.3071 0.0127 0.0000
vt 0.3071 0.0093 0.0000
vt 0.3525 0.0228 0.0000
vt 0.3071 0.0228 0.0000
vt 0.3071 0.0195 0.0000
vt 0.3071 0.0161 0.0000
vt 0.2617 0.0127 0.0000
vt 0.2617 0.0093 0.0000
vt 0.2617 0.0228 0.0000
vt 0.2617 0.0195 0.0000
vt 0.2617 0.0161 0.0000
vt 0.3980 0.0228 0.0000
vt 0.9887 0.0473 0.0000
vt 0.9432 0.0473 0.0000
vt 0.9432 0.0440 0.0000
vt 0.9887 0.0440 0.0000
vt 0.9887 0.0575 0.0000
vt 0.9432 0.0575 0.0000
vt 0.9432 0.0541 0.0000
vt 0.9887 0.0541 0.0000
vt 0.9432 0.0507 0.0000
vt 0.9887 0.0507 0.0000
vt 0.8978 0.0473 0.0000
vt 0.8978 0.0440 0.0000
vt 0.8978 0.0406 0.0000
vt 0.9432 0.0406 0.0000
vt 0.8978 0.0541 0.0000
vt 0.8978 0.0507 0.0000
vt 0.8523 0.0473 0.0000
vt 0.8523 0.0440 0.0000
vt 0.8978 0.0575 0.0000
vt 0.8523 0.0575 0.0000
vt 0.8523 0.0541 0.0000
vt 0.8523 0.0507 0.0000
vt 0.8069 0.0473 0.0000
vt 0.8069 0.0439 0.0000
vt 0.8069 0.0575 0.0000
vt 0.8069 0.0541 0.0000
vt 0.8069 0.0507 0.0000
vt 0.7615 0.0473 0.0000
vt 0.7160 0.0473 0.0000
vt 0.7160 0.0439 0.0000
vt 0.7615 0.0439 0.0000
vt 0.7160 0.0406 0.0000
vt 0.7615 0.0406 0.0000
vt 0.7615 0.0541 0.0000
vt 0.7160 0.0541 0.0000
vt 0.7160 0.0507 0.0000
vt 0.7615 0.0507 0.0000
vt 0.6706 0.0473 0.0000
vt 0.6706 0.0439 0.0000
vt 0.7160 0.0575 0.0000
vt 0.6706 0.0575 0.0000
vt 0.6706 0.0541 0.0000
vt 0.6706 0.0507 0.0000
vt 0.6251 0.0473 0.0000
vt 0.6251 0.0440 0.0000
vt 0.6251 0.0575 0.0000
vt 0.6251 0.0541 0.0000
vt 0.6251 0.0507 0.0000
vt 0.7615 0.0575 0.0000
vt 0.5797 0.0473 0.0000
vt 0.5797 0.0440 0.0000
vt 0.5797 0.0575 0.0000
vt 0.5797 0.0541 0.0000
vt 0.5797 0.0507 0.0000
vt 0.5343 0.0473 0.0000
vt 0.5343 0.0440 0.0000
vt 0.5343 0.0406 0.0000
vt 0.5797 0.0406 0.0000
vt 0.5343 0.0541 0.0000
vt 0.5343 0.0507 0.0000
vt 0.4888 0.0473 0.0000
vt 0.4888 0.0440 0.0000
vt 0.5343 0.0575 0.0000
vt 0.4888 0.0575 0.0000
vt 0.4888 0.0541 0.0000
vt 0.4888 0.0507 0.0000
vt 0.4434 0.0473 0.0000
vt 0.4434 0.0440 0.0000
vt 0.4434 0.0575 0.0000
vt 0.4434 0.0541 0.0000
vt 0.4434 0.0507 0.0000
vt 0.3980 0.0473 0.0000
vt 0.3525 0.0473 0.0000
vt 0.3525 0.0440 0.0000
vt 0.3980 0.0440 0.0000
vt 0.3525 0.0406 0.0000
vt 0.3980 0.0406 0.0000
vt 0.3980 0.0541 0.0000
vt 0.3525 0.0541 0.0000
vt 0.3525 0.0507 0.0000
vt 0.3980 0.0507 0.0000
vt 0.3071 0.0473 0.0000
vt 0.3071 0.0440 0.0000
vt 0.3525 0.0575 0.0000
vt 0.3071 0.0575 0.0000
vt 0.3071 0.0541 0.0000
vt 0.3071 0.0507 0.0000
vt 0.2617 0.0473 0.0000
vt 0.2617 0.0440 0.0000
vt 0.2617 0.0575 0.0000
vt 0.2617 0.0541 0.0000
vt 0.2617 0.0507 0.0000
vt 0.3980 0.0575 0.0000
vt 0.9887 0.0647 0.0000
vt 0.9432 0.0647 0.0000
vt 0.9432 0.0613 0.0000
vt 0.9887 0.0613 0.0000
vt 0.9887 0.0749 0.0000
vt 0.9432 0.0749 0.0000
vt 0.9432 0.0715 0.0000
vt 0.9887 0.0715 0.0000
vt 0.9432 0.0681 0.0000
vt 0.9887 0.0681 0.0000
vt 0.8978 0.0647 0.0000
vt 0.8978 0.0613 0.0000
vt 0.8978 0.0579 0.0000
vt 0.9432 0.0579 0.0000
vt 0.8978 0.0715 0.0000
vt 0.8978 0.0681 0.0000
vt 0.8523 0.0647 0.0000
vt 0.8523 0.0613 0.0000
vt 0.8978 0.0749 0.0000
vt 0.8523 0.0749 0.0000
vt 0.8523 0.0715 0.0000
vt 0.8523 0.0681 0.0000
vt 0.8069 0.0647 0.0000
vt 0.8069 0.0613 0.0000
vt 0.8069 0.0749 0.0000
vt 0.8069 0.0715 0.0000
vt 0.8069 0.0681 0.0000
vt 0.7615 0.0647 0.0000
vt 0.7160 0.0647 0.0000
vt 0.7160 0.0613 0.0000
vt 0.7615 0.0613 0.0000
vt 0.7160 0.0579 0.0000
vt 0.7615 0.0579 0.0000
vt 0.7615 0.0715 0.0000
vt 0.7160 0.0715 0.0000
vt 0.7160 0.0681 0.0000
vt 0.7615 0.0681 0.0000
vt 0.6706 0.0647 0.0000
vt 0.6706 0.0613 0.0000
vt 0.7160 0.0749 0.0000
vt 0.6706 0.0749 0.0000
vt 0.6706 0.0715 0.0000
vt 0.6706 0.0681 0.0000
vt 0.6251 0.0647 0.0000
vt 0.6251 0.0613 0.0000
vt 0.6251 0.0749 0.0000
vt 0.6251 0.0715 0.0000
vt 0.6251 0.0681 0.0000
vt 0.7615 0.0749 0.0000
vt 0.5797 0.0647 0.0000
vt 0.5797 0.0613 0.0000
vt 0.5797 0.0749 0.0000
vt 0.5797 0.0715 0.0000
vt 0.5797 0.0681 0.0000
vt 0.5343 0.0647 0.0000
vt 0.5343 0.0613 0.0000
vt 0.5343 0.0579 0.0000
vt 0.5797 0.0579 0.0000
vt 0.5343 0.0715 0.0000
vt 0.5343 0.0681 0.0000
vt 0.4888 0.0647 0.0000
vt 0.4888 0.0613 0.0000
vt 0.5343 0.0749 0.0000
vt 0.4888 0.0749 0.0000
vt 0.4888 0.0715 0.0000
vt 0.4888 0.0681 0.0000
vt 0.4434 0.0647 0.0000
vt 0.4434 0.0613 0.0000
vt 0.4434 0.0749 0.0000
vt 0.4434 0.0715 0.0000
vt 0.4434 0.0681 0.0000
vt 0.3980 0.0647 0.0000
vt 0.3525 0.0647 0.0000
vt 0.3525 0.0613 0.0000
vt 0.3980 0.0613 0.0000
vt 0.3525 0.0579 0.0000
vt 0.3980 0.0579 0.0000
vt 0.3980 0.0715 0.0000
vt 0.3525 0.0715 0.0000
vt 0.3525 0.0681 0.0000
vt 0.3980 0.0681 0.0000
vt 0.3071 0.0647 0.0000
vt 0.3071 0.0613 0.0000
vt 0.3525 0.0749 0.0000
vt 0.3071 0.0749 0.0000
vt 0.3071 0.0715 0.0000
vt 0.3071 0.0681 0.0000
vt 0.2617 0.0647 0.0000
vt 0.2617 0.0613 0.0000
vt 0.2617 0.0749 0.0000
vt 0.2617 0.0715 0.0000
vt 0.2617 0.0681 0.0000
vt 0.3980 0.0749 0.0000
vt 0.9887 0.0300 0.0000
vt 0.9432 0.0300 0.0000
vt 0.9432 0.0266 0.0000
vt 0.9887 0.0266 0.0000
vt 0.9887 0.0402 0.0000
vt 0.9432 0.0402 0.0000
vt 0.9432 0.0368 0.0000
vt 0.9887 0.0368 0.0000
vt 0.9432 0.0334 0.0000
vt 0.9887 0.0334 0.0000
vt 0.8978 0.0300 0.0000
vt 0.8978 0.0266 0.0000
vt 0.8978 0.0232 0.0000
vt 0.9432 0.0232 0.0000
vt 0.8978 0.0368 0.0000
vt 0.8978 0.0334 0.0000
vt 0.8523 0.0300 0.0000
vt 0.8523 0.0266 0.0000
vt 0.8978 0.0402 0.0000
vt 0.8523 0.0402 0.0000
vt 0.8523 0.0368 0.0000
vt 0.8523 0.0334 0.0000
vt 0.8069 0.0300 0.0000
vt 0.8069 0.0266 0.0000
vt 0.8069 0.0402 0.0000
vt 0.8069 0.0368 0.0000
vt 0.8069 0.0334 0.0000
vt 0.7615 0.0300 0.0000
vt 0.7160 0.0300 0.0000
vt 0.7160 0.0266 0.0000
vt 0.7615 0.0266 0.0000
vt 0.7160 0.0232 0.0000
vt 0.7615 0.0232 0.0000
vt 0.7615 0.0368 0.0000
vt 0.7160 0.0368 0.0000
vt 0.7160 0.0334 0.0000
vt 0.7615 0.0334 0.0000
vt 0.6706 0.0300 0.0000
vt 0.6706 0.0266 0.0000
vt 0.7160 0.0402 0.0000
vt 0.6706 0.0402 0.0000
vt 0.6706 0.0368 0.0000
vt 0.6706 0.0334 0.0000
vt 0.6251 0.0300 0.0000
vt 0.6251 0.0266 0.0000
vt 0.6251 0.0402 0.0000
vt 0.6251 0.0368 0.0000
vt 0.6251 0.0334 0.0000
vt 0.7615 0.0402 0.0000
vt 0.5797 0.0300 0.0000
vt 0.5797 0.0266 0.0000
vt 0.5797 0.0402 0.0000
vt 0.5797 0.0368 0.0000
vt 0.5797 0.0334 0.0000
vt 0.5343 0.0300 0.0000
vt 0.5343 0.0266 0.0000
vt 0.5343 0.0232 0.0000
vt 0.5797 0.0232 0.0000
vt 0.5343 0.0368 0.0000
vt 0.5343 0.0334 0.0000
vt 0.4888 0.0300 0.0000
vt 0.4888 0.0266 0.0000
vt 0.5343 0.0402 0.0000
vt 0.4888 0.0402 0.0000
vt 0.4888 0.0368 0.0000
vt 0.4888 0.0334 0.0000
vt 0.4434 0.0300 0.0000
vt 0.4434 0.0266 0.0000
vt 0.4434 0.0402 0.0000
vt 0.4434 0.0368 0.0000
vt 0.4434 0.0334 0.0000
vt 0.3980 0.0300 0.0000
vt 0.3525 0.0300 0.0000
vt 0.3525 0.0266 0.0000
vt 0.3980 0.0266 0.0000
vt 0.3525 0.0232 0.0000
vt 0.3980 0.0232 0.0000
vt 0.3980 0.0368 0.0000
vt 0.3525 0.0368 0.0000
vt 0.3525 0.0334 0.0000
vt 0.3980 0.0334 0.0000
vt 0.3071 0.0300 0.0000
vt 0.3071 0.0266 0.0000
vt 0.3525 0.0402 0.0000
vt 0.3071 0.0402 0.0000
vt 0.3071 0.0368 0.0000
vt 0.3071 0.0334 0.0000
vt 0.2617 0.0300 0.0000
vt 0.2617 0.0266 0.0000
vt 0.2617 0.0402 0.0000
vt 0.2617 0.0368 0.0000
vt 0.2617 0.0334 0.0000
vt 0.3980 0.0402 0.0000
vt 0.0278 0.5455 0.0000
vt 0.0278 0.5909 0.0000
vt 0.0251 0.5909 0.0000
vt 0.0251 0.5455 0.0000
vt 0.0373 0.5455 0.0000
vt 0.0373 0.5909 0.0000
vt 0.0339 0.5909 0.0000
vt 0.0339 0.5455 0.0000
vt 0.0312 0.5909 0.0000
vt 0.0312 0.5455 0.0000
vt 0.0312 0.6818 0.0000
vt 0.0312 0.7272 0.0000
vt 0.0278 0.7272 0.0000
vt 0.0278 0.6818 0.0000
vt 0.0339 0.6818 0.0000
vt 0.0339 0.7272 0.0000
vt 0.0373 0.6818 0.0000
vt 0.0373 0.7272 0.0000
vt 0.0251 0.7272 0.0000
vt 0.0251 0.6818 0.0000
vt 0.0312 0.6364 0.0000
vt 0.0278 0.6364 0.0000
vt 0.0339 0.6364 0.0000
vt 0.0373 0.6364 0.0000
vt 0.0251 0.6364 0.0000
vt 0.0217 0.6364 0.0000
vt 0.0217 0.5909 0.0000
vt 0.0312 0.5001 0.0000
vt 0.0278 0.5001 0.0000
vt 0.0339 0.5001 0.0000
vt 0.0373 0.5001 0.0000
vt 0.0251 0.5001 0.0000
vt 0.0312 0.4546 0.0000
vt 0.0278 0.4546 0.0000
vt 0.0339 0.4546 0.0000
vt 0.0373 0.4546 0.0000
vt 0.0251 0.4546 0.0000
vt 0.0312 0.4092 0.0000
vt 0.0278 0.4092 0.0000
vt 0.0339 0.4092 0.0000
vt 0.0251 0.4092 0.0000
vt 0.0217 0.4546 0.0000
vt 0.0217 0.4092 0.0000
vt 0.0312 0.3637 0.0000
vt 0.0278 0.3637 0.0000
vt 0.0339 0.3637 0.0000
vt 0.0373 0.3637 0.0000
vt 0.0373 0.4092 0.0000
vt 0.0251 0.3637 0.0000
vt 0.0278 0.1820 0.0000
vt 0.0278 0.2274 0.0000
vt 0.0251 0.2274 0.0000
vt 0.0251 0.1820 0.0000
vt 0.0373 0.1820 0.0000
vt 0.0373 0.2274 0.0000
vt 0.0339 0.2274 0.0000
vt 0.0339 0.1820 0.0000
vt 0.0312 0.2274 0.0000
vt 0.0312 0.1820 0.0000
vt 0.0312 0.3183 0.0000
vt 0.0278 0.3183 0.0000
vt 0.0339 0.3183 0.0000
vt 0.0373 0.3183 0.0000
vt 0.0251 0.3183 0.0000
vt 0.0312 0.2729 0.0000
vt 0.0278 0.2729 0.0000
vt 0.0339 0.2729 0.0000
vt 0.0373 0.2729 0.0000
vt 0.0251 0.2729 0.0000
vt 0.0217 0.2729 0.0000
vt 0.0217 0.2274 0.0000
vt 0.0312 0.1365 0.0000
vt 0.0278 0.1365 0.0000
vt 0.0339 0.1365 0.0000
vt 0.0373 0.1365 0.0000
vt 0.0251 0.1365 0.0000
vt 0.0312 0.0911 0.0000
vt 0.0278 0.0911 0.0000
vt 0.0339 0.0911 0.0000
vt 0.0373 0.0911 0.0000
vt 0.0251 0.0911 0.0000
vt 0.0312 0.0456 0.0000
vt 0.0278 0.0456 0.0000
vt 0.0339 0.0456 0.0000
vt 0.0251 0.0456 0.0000
vt 0.0217 0.0911 0.0000
vt 0.0217 0.0456 0.0000
vt 0.0312 0.0002 0.0000
vt 0.0278 0.0002 0.0000
vt 0.0339 0.0002 0.0000
vt 0.0373 0.0002 0.0000
vt 0.0373 0.0456 0.0000
vt 0.0251 0.0002 0.0000
vt 0.0118 0.5455 0.0000
vt 0.0118 0.5909 0.0000
vt 0.0090 0.5909 0.0000
vt 0.0090 0.5455 0.0000
vt 0.0213 0.5455 0.0000
vt 0.0213 0.5909 0.0000
vt 0.0179 0.5909 0.0000
vt 0.0179 0.5455 0.0000
vt 0.0152 0.5909 0.0000
vt 0.0152 0.5455 0.0000
vt 0.0152 0.6818 0.0000
vt 0.0152 0.7272 0.0000
vt 0.0118 0.7272 0.0000
vt 0.0118 0.6818 0.0000
vt 0.0179 0.6818 0.0000
vt 0.0179 0.7272 0.0000
vt 0.0213 0.6818 0.0000
vt 0.0213 0.7272 0.0000
vt 0.0090 0.7272 0.0000
vt 0.0090 0.6818 0.0000
vt 0.0152 0.6364 0.0000
vt 0.0118 0.6364 0.0000
vt 0.0179 0.6364 0.0000
vt 0.0213 0.6364 0.0000
vt 0.0090 0.6364 0.0000
vt 0.0057 0.6364 0.0000
vt 0.0057 0.5909 0.0000
vt 0.0152 0.5001 0.0000
vt 0.0118 0.5001 0.0000
vt 0.0179 0.5001 0.0000
vt 0.0213 0.5001 0.0000
vt 0.0090 0.5001 0.0000
vt 0.0152 0.4546 0.0000
vt 0.0118 0.4546 0.0000
vt 0.0179 0.4546 0.0000
vt 0.0213 0.4546 0.0000
vt 0.0090 0.4546 0.0000
vt 0.0152 0.4092 0.0000
vt 0.0118 0.4092 0.0000
vt 0.0179 0.4092 0.0000
vt 0.0090 0.4092 0.0000
vt 0.0057 0.4546 0.0000
vt 0.0057 0.4092 0.0000
vt 0.0152 0.3637 0.0000
vt 0.0118 0.3637 0.0000
vt 0.0179 0.3637 0.0000
vt 0.0213 0.3637 0.0000
vt 0.0213 0.4092 0.0000
vt 0.0090 0.3637 0.0000
vt 0.0118 0.1820 0.0000
vt 0.0118 0.2274 0.0000
vt 0.0090 0.2274 0.0000
vt 0.0090 0.1820 0.0000
vt 0.0213 0.1820 0.0000
vt 0.0213 0.2274 0.0000
vt 0.0179 0.2274 0.0000
vt 0.0179 0.1820 0.0000
vt 0.0152 0.2274 0.0000
vt 0.0152 0.1820 0.0000
vt 0.0152 0.3183 0.0000
vt 0.0118 0.3183 0.0000
vt 0.0179 0.3183 0.0000
vt 0.0213 0.3183 0.0000
vt 0.0090 0.3183 0.0000
vt 0.0152 0.2729 0.0000
vt 0.0118 0.2729 0.0000
vt 0.0179 0.2729 0.0000
vt 0.0213 0.2729 0.0000
vt 0.0090 0.2729 0.0000
vt 0.0057 0.2729 0.0000
vt 0.0057 0.2274 0.0000
vt 0.0152 0.1365 0.0000
vt 0.0118 0.1365 0.0000
vt 0.0179 0.1365 0.0000
vt 0.0213 0.1365 0.0000
vt 0.0090 0.1365 0.0000
vt 0.0152 0.0911 0.0000
vt 0.0118 0.0911 0.0000
vt 0.0179 0.0911 0.0000
vt 0.0213 0.0911 0.0000
vt 0.0090 0.0911 0.0000
vt 0.0152 0.0456 0.0000
vt 0.0118 0.0456 0.0000
vt 0.0179 0.0456 0.0000
vt 0.0090 0.0456 0.0000
vt 0.0057 0.0911 0.0000
vt 0.0057 0.0456 0.0000
vt 0.0152 0.0002 0.0000
vt 0.0118 0.0002 0.0000
vt 0.0179 0.0002 0.0000
vt 0.0213 0.0002 0.0000
vt 0.0213 0.0456 0.0000
vt 0.0090 0.0002 0.0000
vt 0.0434 0.5455 0.0000
vt 0.0434 0.5910 0.0000
vt 0.0411 0.5910 0.0000
vt 0.0411 0.5455 0.0000
vt 0.0525 0.5455 0.0000
vt 0.0525 0.5910 0.0000
vt 0.0491 0.5910 0.0000
vt 0.0491 0.5455 0.0000
vt 0.0468 0.5910 0.0000
vt 0.0468 0.5455 0.0000
vt 0.0468 0.6818 0.0000
vt 0.0468 0.7273 0.0000
vt 0.0434 0.7273 0.0000
vt 0.0434 0.6818 0.0000
vt 0.0491 0.6818 0.0000
vt 0.0491 0.7273 0.0000
vt 0.0525 0.6818 0.0000
vt 0.0525 0.7273 0.0000
vt 0.0411 0.7273 0.0000
vt 0.0411 0.6818 0.0000
vt 0.0468 0.6364 0.0000
vt 0.0434 0.6364 0.0000
vt 0.0491 0.6364 0.0000
vt 0.0525 0.6364 0.0000
vt 0.0411 0.6364 0.0000
vt 0.0377 0.6364 0.0000
vt 0.0377 0.5910 0.0000
vt 0.0468 0.5001 0.0000
vt 0.0434 0.5001 0.0000
vt 0.0491 0.5001 0.0000
vt 0.0525 0.5001 0.0000
vt 0.0411 0.5001 0.0000
vt 0.0468 0.4547 0.0000
vt 0.0434 0.4547 0.0000
vt 0.0491 0.4547 0.0000
vt 0.0525 0.4547 0.0000
vt 0.0411 0.4547 0.0000
vt 0.0468 0.4092 0.0000
vt 0.0434 0.4092 0.0000
vt 0.0491 0.4092 0.0000
vt 0.0411 0.4092 0.0000
vt 0.0377 0.4547 0.0000
vt 0.0377 0.4092 0.0000
vt 0.0468 0.3638 0.0000
vt 0.0434 0.3638 0.0000
vt 0.0491 0.3638 0.0000
vt 0.0525 0.3638 0.0000
vt 0.0525 0.4092 0.0000
vt 0.0411 0.3638 0.0000
vt 0.0434 0.1820 0.0000
vt 0.0434 0.2274 0.0000
vt 0.0411 0.2274 0.0000
vt 0.0411 0.1820 0.0000
vt 0.0525 0.1820 0.0000
vt 0.0525 0.2274 0.0000
vt 0.0491 0.2274 0.0000
vt 0.0491 0.1820 0.0000
vt 0.0468 0.2274 0.0000
vt 0.0468 0.1820 0.0000
vt 0.0468 0.3183 0.0000
vt 0.0434 0.3183 0.0000
vt 0.0491 0.3183 0.0000
vt 0.0525 0.3183 0.0000
vt 0.0411 0.3183 0.0000
vt 0.0468 0.2729 0.0000
vt 0.0434 0.2729 0.0000
vt 0.0491 0.2729 0.0000
vt 0.0525 0.2729 0.0000
vt 0.0411 0.2729 0.0000
vt 0.0377 0.2729 0.0000
vt 0.0377 0.2274 0.0000
vt 0.0468 0.1365 0.0000
vt 0.0434 0.1365 0.0000
vt 0.0491 0.1365 0.0000
vt 0.0525 0.1365 0.0000
vt 0.0411 0.1365 0.0000
vt 0.0468 0.0911 0.0000
vt 0.0434 0.0911 0.0000
vt 0.0491 0.0911 0.0000
vt 0.0525 0.0911 0.0000
vt 0.0411 0.0911 0.0000
vt 0.0468 0.0456 0.0000
vt 0.0434 0.0456 0.0000
vt 0.0491 0.0456 0.0000
vt 0.0411 0.0456 0.0000
vt 0.0377 0.0911 0.0000
vt 0.0377 0.0456 0.0000
vt 0.0468 0.0002 0.0000
vt 0.0434 0.0002 0.0000
vt 0.0491 0.0002 0.0000
vt 0.0525 0.0002 0.0000
vt 0.0525 0.0456 0.0000
vt 0.0411 0.0002 0.0000
vt 0.0585 0.5455 0.0000
vt 0.0585 0.5909 0.0000
vt 0.0562 0.5909 0.0000
vt 0.0562 0.5455 0.0000
vt 0.0676 0.5455 0.0000
vt 0.0676 0.5909 0.0000
vt 0.0642 0.5909 0.0000
vt 0.0642 0.5455 0.0000
vt 0.0619 0.5909 0.0000
vt 0.0619 0.5455 0.0000
vt 0.0619 0.6818 0.0000
vt 0.0619 0.7272 0.0000
vt 0.0585 0.7272 0.0000
vt 0.0585 0.6818 0.0000
vt 0.0642 0.6818 0.0000
vt 0.0642 0.7272 0.0000
vt 0.0676 0.6818 0.0000
vt 0.0676 0.7272 0.0000
vt 0.0562 0.7272 0.0000
vt 0.0562 0.6818 0.0000
vt 0.0619 0.6364 0.0000
vt 0.0585 0.6364 0.0000
vt 0.0642 0.6364 0.0000
vt 0.0676 0.6364 0.0000
vt 0.0562 0.6364 0.0000
vt 0.0528 0.6364 0.0000
vt 0.0528 0.5909 0.0000
vt 0.0619 0.5001 0.0000
vt 0.0585 0.5001 0.0000
vt 0.0642 0.5001 0.0000
vt 0.0676 0.5001 0.0000
vt 0.0562 0.5001 0.0000
vt 0.0619 0.4546 0.0000
vt 0.0585 0.4546 0.0000
vt 0.0642 0.4546 0.0000
vt 0.0676 0.4546 0.0000
vt 0.0562 0.4546 0.0000
vt 0.0619 0.4092 0.0000
vt 0.0585 0.4092 0.0000
vt 0.0642 0.4092 0.0000
vt 0.0562 0.4092 0.0000
vt 0.0528 0.4546 0.0000
vt 0.0528 0.4092 0.0000
vt 0.0619 0.3637 0.0000
vt 0.0585 0.3637 0.0000
vt 0.0642 0.3637 0.0000
vt 0.0676 0.3637 0.0000
vt 0.0676 0.4092 0.0000
vt 0.0562 0.3637 0.0000
vt 0.0585 0.1820 0.0000
vt 0.0585 0.2274 0.0000
vt 0.0562 0.2274 0.0000
vt 0.0562 0.1820 0.0000
vt 0.0676 0.1820 0.0000
vt 0.0676 0.2274 0.0000
vt 0.0642 0.2274 0.0000
vt 0.0642 0.1820 0.0000
vt 0.0619 0.2274 0.0000
vt 0.0619 0.1820 0.0000
vt 0.0619 0.3183 0.0000
vt 0.0585 0.3183 0.0000
vt 0.0642 0.3183 0.0000
vt 0.0676 0.3183 0.0000
vt 0.0562 0.3183 0.0000
vt 0.0619 0.2729 0.0000
vt 0.0585 0.2729 0.0000
vt 0.0642 0.2729 0.0000
vt 0.0676 0.2729 0.0000
vt 0.0562 0.2729 0.0000
vt 0.0528 0.2729 0.0000
vt 0.0528 0.2274 0.0000
vt 0.1244 0.0002 0.0000
vt 0.1238 0.3082 0.0000
vt 0.1184 0.3082 0.0000
vt 0.1191 0.0002 0.0000
vt 0.0619 0.1365 0.0000
vt 0.0585 0.1365 0.0000
vt 0.0642 0.1365 0.0000
vt 0.0676 0.1365 0.0000
vt 0.0562 0.1365 0.0000
vt 0.0619 0.0911 0.0000
vt 0.0585 0.0911 0.0000
vt 0.0642 0.0911 0.0000
vt 0.0676 0.0911 0.0000
vt 0.0562 0.0911 0.0000
vt 0.0619 0.0456 0.0000
vt 0.0585 0.0456 0.0000
vt 0.0642 0.0456 0.0000
vt 0.0562 0.0456 0.0000
vt 0.0528 0.0911 0.0000
vt 0.0528 0.0456 0.0000
vt 0.0619 0.0002 0.0000
vt 0.0585 0.0002 0.0000
vt 0.0642 0.0002 0.0000
vt 0.0676 0.0002 0.0000
vt 0.0676 0.0456 0.0000
vt 0.0562 0.0002 0.0000
vt 0.1073 0.0002 0.0000
vt 0.1066 0.3082 0.0000
vt 0.1013 0.3082 0.0000
vt 0.1019 0.0002 0.0000
vt 0.0740 0.0002 0.0000
vt 0.0734 0.3082 0.0000
vt 0.0680 0.3082 0.0000
vt 0.0687 0.0003 0.0000
vt 0.0901 0.0002 0.0000
vt 0.0895 0.3082 0.0000
vt 0.0841 0.3082 0.0000
vt 0.0848 0.0002 0.0000
vt 0.0787 0.3082 0.0000
vt 0.0794 0.0002 0.0000
vt 0.1523 0.6162 0.0000
vt 0.1470 0.6161 0.0000
vt 0.1463 0.3082 0.0000
vt 0.1517 0.3082 0.0000
vt 0.1577 0.6162 0.0000
vt 0.1570 0.3082 0.0000
vt 0.1416 0.6161 0.0000
vt 0.1362 0.6161 0.0000
vt 0.1355 0.3081 0.0000
vt 0.1409 0.3082 0.0000
vt 0.1127 0.0002 0.0000
vt 0.1120 0.3082 0.0000
vt 0.0966 0.0002 0.0000
vt 0.0959 0.3082 0.0000
vt 0.0905 0.3082 0.0000
vt 0.0912 0.0003 0.0000
vt 0.1298 0.0002 0.0000
vt 0.1292 0.3082 0.0000
vt 0.1352 0.0002 0.0000
vt 0.1345 0.3082 0.0000
vt 0.1130 0.3082 0.0000
vt 0.1137 0.0003 0.0000
vt 0.0278 0.9090 0.0000
vt 0.0278 0.9544 0.0000
vt 0.0251 0.9544 0.0000
vt 0.0251 0.9090 0.0000
vt 0.0373 0.9090 0.0000
vt 0.0373 0.9544 0.0000
vt 0.0339 0.9544 0.0000
vt 0.0339 0.9090 0.0000
vt 0.0312 0.9544 0.0000
vt 0.0312 0.9090 0.0000
vt 0.0312 0.9998 0.0000
vt 0.0278 0.9998 0.0000
vt 0.0339 0.9998 0.0000
vt 0.0251 0.9998 0.0000
vt 0.0217 0.9998 0.0000
vt 0.0217 0.9544 0.0000
vt 0.0312 0.8635 0.0000
vt 0.0278 0.8635 0.0000
vt 0.0339 0.8635 0.0000
vt 0.0373 0.8635 0.0000
vt 0.0251 0.8635 0.0000
vt 0.0312 0.8181 0.0000
vt 0.0278 0.8181 0.0000
vt 0.0339 0.8181 0.0000
vt 0.0373 0.8181 0.0000
vt 0.0251 0.8181 0.0000
vt 0.0312 0.7727 0.0000
vt 0.0278 0.7727 0.0000
vt 0.0339 0.7727 0.0000
vt 0.0251 0.7727 0.0000
vt 0.0217 0.8181 0.0000
vt 0.0217 0.7727 0.0000
vt 0.0373 0.7727 0.0000
vt 0.0118 0.9090 0.0000
vt 0.0118 0.9544 0.0000
vt 0.0091 0.9544 0.0000
vt 0.0091 0.9090 0.0000
vt 0.0213 0.9090 0.0000
vt 0.0213 0.9544 0.0000
vt 0.0179 0.9544 0.0000
vt 0.0179 0.9090 0.0000
vt 0.0152 0.9544 0.0000
vt 0.0152 0.9090 0.0000
vt 0.0152 0.9998 0.0000
vt 0.0118 0.9998 0.0000
vt 0.0179 0.9998 0.0000
vt 0.0091 0.9998 0.0000
vt 0.0057 0.9998 0.0000
vt 0.0057 0.9544 0.0000
vt 0.0152 0.8635 0.0000
vt 0.0118 0.8635 0.0000
vt 0.0179 0.8635 0.0000
vt 0.0213 0.8635 0.0000
vt 0.0091 0.8635 0.0000
vt 0.0152 0.8181 0.0000
vt 0.0118 0.8181 0.0000
vt 0.0179 0.8181 0.0000
vt 0.0213 0.8181 0.0000
vt 0.0090 0.8181 0.0000
vt 0.0152 0.7727 0.0000
vt 0.0118 0.7727 0.0000
vt 0.0179 0.7727 0.0000
vt 0.0090 0.7727 0.0000
vt 0.0057 0.8181 0.0000
vt 0.0057 0.7727 0.0000
vt 0.0213 0.7727 0.0000
vt 0.0434 0.9090 0.0000
vt 0.0434 0.9544 0.0000
vt 0.0411 0.9544 0.0000
vt 0.0411 0.9090 0.0000
vt 0.0525 0.9090 0.0000
vt 0.0525 0.9544 0.0000
vt 0.0491 0.9544 0.0000
vt 0.0491 0.9090 0.0000
vt 0.0468 0.9544 0.0000
vt 0.0468 0.9090 0.0000
vt 0.0468 0.9998 0.0000
vt 0.0434 0.9998 0.0000
vt 0.0491 0.9998 0.0000
vt 0.0411 0.9998 0.0000
vt 0.0377 0.9998 0.0000
vt 0.0377 0.9544 0.0000
vt 0.0468 0.8636 0.0000
vt 0.0434 0.8636 0.0000
vt 0.0491 0.8636 0.0000
vt 0.0525 0.8636 0.0000
vt 0.0411 0.8636 0.0000
vt 0.0468 0.8181 0.0000
vt 0.0434 0.8181 0.0000
vt 0.0491 0.8181 0.0000
vt 0.0525 0.8181 0.0000
vt 0.0411 0.8181 0.0000
vt 0.0468 0.7727 0.0000
vt 0.0434 0.7727 0.0000
vt 0.0491 0.7727 0.0000
vt 0.0411 0.7727 0.0000
vt 0.0377 0.8181 0.0000
vt 0.0377 0.7727 0.0000
vt 0.0525 0.7727 0.0000
vt 0.0740 0.6162 0.0000
vt 0.0687 0.6162 0.0000
vt 0.0901 0.6161 0.0000
vt 0.0848 0.6161 0.0000
vt 0.0794 0.6161 0.0000
vt 0.1470 0.0002 0.0000
vt 0.1523 0.0002 0.0000
vt 0.1577 0.0003 0.0000
vt 0.1362 0.0002 0.0000
vt 0.1416 0.0002 0.0000
vt 0.1245 0.6161 0.0000
vt 0.1191 0.6162 0.0000
vt 0.1298 0.6161 0.0000
vt 0.1352 0.6161 0.0000
vt 0.1137 0.6162 0.0000
vt 0.0585 0.9090 0.0000
vt 0.0585 0.9544 0.0000
vt 0.0562 0.9544 0.0000
vt 0.0562 0.9090 0.0000
vt 0.0676 0.9090 0.0000
vt 0.0676 0.9544 0.0000
vt 0.0642 0.9544 0.0000
vt 0.0642 0.9090 0.0000
vt 0.0619 0.9544 0.0000
vt 0.0619 0.9090 0.0000
vt 0.1073 0.6161 0.0000
vt 0.1019 0.6161 0.0000
vt 0.1127 0.6161 0.0000
vt 0.0966 0.6162 0.0000
vt 0.0912 0.6162 0.0000
vt 0.0619 0.9998 0.0000
vt 0.0585 0.9998 0.0000
vt 0.0642 0.9998 0.0000
vt 0.0562 0.9998 0.0000
vt 0.0528 0.9998 0.0000
vt 0.0528 0.9544 0.0000
vt 0.0619 0.8635 0.0000
vt 0.0585 0.8635 0.0000
vt 0.0642 0.8635 0.0000
vt 0.0676 0.8635 0.0000
vt 0.0562 0.8635 0.0000
vt 0.0619 0.8181 0.0000
vt 0.0585 0.8181 0.0000
vt 0.0642 0.8181 0.0000
vt 0.0676 0.8181 0.0000
vt 0.0562 0.8181 0.0000
vt 0.0619 0.7727 0.0000
vt 0.0585 0.7727 0.0000
vt 0.0642 0.7727 0.0000
vt 0.0562 0.7727 0.0000
vt 0.0528 0.8181 0.0000
vt 0.0528 0.7727 0.0000
vt 0.0676 0.7727 0.0000
vt 0.6428 0.2109 0.0000
vt 0.6607 0.2234 0.0000
vt 0.6608 0.2824 0.0000
vt 0.6393 0.2959 0.0000
vt 0.5989 0.2537 0.0000
vt 0.4915 0.2537 0.0000
vt 0.4918 0.2424 0.0000
vt 0.5986 0.2425 0.0000
vt 0.4919 0.2297 0.0000
vt 0.5986 0.2298 0.0000
vt 0.4918 0.2132 0.0000
vt 0.5986 0.2133 0.0000
vt 0.4914 0.1983 0.0000
vt 0.5990 0.1982 0.0000
vt 0.6746 0.2245 0.0000
vt 0.6753 0.2816 0.0000
vt 0.7456 0.2720 0.0000
vt 0.7444 0.2329 0.0000
vt 0.7497 0.2310 0.0000
vt 0.7513 0.2738 0.0000
vt 0.7357 0.2689 0.0000
vt 0.7439 0.2741 0.0000
vt 0.7354 0.2708 0.0000
vt 0.7419 0.2760 0.0000
vt 0.7355 0.2731 0.0000
vt 0.7590 0.2767 0.0000
vt 0.7568 0.2281 0.0000
vt 0.7643 0.2248 0.0000
vt 0.7672 0.2799 0.0000
vt 0.7916 0.2091 0.0000
vt 0.7990 0.2959 0.0000
vt 0.7711 0.2066 0.0000
vt 0.6628 0.2079 0.0000
vt 0.6596 0.2035 0.0000
vt 0.7781 0.2021 0.0000
vt 0.6581 0.1991 0.0000
vt 0.7810 0.1977 0.0000
vt 0.6622 0.2994 0.0000
vt 0.7764 0.2994 0.0000
vt 0.7839 0.3041 0.0000
vt 0.6589 0.3041 0.0000
vt 0.7871 0.3087 0.0000
vt 0.6575 0.3087 0.0000
vt 0.7130 0.2266 0.0000
vt 0.7236 0.2308 0.0000
vt 0.7220 0.2329 0.0000
vt 0.7110 0.2291 0.0000
vt 0.6044 0.2298 0.0000
vt 0.6044 0.2425 0.0000
vt 0.6669 0.2896 0.0000
vt 0.6767 0.2887 0.0000
vt 0.6964 0.2859 0.0000
vt 0.7134 0.2793 0.0000
vt 0.7241 0.2749 0.0000
vt 0.7293 0.2728 0.0000
vt 0.7465 0.2786 0.0000
vt 0.7526 0.2823 0.0000
vt 0.7583 0.2867 0.0000
vt 0.7348 0.2322 0.0000
vt 0.7406 0.2292 0.0000
vt 0.7427 0.2310 0.0000
vt 0.7349 0.2344 0.0000
vt 0.7355 0.2362 0.0000
vt 0.7112 0.2768 0.0000
vt 0.7222 0.2726 0.0000
vt 0.4860 0.2424 0.0000
vt 0.4861 0.2297 0.0000
vt 0.6955 0.2204 0.0000
vt 0.6937 0.2236 0.0000
vt 0.6045 0.2133 0.0000
vt 0.6945 0.2827 0.0000
vt 0.4860 0.2133 0.0000
vt 0.6762 0.2177 0.0000
vt 0.6754 0.2211 0.0000
vt 0.6048 0.1984 0.0000
vt 0.6759 0.2851 0.0000
vt 0.4856 0.1984 0.0000
vt 0.6670 0.2167 0.0000
vt 0.6634 0.2202 0.0000
vt 0.6633 0.2858 0.0000
vt 0.6518 0.2079 0.0000
vt 0.6497 0.2995 0.0000
vt 0.7492 0.2763 0.0000
vt 0.7449 0.2267 0.0000
vt 0.7475 0.2288 0.0000
vt 0.7561 0.2796 0.0000
vt 0.7504 0.2230 0.0000
vt 0.7539 0.2254 0.0000
vt 0.7631 0.2836 0.0000
vt 0.7555 0.2187 0.0000
vt 0.7602 0.2215 0.0000
vt 0.4857 0.2524 0.0000
vt 0.7299 0.2706 0.0000
vt 0.7901 0.2991 0.0000
vt 0.7834 0.2065 0.0000
vt 0.6047 0.2524 0.0000
vt 0.7286 0.2327 0.0000
vt 0.7292 0.2350 0.0000
vt 0.7299 0.2687 0.0000
vt 0.7303 0.2369 0.0000
vt 0.2204 0.2568 0.0000
vt 0.2204 0.1984 0.0000
vt 0.2936 0.1984 0.0000
vt 0.2936 0.2568 0.0000
vt 0.3903 0.1984 0.0000
vt 0.4635 0.1984 0.0000
vt 0.4635 0.2568 0.0000
vt 0.2169 0.2547 0.0000
vt 0.2169 0.2006 0.0000
vt 0.2936 0.1542 0.0000
vt 0.3903 0.1542 0.0000
vt 0.3866 0.3066 0.0000
vt 0.2970 0.3066 0.0000
vt 0.2970 0.3044 0.0000
vt 0.3866 0.3044 0.0000
vt 0.3902 0.3088 0.0000
vt 0.2935 0.3088 0.0000
vt 0.2972 0.1520 0.0000
vt 0.3867 0.1520 0.0000
vt 0.4671 0.2006 0.0000
vt 0.4671 0.2547 0.0000
vt 0.1666 0.0135 0.0000
vt 0.2007 0.0135 0.0000
vt 0.2007 0.0699 0.0000
vt 0.1666 0.0699 0.0000
vt 0.2131 0.2547 0.0000
vt 0.2131 0.2006 0.0000
vt 0.2972 0.1497 0.0000
vt 0.3867 0.1497 0.0000
vt 0.4708 0.2006 0.0000
vt 0.4708 0.2547 0.0000
vt 0.9486 0.2024 0.0000
vt 0.9590 0.2026 0.0000
vt 0.9590 0.9932 0.0000
vt 0.9486 0.9931 0.0000
vt 0.9798 0.9933 0.0000
vt 0.9694 0.9931 0.0000
vt 0.9694 0.2025 0.0000
vt 0.9798 0.2026 0.0000
vt 0.9902 0.2025 0.0000
vt 0.9902 0.9932 0.0000
vt 0.1326 0.7075 0.0000
vt 0.1336 0.6949 0.0000
vt 0.1506 0.6902 0.0000
vt 0.1519 0.7147 0.0000
vt 0.0916 0.7079 0.0000
vt 0.0913 0.6939 0.0000
vt 0.1217 0.6952 0.0000
vt 0.1214 0.7061 0.0000
vt 0.0913 0.6795 0.0000
vt 0.0893 0.6622 0.0000
vt 0.1385 0.6705 0.0000
vt 0.1258 0.6840 0.0000
vt 0.1308 0.7503 0.0000
vt 0.1296 0.7657 0.0000
vt 0.0920 0.7643 0.0000
vt 0.0935 0.7504 0.0000
vt 0.0878 0.7797 0.0000
vt 0.0843 0.7768 0.0000
vt 0.0880 0.7634 0.0000
vt 0.1350 0.7333 0.0000
vt 0.1477 0.7487 0.0000
vt 0.1470 0.7683 0.0000
vt 0.1327 0.7819 0.0000
vt 0.1250 0.7176 0.0000
vt 0.0937 0.7361 0.0000
vt 0.0927 0.7220 0.0000
vt 0.0882 0.7222 0.0000
vt 0.0893 0.7361 0.0000
vt 0.0857 0.7363 0.0000
vt 0.0847 0.7224 0.0000
vt 0.0871 0.6798 0.0000
vt 0.0842 0.6654 0.0000
vt 0.0892 0.7499 0.0000
vt 0.0869 0.6940 0.0000
vt 0.0865 0.7081 0.0000
vt 0.0805 0.8091 0.0000
vt 0.0968 0.7925 0.0000
vt 0.1021 0.8050 0.0000
vt 0.0931 0.8140 0.0000
vt 0.0831 0.7083 0.0000
vt 0.0859 0.7497 0.0000
vt 0.0833 0.6941 0.0000
vt 0.0844 0.7627 0.0000
vt 0.0833 0.6802 0.0000
vt 0.0808 0.7758 0.0000
vt 0.0808 0.6660 0.0000
vt 0.1150 0.8359 0.0000
vt 0.1022 0.8358 0.0000
vt 0.0931 0.8268 0.0000
vt 0.1149 0.8050 0.0000
vt 0.1240 0.8139 0.0000
vt 0.1241 0.8268 0.0000
vt 0.1365 0.8319 0.0000
vt 0.1204 0.8482 0.0000
vt 0.1365 0.8089 0.0000
vt 0.0972 0.8483 0.0000
vt 0.1202 0.7925 0.0000
vt 0.0808 0.8323 0.0000
vt 0.2482 0.0590 0.0000
vt 0.2124 0.0590 0.0000
vt 0.2124 0.0253 0.0000
vt 0.2482 0.0253 0.0000
vt 0.2490 0.0644 0.0000
vt 0.2116 0.0644 0.0000
vt 0.2537 0.0245 0.0000
vt 0.2537 0.0597 0.0000
vt 0.2116 0.0198 0.0000
vt 0.2490 0.0198 0.0000
vt 0.2069 0.0597 0.0000
vt 0.2069 0.0245 0.0000
vt 0.1072 0.8738 0.0000
vt 0.0995 0.8579 0.0000
vt 0.1069 0.8540 0.0000
vt 0.1148 0.8687 0.0000
vt 0.1009 0.8787 0.0000
vt 0.0843 0.8785 0.0000
vt 0.0844 0.8756 0.0000
vt 0.1006 0.8758 0.0000
vt 0.0936 0.8608 0.0000
vt 0.1268 0.8799 0.0000
vt 0.1285 0.8773 0.0000
vt 0.1348 0.8792 0.0000
vt 0.1339 0.8820 0.0000
vt 0.0965 0.9128 0.0000
vt 0.0805 0.9135 0.0000
vt 0.0808 0.9062 0.0000
vt 0.0936 0.9079 0.0000
vt 0.1063 0.9061 0.0000
vt 0.0984 0.9010 0.0000
vt 0.1090 0.8776 0.0000
vt 0.1284 0.9067 0.0000
vt 0.1348 0.9031 0.0000
vt 0.0825 0.8981 0.0000
vt 0.1153 0.8713 0.0000
vt 0.1247 0.8722 0.0000
vt 0.1235 0.8737 0.0000
vt 0.1370 0.9111 0.0000
vt 0.1360 0.9479 0.0000
vt 0.1262 0.9441 0.0000
vt 0.1396 0.9076 0.0000
vt 0.1070 0.9445 0.0000
vt 0.1237 0.9723 0.0000
vt 0.1083 0.9719 0.0000
vt 0.0975 0.9476 0.0000
vt 0.0805 0.9479 0.0000
vt 0.1000 0.9726 0.0000
vt 0.0824 0.9742 0.0000
vt 0.1322 0.9733 0.0000
# 1700 texture coords

o concert_stage_main_final
g concert_stage_main_final
usemtl Material__28
s off
f 1/1/1 2/2/1 3/3/1 
f 3/3/1 4/4/1 1/1/1 
f 4/5/2 3/6/2 5/7/2 
f 5/7/2 6/8/2 4/5/2 
f 6/8/3 5/7/3 7/9/3 
f 7/9/3 8/10/3 6/8/3 
f 5/11/4 3/12/4 2/13/4 
f 2/13/4 7/14/4 5/11/4 
f 9/15/2 10/16/2 11/17/2 
f 11/17/2 12/18/2 9/15/2 
f 13/19/1 14/20/1 15/21/1 
f 15/21/1 16/22/1 13/19/1 
f 16/22/2 15/21/2 17/23/2 
f 17/23/2 18/24/2 16/22/2 
f 18/25/3 17/26/3 19/27/3 
f 19/27/3 20/28/3 18/25/3 
f 17/29/4 15/30/4 14/31/4 
f 14/31/4 19/32/4 17/29/4 
f 21/33/2 22/34/2 23/35/2 
f 23/35/2 24/36/2 21/33/2 
f 22/34/1 25/37/1 26/38/1 
f 26/38/1 23/35/1 22/34/1 
f 25/39/5 27/40/5 28/41/5 
f 28/41/5 26/42/5 25/39/5 
f 27/40/3 21/33/3 24/36/3 
f 24/36/3 28/41/3 27/40/3 
f 28/43/4 24/44/4 23/45/4 
f 23/45/4 26/46/4 28/43/4 
f 29/47/1 30/48/1 10/16/1 
f 10/16/1 9/15/1 29/47/1 
f 31/49/5 32/50/5 30/48/5 
f 30/48/5 29/47/5 31/49/5 
f 12/18/3 11/17/3 32/51/3 
f 32/51/3 31/52/3 12/18/3 
f 32/53/4 11/54/4 10/55/4 
f 10/55/4 30/56/4 32/53/4 
f 20/28/5 19/27/5 14/20/5 
f 14/20/5 13/19/5 20/28/5 
f 33/57/6 34/58/6 35/59/6 
f 35/59/6 36/60/6 33/57/6 
f 36/61/7 35/62/7 37/63/7 
f 37/63/7 38/64/7 36/61/7 
f 38/64/8 37/63/8 39/65/8 
f 39/65/8 40/66/8 38/64/8 
f 40/66/3 39/65/3 34/58/3 
f 34/58/3 33/57/3 40/66/3 
f 34/58/9 41/67/9 42/68/9 
f 42/68/9 35/59/9 34/58/9 
f 35/59/1 42/68/1 43/69/1 
f 43/69/1 44/70/1 35/59/1 
f 44/63/10 43/71/10 45/72/10 
f 45/72/10 46/65/10 44/63/10 
f 46/65/3 45/72/3 41/67/3 
f 41/67/3 34/58/3 46/65/3 
f 47/67/6 48/73/6 49/74/6 
f 49/74/6 50/68/6 47/67/6 
f 50/75/1 49/76/1 51/77/1 
f 51/77/1 43/71/1 50/75/1 
f 43/71/8 51/77/8 52/78/8 
f 52/78/8 45/72/8 43/71/8 
f 45/72/11 52/78/11 48/73/11 
f 48/73/11 47/67/11 45/72/11 
f 48/73/9 53/79/9 54/80/9 
f 54/80/9 49/74/9 48/73/9 
f 49/76/7 54/81/7 55/82/7 
f 55/82/7 56/77/7 49/76/7 
f 56/77/10 55/82/10 57/83/10 
f 57/83/10 58/78/10 56/77/10 
f 58/78/11 57/83/11 53/79/11 
f 53/79/11 48/73/11 58/78/11 
f 59/84/1 60/85/1 61/86/1 
f 61/86/1 62/87/1 59/84/1 
f 62/88/2 61/89/2 63/90/2 
f 63/90/2 64/87/2 62/88/2 
f 64/91/3 63/92/3 65/93/3 
f 65/93/3 66/94/3 64/91/3 
f 66/94/5 65/93/5 60/85/5 
f 60/85/5 59/84/5 66/94/5 
f 65/93/12 63/92/12 67/95/12 
f 67/95/12 68/96/12 65/93/12 
f 69/97/1 70/98/1 71/99/1 
f 71/99/1 72/100/1 69/97/1 
f 73/101/5 70/102/5 69/103/5 
f 69/103/5 74/104/5 73/101/5 
f 75/105/4 71/99/4 70/98/4 
f 70/98/4 73/106/4 75/105/4 
f 76/107/1 77/108/1 78/109/1 
f 78/109/1 79/110/1 76/107/1 
f 80/111/1 81/112/1 82/113/1 
f 82/113/1 83/114/1 80/111/1 
f 69/103/5 79/115/5 78/116/5 
f 69/103/5 78/116/5 84/117/5 
f 69/103/5 84/117/5 74/104/5 
f 85/118/1 86/119/1 87/120/1 
f 87/120/1 88/121/1 85/118/1 
f 78/116/5 83/122/5 82/123/5 
f 78/116/5 82/123/5 89/124/5 
f 78/116/5 89/124/5 84/117/5 
f 72/100/4 76/107/4 79/110/4 
f 79/110/4 69/97/4 72/100/4 
f 82/123/5 88/125/5 87/126/5 
f 82/123/5 87/126/5 90/127/5 
f 82/123/5 90/127/5 89/124/5 
f 91/128/1 92/129/1 93/130/1 
f 93/130/1 94/131/1 91/128/1 
f 77/108/4 80/111/4 83/114/4 
f 83/114/4 78/109/4 77/108/4 
f 87/126/5 94/132/5 93/133/5 
f 87/126/5 93/133/5 95/134/5 
f 87/126/5 95/134/5 90/127/5 
f 96/135/1 97/136/1 98/137/1 
f 98/137/1 99/138/1 96/135/1 
f 81/112/4 85/118/4 88/121/4 
f 88/121/4 82/113/4 81/112/4 
f 93/133/5 99/139/5 98/140/5 
f 93/133/5 98/140/5 100/141/5 
f 93/133/5 100/141/5 95/134/5 
f 101/142/1 102/143/1 103/144/1 
f 103/144/1 104/145/1 101/142/1 
f 86/119/4 91/128/4 94/131/4 
f 94/131/4 87/120/4 86/119/4 
f 98/140/5 104/146/5 103/147/5 
f 98/140/5 103/147/5 105/148/5 
f 98/140/5 105/148/5 100/141/5 
f 92/129/4 96/135/4 99/138/4 
f 99/138/4 93/130/4 92/129/4 
f 97/136/4 101/142/4 104/145/4 
f 104/145/4 98/137/4 97/136/4 
f 68/96/1 67/95/1 106/149/1 
f 106/149/1 107/150/1 68/96/1 
f 61/86/4 60/85/4 108/151/4 
f 108/151/4 109/152/4 61/86/4 
f 60/85/4 65/93/4 68/153/4 
f 68/153/4 108/154/4 60/85/4 
f 63/90/4 61/89/4 109/155/4 
f 109/155/4 67/156/4 63/90/4 
f 106/157/4 110/158/4 111/159/4 
f 111/159/4 107/160/4 106/157/4 
f 109/152/3 108/151/3 111/161/3 
f 111/161/3 110/162/3 109/152/3 
f 108/154/2 68/153/2 107/163/2 
f 107/163/2 111/164/2 108/154/2 
f 67/156/5 109/155/5 110/165/5 
f 110/165/5 106/166/5 67/156/5 
f 112/167/13 113/168/14 114/169/15 
f 114/169/15 115/170/16 112/167/13 
f 115/170/16 114/169/15 116/171/17 
f 116/171/17 117/172/18 115/170/16 
f 117/172/18 116/171/17 118/173/19 
f 118/173/19 119/174/20 117/172/18 
f 119/174/20 118/173/19 120/175/21 
f 120/175/21 121/176/22 119/174/20 
f 121/176/22 120/175/21 122/177/23 
f 122/177/23 123/178/24 121/176/22 
f 123/178/24 122/177/23 124/179/25 
f 124/179/25 125/180/26 123/178/24 
f 125/180/26 124/179/25 126/181/27 
f 126/181/27 127/182/28 125/180/26 
f 127/182/28 126/181/27 128/183/29 
f 128/183/29 129/184/30 127/182/28 
f 130/185/31 112/167/13 115/170/16 
f 115/170/16 131/186/32 130/185/31 
f 131/186/32 115/170/16 117/172/18 
f 117/172/18 132/187/33 131/186/32 
f 132/187/33 117/172/18 119/174/20 
f 119/174/20 133/188/34 132/187/33 
f 133/188/34 119/174/20 121/176/22 
f 121/176/22 134/189/35 133/188/34 
f 134/189/35 121/176/22 123/178/24 
f 123/178/24 135/190/36 134/189/35 
f 135/190/36 123/178/24 125/180/26 
f 125/180/26 136/191/37 135/190/36 
f 136/191/37 125/180/26 127/182/28 
f 127/182/28 137/192/38 136/191/37 
f 137/192/38 127/182/28 129/184/30 
f 129/184/30 138/193/39 137/192/38 
f 139/194/40 130/185/31 131/186/32 
f 131/186/32 140/195/41 139/194/40 
f 140/195/41 131/186/32 132/187/33 
f 132/187/33 141/196/42 140/195/41 
f 141/196/42 132/187/33 133/188/34 
f 133/188/34 142/197/43 141/196/42 
f 142/197/43 133/188/34 134/189/35 
f 134/189/35 143/198/44 142/197/43 
f 143/198/44 134/189/35 135/190/36 
f 135/190/36 144/199/45 143/198/44 
f 144/199/45 135/190/36 136/191/37 
f 136/191/37 145/200/46 144/199/45 
f 145/200/46 136/191/37 137/192/38 
f 137/192/38 146/201/47 145/200/46 
f 146/201/47 137/192/38 138/193/39 
f 138/193/39 147/202/48 146/201/47 
f 148/203/49 139/194/40 140/195/41 
f 140/195/41 149/204/50 148/203/49 
f 149/204/50 140/195/41 141/196/42 
f 141/196/42 150/205/51 149/204/50 
f 150/205/51 141/196/42 142/197/43 
f 142/197/43 151/206/52 150/205/51 
f 151/206/52 142/197/43 143/198/44 
f 143/198/44 152/207/53 151/206/52 
f 152/207/53 143/198/44 144/199/45 
f 144/199/45 153/208/54 152/207/53 
f 153/208/54 144/199/45 145/200/46 
f 145/200/46 154/209/55 153/208/54 
f 154/209/55 145/200/46 146/201/47 
f 146/201/47 155/210/56 154/209/55 
f 155/210/56 146/201/47 147/202/48 
f 147/202/48 156/211/57 155/210/56 
f 157/212/58 148/203/49 149/204/50 
f 149/204/50 158/213/59 157/212/58 
f 158/213/59 149/204/50 150/205/51 
f 150/205/51 159/214/60 158/213/59 
f 159/214/60 150/205/51 151/206/52 
f 151/206/52 160/215/61 159/214/60 
f 160/215/61 151/206/52 152/207/53 
f 152/207/53 161/216/62 160/215/61 
f 161/216/62 152/207/53 153/208/54 
f 153/208/54 162/217/63 161/216/62 
f 162/217/63 153/208/54 154/209/55 
f 154/209/55 163/218/64 162/217/63 
f 163/218/64 154/209/55 155/210/56 
f 155/210/56 164/219/65 163/218/64 
f 164/219/65 155/210/56 156/211/57 
f 156/211/57 165/220/66 164/219/65 
f 166/221/67 157/212/58 158/213/59 
f 158/213/59 167/222/68 166/221/67 
f 167/222/68 158/213/59 159/214/60 
f 159/214/60 168/223/69 167/222/68 
f 168/223/69 159/214/60 160/215/61 
f 160/215/61 169/224/70 168/223/69 
f 169/224/70 160/215/61 161/216/62 
f 161/216/62 170/225/71 169/224/70 
f 170/225/71 161/216/62 162/217/63 
f 162/217/63 171/226/72 170/225/71 
f 171/226/72 162/217/63 163/218/64 
f 163/218/64 172/227/73 171/226/72 
f 172/227/73 163/218/64 164/219/65 
f 164/219/65 173/228/74 172/227/73 
f 173/228/74 164/219/65 165/220/66 
f 165/220/66 174/229/75 173/228/74 
f 175/230/76 166/221/67 167/222/68 
f 167/222/68 176/231/77 175/230/76 
f 176/231/77 167/222/68 168/223/69 
f 168/223/69 177/232/78 176/231/77 
f 177/232/78 168/223/69 169/224/70 
f 169/224/70 178/233/79 177/232/78 
f 178/233/79 169/224/70 170/225/71 
f 170/225/71 179/234/80 178/233/79 
f 179/234/80 170/225/71 171/226/72 
f 171/226/72 180/235/81 179/234/80 
f 180/235/81 171/226/72 172/227/73 
f 172/227/73 181/236/82 180/235/81 
f 181/236/82 172/227/73 173/228/74 
f 173/228/74 182/237/83 181/236/82 
f 182/237/83 173/228/74 174/229/75 
f 174/229/75 183/238/84 182/237/83 
f 184/239/85 175/230/76 176/231/77 
f 176/231/77 185/240/86 184/239/85 
f 185/240/86 176/231/77 177/232/78 
f 177/232/78 186/241/87 185/240/86 
f 186/241/87 177/232/78 178/233/79 
f 178/233/79 187/242/88 186/241/87 
f 187/242/88 178/233/79 179/234/80 
f 179/234/80 188/243/89 187/242/88 
f 188/243/89 179/234/80 180/235/81 
f 180/235/81 189/244/90 188/243/89 
f 189/244/90 180/235/81 181/236/82 
f 181/236/82 190/245/91 189/244/90 
f 190/245/91 181/236/82 182/237/83 
f 182/237/83 191/246/92 190/245/91 
f 191/246/92 182/237/83 183/238/84 
f 183/238/84 192/247/93 191/246/92 
f 193/248/94 184/239/85 185/240/86 
f 185/240/86 194/249/95 193/248/94 
f 194/249/95 185/240/86 186/241/87 
f 186/241/87 195/250/96 194/249/95 
f 195/250/96 186/241/87 187/242/88 
f 187/242/88 196/251/97 195/250/96 
f 196/251/97 187/242/88 188/243/89 
f 188/243/89 197/252/98 196/251/97 
f 197/252/98 188/243/89 189/244/90 
f 189/244/90 198/253/99 197/252/98 
f 198/253/99 189/244/90 190/245/91 
f 190/245/91 199/254/100 198/253/99 
f 199/254/100 190/245/91 191/246/92 
f 191/246/92 200/255/101 199/254/100 
f 200/255/101 191/246/92 192/247/93 
f 192/247/93 201/256/102 200/255/101 
f 202/257/103 193/248/94 194/249/95 
f 194/249/95 203/258/104 202/257/103 
f 203/258/104 194/249/95 195/250/96 
f 195/250/96 204/259/105 203/258/104 
f 204/259/105 195/250/96 196/251/97 
f 196/251/97 205/260/106 204/259/105 
f 205/260/106 196/251/97 197/252/98 
f 197/252/98 206/261/107 205/260/106 
f 206/261/107 197/252/98 198/253/99 
f 198/253/99 207/262/108 206/261/107 
f 207/262/108 198/253/99 199/254/100 
f 199/254/100 208/263/109 207/262/108 
f 208/263/109 199/254/100 200/255/101 
f 200/255/101 209/264/110 208/263/109 
f 209/264/110 200/255/101 201/256/102 
f 201/256/102 210/265/111 209/264/110 
f 211/266/112 202/257/103 203/258/104 
f 203/258/104 212/267/113 211/266/112 
f 212/267/113 203/258/104 204/259/105 
f 204/259/105 213/268/114 212/267/113 
f 213/268/114 204/259/105 205/260/106 
f 205/260/106 214/269/115 213/268/114 
f 214/269/115 205/260/106 206/261/107 
f 206/261/107 215/270/116 214/269/115 
f 215/270/116 206/261/107 207/262/108 
f 207/262/108 216/271/117 215/270/116 
f 216/271/117 207/262/108 208/263/109 
f 208/263/109 217/272/118 216/271/117 
f 217/272/118 208/263/109 209/264/110 
f 209/264/110 218/273/119 217/272/118 
f 218/273/119 209/264/110 210/265/111 
f 210/265/111 219/274/120 218/273/119 
f 220/275/121 211/266/112 212/267/113 
f 212/267/113 221/276/122 220/275/121 
f 221/276/122 212/267/113 213/268/114 
f 213/268/114 222/277/123 221/276/122 
f 222/277/123 213/268/114 214/269/115 
f 214/269/115 223/278/124 222/277/123 
f 223/278/124 214/269/115 215/270/116 
f 215/270/116 224/279/125 223/278/124 
f 224/279/125 215/270/116 216/271/117 
f 216/271/117 225/280/126 224/279/125 
f 225/280/126 216/271/117 217/272/118 
f 217/272/118 226/281/127 225/280/126 
f 226/281/127 217/272/118 218/273/119 
f 218/273/119 227/282/128 226/281/127 
f 227/282/128 218/273/119 219/274/120 
f 219/274/120 228/283/129 227/282/128 
f 229/284/130 220/275/121 221/276/122 
f 221/276/122 230/285/131 229/284/130 
f 230/285/131 221/276/122 222/277/123 
f 222/277/123 231/286/132 230/285/131 
f 231/286/132 222/277/123 223/278/124 
f 223/278/124 232/287/133 231/286/132 
f 232/287/133 223/278/124 224/279/125 
f 224/279/125 233/288/134 232/287/133 
f 233/288/134 224/279/125 225/280/126 
f 225/280/126 234/289/135 233/288/134 
f 234/289/135 225/280/126 226/281/127 
f 226/281/127 235/290/136 234/289/135 
f 235/290/136 226/281/127 227/282/128 
f 227/282/128 236/291/137 235/290/136 
f 236/291/137 227/282/128 228/283/129 
f 228/283/129 237/292/138 236/291/137 
f 238/293/139 229/284/130 230/285/131 
f 230/285/131 239/294/140 238/293/139 
f 239/294/140 230/285/131 231/286/132 
f 231/286/132 240/295/141 239/294/140 
f 240/295/141 231/286/132 232/287/133 
f 232/287/133 241/296/142 240/295/141 
f 241/296/142 232/287/133 233/288/134 
f 233/288/134 242/297/143 241/296/142 
f 242/297/143 233/288/134 234/289/135 
f 234/289/135 243/298/144 242/297/143 
f 243/298/144 234/289/135 235/290/136 
f 235/290/136 244/299/145 243/298/144 
f 244/299/145 235/290/136 236/291/137 
f 236/291/137 245/300/146 244/299/145 
f 245/300/146 236/291/137 237/292/138 
f 237/292/138 246/301/147 245/300/146 
f 247/302/148 238/293/139 239/294/140 
f 239/294/140 248/303/149 247/302/148 
f 248/303/149 239/294/140 240/295/141 
f 240/295/141 249/304/150 248/303/149 
f 249/304/150 240/295/141 241/296/142 
f 241/296/142 250/305/151 249/304/150 
f 250/305/151 241/296/142 242/297/143 
f 242/297/143 251/306/152 250/305/151 
f 251/306/152 242/297/143 243/298/144 
f 243/298/144 252/307/153 251/306/152 
f 252/307/153 243/298/144 244/299/145 
f 244/299/145 253/308/154 252/307/153 
f 253/308/154 244/299/145 245/300/146 
f 245/300/146 254/309/155 253/308/154 
f 254/309/155 245/300/146 246/301/147 
f 246/301/147 255/310/156 254/309/155 
f 256/311/157 247/302/148 248/303/149 
f 248/303/149 257/312/158 256/311/157 
f 257/312/158 248/303/149 249/304/150 
f 249/304/150 258/313/159 257/312/158 
f 258/313/159 249/304/150 250/305/151 
f 250/305/151 259/314/160 258/313/159 
f 259/314/160 250/305/151 251/306/152 
f 251/306/152 260/315/161 259/314/160 
f 260/315/161 251/306/152 252/307/153 
f 252/307/153 261/316/162 260/315/161 
f 261/316/162 252/307/153 253/308/154 
f 253/308/154 262/317/163 261/316/162 
f 262/317/163 253/308/154 254/309/155 
f 254/309/155 263/318/164 262/317/163 
f 263/318/164 254/309/155 255/310/156 
f 255/310/156 264/319/165 263/318/164 
f 265/320/166 256/311/157 257/312/158 
f 257/312/158 266/321/167 265/320/166 
f 266/321/167 257/312/158 258/313/159 
f 258/313/159 267/322/168 266/321/167 
f 267/322/168 258/313/159 259/314/160 
f 259/314/160 268/323/169 267/322/168 
f 268/323/169 259/314/160 260/315/161 
f 260/315/161 269/324/170 268/323/169 
f 269/324/170 260/315/161 261/316/162 
f 261/316/162 270/325/171 269/324/170 
f 270/325/171 261/316/162 262/317/163 
f 262/317/163 271/326/172 270/325/171 
f 271/326/172 262/317/163 263/318/164 
f 263/318/164 272/327/173 271/326/172 
f 272/327/173 263/318/164 264/319/165 
f 264/319/165 273/328/174 272/327/173 
f 274/329/175 265/320/166 266/321/167 
f 266/321/167 275/330/176 274/329/175 
f 275/330/176 266/321/167 267/322/168 
f 267/322/168 276/331/177 275/330/176 
f 276/331/177 267/322/168 268/323/169 
f 268/323/169 277/332/178 276/331/177 
f 277/332/178 268/323/169 269/324/170 
f 269/324/170 278/333/179 277/332/178 
f 278/333/179 269/324/170 270/325/171 
f 270/325/171 279/334/180 278/333/179 
f 279/334/180 270/325/171 271/326/172 
f 271/326/172 280/335/181 279/334/180 
f 280/335/181 271/326/172 272/327/173 
f 272/327/173 281/336/182 280/335/181 
f 281/336/182 272/327/173 273/328/174 
f 273/328/174 282/337/183 281/336/182 
f 283/338/184 274/329/175 275/330/176 
f 275/330/176 284/339/185 283/338/184 
f 284/339/185 275/330/176 276/331/177 
f 276/331/177 285/340/186 284/339/185 
f 285/340/186 276/331/177 277/332/178 
f 277/332/178 286/341/187 285/340/186 
f 286/341/187 277/332/178 278/333/179 
f 278/333/179 287/342/188 286/341/187 
f 287/342/188 278/333/179 279/334/180 
f 279/334/180 288/343/189 287/342/188 
f 288/343/189 279/334/180 280/335/181 
f 280/335/181 289/344/190 288/343/189 
f 289/344/190 280/335/181 281/336/182 
f 281/336/182 290/345/191 289/344/190 
f 290/345/191 281/336/182 282/337/183 
f 282/337/183 291/346/192 290/345/191 
f 292/347/193 283/338/184 284/339/185 
f 284/339/185 293/348/194 292/347/193 
f 293/348/194 284/339/185 285/340/186 
f 285/340/186 294/349/195 293/348/194 
f 294/349/195 285/340/186 286/341/187 
f 286/341/187 295/350/196 294/349/195 
f 295/350/196 286/341/187 287/342/188 
f 287/342/188 296/351/197 295/350/196 
f 296/351/197 287/342/188 288/343/189 
f 288/343/189 297/352/198 296/351/197 
f 297/352/198 288/343/189 289/344/190 
f 289/344/190 298/353/199 297/352/198 
f 298/353/199 289/344/190 290/345/191 
f 290/345/191 299/354/200 298/353/199 
f 299/354/200 290/345/191 291/346/192 
f 291/346/192 300/355/201 299/354/200 
f 301/356/202 292/347/193 293/348/194 
f 293/348/194 302/357/203 301/356/202 
f 302/357/203 293/348/194 294/349/195 
f 294/349/195 303/358/204 302/357/203 
f 303/358/204 294/349/195 295/350/196 
f 295/350/196 304/359/205 303/358/204 
f 304/359/205 295/350/196 296/351/197 
f 296/351/197 305/360/206 304/359/205 
f 305/360/206 296/351/197 297/352/198 
f 297/352/198 306/361/207 305/360/206 
f 306/361/207 297/352/198 298/353/199 
f 298/353/199 307/362/208 306/361/207 
f 307/362/208 298/353/199 299/354/200 
f 299/354/200 308/363/209 307/362/208 
f 308/363/209 299/354/200 300/355/201 
f 300/355/201 309/364/210 308/363/209 
f 310/365/211 301/356/202 302/357/203 
f 302/357/203 311/366/212 310/365/211 
f 311/366/212 302/357/203 303/358/204 
f 303/358/204 312/367/213 311/366/212 
f 312/367/213 303/358/204 304/359/205 
f 304/359/205 313/368/214 312/367/213 
f 313/368/214 304/359/205 305/360/206 
f 305/360/206 314/369/215 313/368/214 
f 314/369/215 305/360/206 306/361/207 
f 306/361/207 315/370/216 314/369/215 
f 315/370/216 306/361/207 307/362/208 
f 307/362/208 316/371/217 315/370/216 
f 316/371/217 307/362/208 308/363/209 
f 308/363/209 317/372/218 316/371/217 
f 317/372/218 308/363/209 309/364/210 
f 309/364/210 318/373/219 317/372/218 
f 319/374/220 310/365/211 311/366/212 
f 311/366/212 320/375/221 319/374/220 
f 320/375/221 311/366/212 312/367/213 
f 312/367/213 321/376/222 320/375/221 
f 321/376/222 312/367/213 313/368/214 
f 313/368/214 322/377/223 321/376/222 
f 322/377/223 313/368/214 314/369/215 
f 314/369/215 323/378/224 322/377/223 
f 323/378/224 314/369/215 315/370/216 
f 315/370/216 324/379/225 323/378/224 
f 324/379/225 315/370/216 316/371/217 
f 316/371/217 325/380/226 324/379/225 
f 325/380/226 316/371/217 317/372/218 
f 317/372/218 326/381/227 325/380/226 
f 326/381/227 317/372/218 318/373/219 
f 318/373/219 327/382/228 326/381/227 
f 328/383/229 319/374/220 320/375/221 
f 320/375/221 329/384/230 328/383/229 
f 329/384/230 320/375/221 321/376/222 
f 321/376/222 330/385/231 329/384/230 
f 330/385/231 321/376/222 322/377/223 
f 322/377/223 331/386/232 330/385/231 
f 331/386/232 322/377/223 323/378/224 
f 323/378/224 332/387/233 331/386/232 
f 332/387/233 323/378/224 324/379/225 
f 324/379/225 333/388/234 332/387/233 
f 333/388/234 324/379/225 325/380/226 
f 325/380/226 334/389/235 333/388/234 
f 334/389/235 325/380/226 326/381/227 
f 326/381/227 335/390/236 334/389/235 
f 335/390/236 326/381/227 327/382/228 
f 327/382/228 336/391/237 335/390/236 
f 113/168/14 337/392/238 338/393/239 
f 338/393/239 114/169/15 113/168/14 
f 114/169/15 338/393/239 339/394/240 
f 339/394/240 116/171/17 114/169/15 
f 116/171/17 339/394/240 340/395/241 
f 340/395/241 118/173/19 116/171/17 
f 118/173/19 340/395/241 341/396/242 
f 341/396/242 120/175/21 118/173/19 
f 120/175/21 341/396/242 342/397/243 
f 342/397/243 122/177/23 120/175/21 
f 122/177/23 342/397/243 343/398/244 
f 343/398/244 124/179/25 122/177/23 
f 124/179/25 343/398/244 344/399/245 
f 344/399/245 126/181/27 124/179/25 
f 126/181/27 344/399/245 345/400/246 
f 345/400/246 128/183/29 126/181/27 
f 346/401/1 347/402/1 348/403/1 
f 348/403/1 349/404/1 346/401/1 
f 349/405/2 348/403/2 350/406/2 
f 350/406/2 351/407/2 349/405/2 
f 351/408/3 350/406/3 352/409/3 
f 352/409/3 353/410/3 351/408/3 
f 353/411/5 352/409/5 347/402/5 
f 347/402/5 346/412/5 353/411/5 
f 349/405/247 351/407/247 354/413/247 
f 354/413/247 355/414/247 349/405/247 
f 350/406/4 348/403/4 347/402/4 
f 347/402/4 352/409/4 350/406/4 
f 356/415/2 357/416/2 358/417/2 
f 358/417/2 359/418/2 356/415/2 
f 346/401/247 349/404/247 355/419/247 
f 355/419/247 357/420/247 346/401/247 
f 351/408/248 353/410/248 356/421/248 
f 356/421/248 354/422/248 351/408/248 
f 353/411/247 346/412/247 357/416/247 
f 357/416/247 356/415/247 353/411/247 
f 360/423/247 361/424/247 359/425/247 
f 359/425/247 358/426/247 360/423/247 
f 355/414/5 354/413/5 361/427/5 
f 361/427/5 360/428/5 355/414/5 
f 354/422/1 356/421/1 359/429/1 
f 359/429/1 361/430/1 354/422/1 
f 357/420/3 355/419/3 360/431/3 
f 360/431/3 358/432/3 357/420/3 
f 362/433/5 363/434/5 364/435/5 
f 364/435/5 365/436/5 362/433/5 
f 366/437/2 367/438/2 368/439/2 
f 368/439/2 369/440/2 366/437/2 
f 368/441/4 370/442/4 371/443/4 
f 371/443/4 372/444/4 368/441/4 
f 373/445/1 374/446/1 367/447/1 
f 367/447/1 366/448/1 373/445/1 
f 369/449/3 368/441/3 372/444/3 
f 372/444/3 375/450/3 369/449/3 
f 365/436/249 364/435/249 376/451/249 
f 376/451/249 377/452/249 365/436/249 
f 377/452/250 376/451/250 378/453/250 
f 378/453/250 379/454/250 377/452/250 
f 379/454/251 378/453/251 374/446/251 
f 374/446/251 373/445/251 379/454/251 
f 363/434/252 362/433/252 380/455/252 
f 380/455/252 381/456/252 363/434/252 
f 381/456/253 380/455/253 382/457/253 
f 382/457/253 383/458/253 381/456/253 
f 383/458/254 382/457/254 375/450/254 
f 375/450/254 372/444/254 383/458/254 
f 384/459/251 385/460/251 386/461/251 
f 386/461/251 387/462/251 384/459/251 
f 372/444/12 371/443/12 388/463/12 
f 388/463/12 383/458/12 372/444/12 
f 383/458/12 388/463/12 389/464/12 
f 389/464/12 381/456/12 383/458/12 
f 381/456/4 389/464/4 390/465/4 
f 390/465/4 363/434/4 381/456/4 
f 363/434/4 390/465/4 391/466/4 
f 391/466/4 364/435/4 363/434/4 
f 364/435/4 391/466/4 392/467/4 
f 392/467/4 376/451/4 364/435/4 
f 376/451/4 392/467/4 385/460/4 
f 385/460/4 378/453/4 376/451/4 
f 378/453/4 385/460/4 384/459/4 
f 384/459/4 374/446/4 378/453/4 
f 374/446/4 384/459/4 393/468/4 
f 393/468/4 367/447/4 374/446/4 
f 367/438/4 393/469/4 370/470/4 
f 370/470/4 368/439/4 367/438/4 
f 394/471/4 395/472/4 396/473/4 
f 396/473/4 397/474/4 394/471/4 
f 370/470/2 393/469/2 395/472/2 
f 395/472/2 394/471/2 370/470/2 
f 393/468/1 384/459/1 387/462/1 
f 387/462/1 395/475/1 393/468/1 
f 390/465/252 389/464/252 398/476/252 
f 398/476/252 399/477/252 390/465/252 
f 392/467/249 391/466/249 400/478/249 
f 400/478/249 401/479/249 392/467/249 
f 391/466/5 390/465/5 399/477/5 
f 399/477/5 400/478/5 391/466/5 
f 389/464/253 388/463/253 402/480/253 
f 402/480/253 398/476/253 389/464/253 
f 385/460/250 392/467/250 401/479/250 
f 401/479/250 386/461/250 385/460/250 
f 371/443/3 370/442/3 394/481/3 
f 394/481/3 403/482/3 371/443/3 
f 388/463/254 371/443/254 403/482/254 
f 403/482/254 402/480/254 388/463/254 
f 404/483/255 405/484/255 406/485/255 
f 406/485/255 407/486/255 404/483/255 
f 395/475/4 387/462/4 408/487/4 
f 408/487/4 396/488/4 395/475/4 
f 399/477/4 398/476/4 405/484/4 
f 405/484/4 404/483/4 399/477/4 
f 401/479/4 400/478/4 409/489/4 
f 409/489/4 410/490/4 401/479/4 
f 400/478/4 399/477/4 404/483/4 
f 404/483/4 409/489/4 400/478/4 
f 398/476/4 402/480/4 411/491/4 
f 411/491/4 405/484/4 398/476/4 
f 386/461/4 401/479/4 410/490/4 
f 410/490/4 412/492/4 386/461/4 
f 403/482/4 394/481/4 397/493/4 
f 397/493/4 413/494/4 403/482/4 
f 402/480/4 403/482/4 413/494/4 
f 413/494/4 411/491/4 402/480/4 
f 387/462/12 386/461/12 412/492/12 
f 412/492/12 408/487/12 387/462/12 
f 414/495/4 415/496/4 416/497/4 
f 414/495/4 416/497/4 417/498/4 
f 414/495/4 417/498/4 418/499/4 
f 414/495/4 418/499/4 419/500/4 
f 414/495/4 419/500/4 407/486/4 
f 414/495/4 407/486/4 406/485/4 
f 414/495/4 406/485/4 420/501/4 
f 414/495/4 420/501/4 421/502/4 
f 410/490/256 409/489/256 419/500/256 
f 419/500/256 418/499/256 410/490/256 
f 409/489/5 404/483/5 407/486/5 
f 407/486/5 419/500/5 409/489/5 
f 405/484/257 411/491/257 420/501/257 
f 420/501/257 406/485/257 405/484/257 
f 412/492/258 410/490/258 418/499/258 
f 418/499/258 417/498/258 412/492/258 
f 413/494/3 397/493/3 414/495/3 
f 414/495/3 421/502/3 413/494/3 
f 411/491/259 413/494/259 421/502/259 
f 421/502/259 420/501/259 411/491/259 
f 408/487/260 412/492/260 417/498/260 
f 417/498/260 416/497/260 408/487/260 
f 397/474/2 396/473/2 415/496/2 
f 415/496/2 414/495/2 397/474/2 
f 396/488/1 408/487/1 416/497/1 
f 416/497/1 415/496/1 396/488/1 
f 422/503/261 423/504/261 424/505/261 
f 424/505/261 425/506/261 422/503/261 
f 425/506/262 424/505/262 426/507/262 
f 425/506/262 426/507/262 427/508/262 
f 425/506/262 427/508/262 428/509/262 
f 429/510/263 430/511/263 431/512/263 
f 431/512/263 432/513/263 429/510/263 
f 430/511/264 429/510/264 433/514/264 
f 430/511/264 433/514/264 423/504/264 
f 430/511/264 423/504/264 422/503/264 
f 431/515/4 434/516/4 435/517/4 
f 435/517/4 436/518/4 431/515/4 
f 430/519/263 428/520/263 434/516/263 
f 434/516/263 431/515/263 430/519/263 
f 427/521/263 429/522/263 432/523/263 
f 432/523/263 437/524/263 427/521/263 
f 428/509/263 427/508/263 437/525/263 
f 437/525/263 434/526/263 428/509/263 
f 435/527/263 438/528/263 439/529/263 
f 439/529/263 436/530/263 435/527/263 
f 432/513/262 431/512/262 436/531/262 
f 436/531/262 439/532/262 432/513/262 
f 437/524/247 432/523/247 439/533/247 
f 439/533/247 438/534/247 437/524/247 
f 434/526/265 437/525/265 438/535/265 
f 438/535/265 435/536/265 434/526/265 
f 433/537/266 426/538/266 424/505/266 
f 424/505/266 423/504/266 433/537/266 
f 426/538/12 433/537/12 429/522/12 
f 429/522/12 427/521/12 426/538/12 
f 440/539/247 441/540/247 442/541/247 
f 442/541/247 443/542/247 440/539/247 
f 8/10/5 7/9/5 2/2/5 
f 2/2/5 1/1/5 8/10/5 
f 444/543/9 445/544/9 446/545/9 
f 446/545/9 447/546/9 444/543/9 
f 447/546/7 446/545/7 448/547/7 
f 448/547/7 449/548/7 447/546/7 
f 449/549/10 448/550/10 450/551/10 
f 450/551/10 451/552/10 449/549/10 
f 451/552/3 450/551/3 445/544/3 
f 445/544/3 444/543/3 451/552/3 
f 452/544/6 453/553/6 454/554/6 
f 454/554/6 455/545/6 452/544/6 
f 455/555/1 454/556/1 456/557/1 
f 456/557/1 448/550/1 455/555/1 
f 448/550/8 456/557/8 457/558/8 
f 457/558/8 450/551/8 448/550/8 
f 450/551/3 457/558/3 453/553/3 
f 453/553/3 452/544/3 450/551/3 
f 453/553/9 458/559/9 459/560/9 
f 459/560/9 454/554/9 453/553/9 
f 454/556/7 459/561/7 460/562/7 
f 460/562/7 461/557/7 454/556/7 
f 461/557/10 460/562/10 462/563/10 
f 462/563/10 463/558/10 461/557/10 
f 463/558/3 462/563/3 458/559/3 
f 458/559/3 453/553/3 463/558/3 
f 57/83/3 464/552/3 444/543/3 
f 444/543/3 465/79/3 57/83/3 
f 55/82/8 466/549/8 464/552/8 
f 464/552/8 57/83/8 55/82/8 
f 467/81/1 447/564/1 466/549/1 
f 466/549/1 55/82/1 467/81/1 
f 465/79/6 444/543/6 447/546/6 
f 447/546/6 467/80/6 465/79/6 
f 468/559/6 469/565/6 470/566/6 
f 470/566/6 471/560/6 468/559/6 
f 471/561/267 470/567/267 472/568/267 
f 472/568/267 460/562/267 471/561/267 
f 460/562/8 472/568/8 473/569/8 
f 473/569/8 462/563/8 460/562/8 
f 462/563/268 473/569/268 469/565/268 
f 469/565/268 468/559/268 462/563/268 
f 469/565/9 474/570/9 475/571/9 
f 475/571/9 470/566/9 469/565/9 
f 470/566/1 475/571/1 476/572/1 
f 476/572/1 477/573/1 470/566/1 
f 477/568/10 476/574/10 478/575/10 
f 478/575/10 479/569/10 477/568/10 
f 479/569/3 478/575/3 474/570/3 
f 474/570/3 469/565/3 479/569/3 
f 480/570/6 481/576/6 482/577/6 
f 482/577/6 483/571/6 480/570/6 
f 483/578/267 482/579/267 484/580/267 
f 484/580/267 476/574/267 483/578/267 
f 476/574/8 484/580/8 485/581/8 
f 485/581/8 478/575/8 476/574/8 
f 478/575/3 485/581/3 481/576/3 
f 481/576/3 480/570/3 478/575/3 
f 481/576/9 486/582/9 487/583/9 
f 487/583/9 482/577/9 481/576/9 
f 482/579/267 487/584/267 488/585/267 
f 488/585/267 489/580/267 482/579/267 
f 489/580/10 488/585/10 490/586/10 
f 490/586/10 491/581/10 489/580/10 
f 491/581/268 490/586/268 486/582/268 
f 486/582/268 481/576/268 491/581/268 
f 492/587/9 493/588/9 494/589/9 
f 494/589/9 495/590/9 492/587/9 
f 495/590/1 494/589/1 496/591/1 
f 496/591/1 497/592/1 495/590/1 
f 497/593/10 496/594/10 498/595/10 
f 498/595/10 499/596/10 497/593/10 
f 499/596/3 498/595/3 493/588/3 
f 493/588/3 492/587/3 499/596/3 
f 500/588/6 501/597/6 502/598/6 
f 502/598/6 503/589/6 500/588/6 
f 503/599/1 502/600/1 504/601/1 
f 504/601/1 496/594/1 503/599/1 
f 496/594/8 504/601/8 505/602/8 
f 505/602/8 498/595/8 496/594/8 
f 498/595/3 505/602/3 501/597/3 
f 501/597/3 500/588/3 498/595/3 
f 501/597/9 506/603/9 507/604/9 
f 507/604/9 502/598/9 501/597/9 
f 502/600/1 507/605/1 508/606/1 
f 508/606/1 509/601/1 502/600/1 
f 509/601/10 508/606/10 510/607/10 
f 510/607/10 511/602/10 509/601/10 
f 511/602/3 510/607/3 506/603/3 
f 506/603/3 501/597/3 511/602/3 
f 490/586/3 512/596/3 492/587/3 
f 492/587/3 513/582/3 490/586/3 
f 488/585/8 514/593/8 512/596/8 
f 512/596/8 490/586/8 488/585/8 
f 515/584/1 495/608/1 514/593/1 
f 514/593/1 488/585/1 515/584/1 
f 513/582/6 492/587/6 495/590/6 
f 495/590/6 515/583/6 513/582/6 
f 516/609/10 517/610/10 518/611/10 
f 518/611/10 519/612/10 516/609/10 
f 519/613/3 518/614/3 520/615/3 
f 520/615/3 521/616/3 519/613/3 
f 521/616/9 520/615/9 522/617/9 
f 522/617/9 523/618/9 521/616/9 
f 523/618/1 522/617/1 517/610/1 
f 517/610/1 516/609/1 523/618/1 
f 517/610/8 524/619/8 525/620/8 
f 525/620/8 518/611/8 517/610/8 
f 518/611/3 525/620/3 526/621/3 
f 526/621/3 527/622/3 518/611/3 
f 527/615/6 526/623/6 528/624/6 
f 528/624/6 529/617/6 527/615/6 
f 529/617/1 528/624/1 524/619/1 
f 524/619/1 517/610/1 529/617/1 
f 530/619/10 531/625/10 532/626/10 
f 532/626/10 533/620/10 530/619/10 
f 533/627/3 532/628/3 534/629/3 
f 534/629/3 526/623/3 533/627/3 
f 526/623/9 534/629/9 535/630/9 
f 535/630/9 528/624/9 526/623/9 
f 528/624/1 535/630/1 531/625/1 
f 531/625/1 530/619/1 528/624/1 
f 531/625/8 536/631/8 537/632/8 
f 537/632/8 532/626/8 531/625/8 
f 532/628/3 537/633/3 538/634/3 
f 538/634/3 539/629/3 532/628/3 
f 539/629/6 538/634/6 540/635/6 
f 540/635/6 541/630/6 539/629/6 
f 541/630/267 540/635/267 536/631/267 
f 536/631/267 531/625/267 541/630/267 
f 542/636/8 543/637/8 544/638/8 
f 544/638/8 545/639/8 542/636/8 
f 545/639/3 544/638/3 546/640/3 
f 546/640/3 547/641/3 545/639/3 
f 547/642/6 546/643/6 548/644/6 
f 548/644/6 549/645/6 547/642/6 
f 549/645/267 548/644/267 543/637/267 
f 543/637/267 542/636/267 549/645/267 
f 550/637/10 551/646/10 552/647/10 
f 552/647/10 553/638/10 550/637/10 
f 553/648/3 552/649/3 554/650/3 
f 554/650/3 546/643/3 553/648/3 
f 546/643/9 554/650/9 555/651/9 
f 555/651/9 548/644/9 546/643/9 
f 548/644/1 555/651/1 551/646/1 
f 551/646/1 550/637/1 548/644/1 
f 551/646/8 556/652/8 557/653/8 
f 557/653/8 552/647/8 551/646/8 
f 552/649/3 557/654/3 558/655/3 
f 558/655/3 559/650/3 552/649/3 
f 559/650/6 558/655/6 560/656/6 
f 560/656/6 561/651/6 559/650/6 
f 561/651/1 560/656/1 556/652/1 
f 556/652/1 551/646/1 561/651/1 
f 540/635/1 562/645/1 542/636/1 
f 542/636/1 563/631/1 540/635/1 
f 538/634/9 564/642/9 562/645/9 
f 562/645/9 540/635/9 538/634/9 
f 565/633/3 545/657/3 564/642/3 
f 564/642/3 538/634/3 565/633/3 
f 563/631/10 542/636/10 545/639/10 
f 545/639/10 565/632/10 563/631/10 
f 566/652/10 567/658/10 568/659/10 
f 568/659/10 569/653/10 566/652/10 
f 569/654/268 568/660/268 570/661/268 
f 570/661/268 558/655/268 569/654/268 
f 558/655/9 570/661/9 571/662/9 
f 571/662/9 560/656/9 558/655/9 
f 560/656/1 571/662/1 567/658/1 
f 567/658/1 566/652/1 560/656/1 
f 567/658/8 572/663/8 573/664/8 
f 573/664/8 568/659/8 567/658/8 
f 568/659/3 573/664/3 574/665/3 
f 574/665/3 575/666/3 568/659/3 
f 575/661/6 574/667/6 576/668/6 
f 576/668/6 577/662/6 575/661/6 
f 577/662/1 576/668/1 572/663/1 
f 572/663/1 567/658/1 577/662/1 
f 578/663/10 579/669/10 580/670/10 
f 580/670/10 581/664/10 578/663/10 
f 581/671/3 580/672/3 582/673/3 
f 582/673/3 574/667/3 581/671/3 
f 574/667/9 582/673/9 583/674/9 
f 583/674/9 576/668/9 574/667/9 
f 576/668/1 583/674/1 579/669/1 
f 579/669/1 578/663/1 576/668/1 
f 579/669/8 584/675/8 585/676/8 
f 585/676/8 580/670/8 579/669/8 
f 580/672/3 585/677/3 586/678/3 
f 586/678/3 587/673/3 580/672/3 
f 587/673/6 586/678/6 588/679/6 
f 588/679/6 589/674/6 587/673/6 
f 589/674/1 588/679/1 584/675/1 
f 584/675/1 579/669/1 589/674/1 
f 590/680/8 591/681/8 592/682/8 
f 592/682/8 593/683/8 590/680/8 
f 593/683/3 592/682/3 594/684/3 
f 594/684/3 595/685/3 593/683/3 
f 595/686/6 594/687/6 596/688/6 
f 596/688/6 597/689/6 595/686/6 
f 597/689/1 596/688/1 591/681/1 
f 591/681/1 590/680/1 597/689/1 
f 598/681/10 599/690/10 600/691/10 
f 600/691/10 601/682/10 598/681/10 
f 601/692/3 600/693/3 602/694/3 
f 602/694/3 594/687/3 601/692/3 
f 594/687/9 602/694/9 603/695/9 
f 603/695/9 596/688/9 594/687/9 
f 596/688/1 603/695/1 599/690/1 
f 599/690/1 598/681/1 596/688/1 
f 599/690/8 604/696/8 605/697/8 
f 605/697/8 600/691/8 599/690/8 
f 600/693/3 605/698/3 606/699/3 
f 606/699/3 607/694/3 600/693/3 
f 607/694/6 606/699/6 608/700/6 
f 608/700/6 609/695/6 607/694/6 
f 609/695/1 608/700/1 604/696/1 
f 604/696/1 599/690/1 609/695/1 
f 588/679/1 610/689/1 590/680/1 
f 590/680/1 611/675/1 588/679/1 
f 586/678/9 612/686/9 610/689/9 
f 610/689/9 588/679/9 586/678/9 
f 613/677/3 593/701/3 612/686/3 
f 612/686/3 586/678/3 613/677/3 
f 611/675/10 590/680/10 593/683/10 
f 593/683/10 613/676/10 611/675/10 
f 614/702/269 615/703/269 616/704/269 
f 616/704/269 617/705/269 614/702/269 
f 617/706/5 616/707/5 618/708/5 
f 618/708/5 619/709/5 617/706/5 
f 619/709/270 618/708/270 620/710/270 
f 620/710/270 621/711/270 619/709/270 
f 621/711/2 620/710/2 615/703/2 
f 615/703/2 614/702/2 621/711/2 
f 615/703/271 622/712/271 623/713/271 
f 623/713/271 616/704/271 615/703/271 
f 616/704/5 623/713/5 624/714/5 
f 624/714/5 625/715/5 616/704/5 
f 625/708/272 624/716/272 626/717/272 
f 626/717/272 627/710/272 625/708/272 
f 627/710/2 626/717/2 622/712/2 
f 622/712/2 615/703/2 627/710/2 
f 628/712/269 629/718/269 630/719/269 
f 630/719/269 631/713/269 628/712/269 
f 631/720/5 630/721/5 632/722/5 
f 632/722/5 624/716/5 631/720/5 
f 624/716/270 632/722/270 633/723/270 
f 633/723/270 626/717/270 624/716/270 
f 626/717/2 633/723/2 629/718/2 
f 629/718/2 628/712/2 626/717/2 
f 629/718/271 634/724/271 635/725/271 
f 635/725/271 630/719/271 629/718/271 
f 630/721/5 635/726/5 636/727/5 
f 636/727/5 637/722/5 630/721/5 
f 637/722/272 636/727/272 638/728/272 
f 638/728/272 639/723/272 637/722/272 
f 639/723/2 638/728/2 634/724/2 
f 634/724/2 629/718/2 639/723/2 
f 640/729/271 641/730/271 642/731/271 
f 642/731/271 643/732/271 640/729/271 
f 643/732/5 642/731/5 644/733/5 
f 644/733/5 645/734/5 643/732/5 
f 645/735/272 644/736/272 646/737/272 
f 646/737/272 647/738/272 645/735/272 
f 647/738/2 646/737/2 641/730/2 
f 641/730/2 640/729/2 647/738/2 
f 648/730/269 649/739/269 650/740/269 
f 650/740/269 651/731/269 648/730/269 
f 651/741/5 650/742/5 652/743/5 
f 652/743/5 644/736/5 651/741/5 
f 644/736/270 652/743/270 653/744/270 
f 653/744/270 646/737/270 644/736/270 
f 646/737/2 653/744/2 649/739/2 
f 649/739/2 648/730/2 646/737/2 
f 649/739/271 654/745/271 655/746/271 
f 655/746/271 650/740/271 649/739/271 
f 650/742/5 655/747/5 656/748/5 
f 656/748/5 657/743/5 650/742/5 
f 657/743/272 656/748/272 658/749/272 
f 658/749/272 659/744/272 657/743/272 
f 659/744/2 658/749/2 654/745/2 
f 654/745/2 649/739/2 659/744/2 
f 638/728/2 660/738/2 640/729/2 
f 640/729/2 661/724/2 638/728/2 
f 636/727/270 662/735/270 660/738/270 
f 660/738/270 638/728/270 636/727/270 
f 663/726/5 643/750/5 662/735/5 
f 662/735/5 636/727/5 663/726/5 
f 661/724/269 640/729/269 643/732/269 
f 643/732/269 663/725/269 661/724/269 
f 664/745/269 665/751/269 666/752/269 
f 666/752/269 667/746/269 664/745/269 
f 667/747/5 666/753/5 668/754/5 
f 668/754/5 656/748/5 667/747/5 
f 656/748/270 668/754/270 669/755/270 
f 669/755/270 658/749/270 656/748/270 
f 658/749/2 669/755/2 665/751/2 
f 665/751/2 664/745/2 658/749/2 
f 665/751/271 670/756/271 671/757/271 
f 671/757/271 666/752/271 665/751/271 
f 666/752/5 671/757/5 672/758/5 
f 672/758/5 673/759/5 666/752/5 
f 673/754/272 672/760/272 674/761/272 
f 674/761/272 675/755/272 673/754/272 
f 675/755/2 674/761/2 670/756/2 
f 670/756/2 665/751/2 675/755/2 
f 676/756/269 677/762/269 678/763/269 
f 678/763/269 679/757/269 676/756/269 
f 679/764/5 678/765/5 680/766/5 
f 680/766/5 672/760/5 679/764/5 
f 672/760/270 680/766/270 681/767/270 
f 681/767/270 674/761/270 672/760/270 
f 674/761/2 681/767/2 677/762/2 
f 677/762/2 676/756/2 674/761/2 
f 677/762/271 682/768/271 683/769/271 
f 683/769/271 678/763/271 677/762/271 
f 678/765/5 683/770/5 684/771/5 
f 684/771/5 685/766/5 678/765/5 
f 685/766/272 684/771/272 686/772/272 
f 686/772/272 687/767/272 685/766/272 
f 687/767/2 686/772/2 682/768/2 
f 682/768/2 677/762/2 687/767/2 
f 688/773/271 689/774/271 690/775/271 
f 690/775/271 691/776/271 688/773/271 
f 691/776/5 690/775/5 692/777/5 
f 692/777/5 693/778/5 691/776/5 
f 693/779/272 692/780/272 694/781/272 
f 694/781/272 695/782/272 693/779/272 
f 695/782/2 694/781/2 689/774/2 
f 689/774/2 688/773/2 695/782/2 
f 696/774/269 697/783/269 698/784/269 
f 698/784/269 699/775/269 696/774/269 
f 699/785/5 698/786/5 700/787/5 
f 700/787/5 692/780/5 699/785/5 
f 692/780/270 700/787/270 701/788/270 
f 701/788/270 694/781/270 692/780/270 
f 694/781/2 701/788/2 697/783/2 
f 697/783/2 696/774/2 694/781/2 
f 697/783/271 702/789/271 703/790/271 
f 703/790/271 698/784/271 697/783/271 
f 698/786/5 703/791/5 704/792/5 
f 704/792/5 705/787/5 698/786/5 
f 705/787/272 704/792/272 706/793/272 
f 706/793/272 707/788/272 705/787/272 
f 707/788/2 706/793/2 702/789/2 
f 702/789/2 697/783/2 707/788/2 
f 686/772/2 708/782/2 688/773/2 
f 688/773/2 709/768/2 686/772/2 
f 684/771/270 710/779/270 708/782/270 
f 708/782/270 686/772/270 684/771/270 
f 711/770/5 691/794/5 710/779/5 
f 710/779/5 684/771/5 711/770/5 
f 709/768/269 688/773/269 691/776/269 
f 691/776/269 711/769/269 709/768/269 
f 712/795/272 713/796/272 714/797/272 
f 714/797/272 715/798/272 712/795/272 
f 715/799/2 714/800/2 716/801/2 
f 716/801/2 717/802/2 715/799/2 
f 717/802/271 716/801/271 718/803/271 
f 718/803/271 719/804/271 717/802/271 
f 719/804/5 718/803/5 713/796/5 
f 713/796/5 712/795/5 719/804/5 
f 713/796/270 720/805/270 721/806/270 
f 721/806/270 714/797/270 713/796/270 
f 714/797/2 721/806/2 722/807/2 
f 722/807/2 723/808/2 714/797/2 
f 723/801/269 722/809/269 724/810/269 
f 724/810/269 725/803/269 723/801/269 
f 725/803/5 724/810/5 720/805/5 
f 720/805/5 713/796/5 725/803/5 
f 726/805/272 727/811/272 728/812/272 
f 728/812/272 729/806/272 726/805/272 
f 729/813/2 728/814/2 730/815/2 
f 730/815/2 722/809/2 729/813/2 
f 722/809/271 730/815/271 731/816/271 
f 731/816/271 724/810/271 722/809/271 
f 724/810/5 731/816/5 727/811/5 
f 727/811/5 726/805/5 724/810/5 
f 727/811/270 732/817/270 733/818/270 
f 733/818/270 728/812/270 727/811/270 
f 728/814/2 733/819/2 734/820/2 
f 734/820/2 735/815/2 728/814/2 
f 735/815/269 734/820/269 736/821/269 
f 736/821/269 737/816/269 735/815/269 
f 737/816/5 736/821/5 732/817/5 
f 732/817/5 727/811/5 737/816/5 
f 738/822/270 739/823/270 740/824/270 
f 740/824/270 741/825/270 738/822/270 
f 741/825/2 740/824/2 742/826/2 
f 742/826/2 743/827/2 741/825/2 
f 743/828/269 742/829/269 744/830/269 
f 744/830/269 745/831/269 743/828/269 
f 745/831/5 744/830/5 739/823/5 
f 739/823/5 738/822/5 745/831/5 
f 746/823/272 747/832/272 748/833/272 
f 748/833/272 749/824/272 746/823/272 
f 749/834/2 748/835/2 750/836/2 
f 750/836/2 742/829/2 749/834/2 
f 742/829/271 750/836/271 751/837/271 
f 751/837/271 744/830/271 742/829/271 
f 744/830/5 751/837/5 747/832/5 
f 747/832/5 746/823/5 744/830/5 
f 747/832/270 752/838/270 753/839/270 
f 753/839/270 748/833/270 747/832/270 
f 748/835/2 753/840/2 754/841/2 
f 754/841/2 755/836/2 748/835/2 
f 755/836/269 754/841/269 756/842/269 
f 756/842/269 757/837/269 755/836/269 
f 757/837/5 756/842/5 752/838/5 
f 752/838/5 747/832/5 757/837/5 
f 736/821/5 758/831/5 738/822/5 
f 738/822/5 759/817/5 736/821/5 
f 734/820/271 760/828/271 758/831/271 
f 758/831/271 736/821/271 734/820/271 
f 761/819/2 741/843/2 760/828/2 
f 760/828/2 734/820/2 761/819/2 
f 759/817/272 738/822/272 741/825/272 
f 741/825/272 761/818/272 759/817/272 
f 762/838/272 763/844/272 764/845/272 
f 764/845/272 765/839/272 762/838/272 
f 765/840/2 764/846/2 766/847/2 
f 766/847/2 754/841/2 765/840/2 
f 754/841/271 766/847/271 767/848/271 
f 767/848/271 756/842/271 754/841/271 
f 756/842/5 767/848/5 763/844/5 
f 763/844/5 762/838/5 756/842/5 
f 763/844/270 768/849/270 769/850/270 
f 769/850/270 764/845/270 763/844/270 
f 764/845/2 769/850/2 770/851/2 
f 770/851/2 771/852/2 764/845/2 
f 771/847/269 770/853/269 772/854/269 
f 772/854/269 773/848/269 771/847/269 
f 773/848/5 772/854/5 768/849/5 
f 768/849/5 763/844/5 773/848/5 
f 774/849/272 775/855/272 776/856/272 
f 776/856/272 777/850/272 774/849/272 
f 777/857/2 776/858/2 778/859/2 
f 778/859/2 770/853/2 777/857/2 
f 770/853/271 778/859/271 779/860/271 
f 779/860/271 772/854/271 770/853/271 
f 772/854/5 779/860/5 775/855/5 
f 775/855/5 774/849/5 772/854/5 
f 775/855/270 780/861/270 781/862/270 
f 781/862/270 776/856/270 775/855/270 
f 776/858/2 781/863/2 782/864/2 
f 782/864/2 783/859/2 776/858/2 
f 783/859/269 782/864/269 784/865/269 
f 784/865/269 785/860/269 783/859/269 
f 785/860/5 784/865/5 780/861/5 
f 780/861/5 775/855/5 785/860/5 
f 786/866/270 787/867/270 788/868/270 
f 788/868/270 789/869/270 786/866/270 
f 789/869/2 788/868/2 790/870/2 
f 790/870/2 791/871/2 789/869/2 
f 791/872/269 790/873/269 792/874/269 
f 792/874/269 793/875/269 791/872/269 
f 793/875/5 792/874/5 787/867/5 
f 787/867/5 786/866/5 793/875/5 
f 794/867/272 795/876/272 796/877/272 
f 796/877/272 797/868/272 794/867/272 
f 797/878/2 796/879/2 798/880/2 
f 798/880/2 790/873/2 797/878/2 
f 790/873/271 798/880/271 799/881/271 
f 799/881/271 792/874/271 790/873/271 
f 792/874/5 799/881/5 795/876/5 
f 795/876/5 794/867/5 792/874/5 
f 795/876/270 800/882/270 801/883/270 
f 801/883/270 796/877/270 795/876/270 
f 796/879/2 801/884/2 802/885/2 
f 802/885/2 803/880/2 796/879/2 
f 803/880/269 802/885/269 804/886/269 
f 804/886/269 805/881/269 803/880/269 
f 805/881/5 804/886/5 800/882/5 
f 800/882/5 795/876/5 805/881/5 
f 784/865/5 806/875/5 786/866/5 
f 786/866/5 807/861/5 784/865/5 
f 782/864/271 808/872/271 806/875/271 
f 806/875/271 784/865/271 782/864/271 
f 809/863/2 789/887/2 808/872/2 
f 808/872/2 782/864/2 809/863/2 
f 807/861/272 786/866/272 789/869/272 
f 789/869/272 809/862/272 807/861/272 
f 810/888/273 811/889/273 812/890/273 
f 812/890/273 813/891/273 810/888/273 
f 813/892/2 812/893/2 814/894/2 
f 814/894/2 815/895/2 813/892/2 
f 815/895/274 814/894/274 816/896/274 
f 816/896/274 817/897/274 815/895/274 
f 817/897/5 816/896/5 811/889/5 
f 811/889/5 810/888/5 817/897/5 
f 818/898/5 819/899/5 820/900/5 
f 820/900/5 821/901/5 818/898/5 
f 822/902/275 823/903/275 819/899/275 
f 819/899/275 818/898/275 822/902/275 
f 824/904/2 825/905/2 823/903/2 
f 823/903/2 822/902/2 824/904/2 
f 821/901/276 820/900/276 825/906/276 
f 825/906/276 824/907/276 821/901/276 
f 826/908/5 827/898/5 821/901/5 
f 821/901/5 828/909/5 826/908/5 
f 829/910/274 830/902/274 827/898/274 
f 827/898/274 826/908/274 829/910/274 
f 831/911/2 824/904/2 830/902/2 
f 830/902/2 829/910/2 831/911/2 
f 828/909/273 821/901/273 824/907/273 
f 824/907/273 831/912/273 828/909/273 
f 832/896/5 826/908/5 833/909/5 
f 833/909/5 811/889/5 832/896/5 
f 834/894/277 829/910/277 826/908/277 
f 826/908/277 832/896/277 834/894/277 
f 812/890/278 835/912/278 829/913/278 
f 829/913/278 834/914/278 812/890/278 
f 811/889/276 833/909/276 835/912/276 
f 835/912/276 812/890/276 811/889/276 
f 836/915/5 817/897/5 837/888/5 
f 837/888/5 838/916/5 836/915/5 
f 839/917/277 815/895/277 817/897/277 
f 817/897/277 836/915/277 839/917/277 
f 840/918/2 841/892/2 815/895/2 
f 815/895/2 839/917/2 840/918/2 
f 838/916/276 837/888/276 841/891/276 
f 841/891/276 840/919/276 838/916/276 
f 842/920/5 843/915/5 838/916/5 
f 838/916/5 844/921/5 842/920/5 
f 845/922/274 846/917/274 843/915/274 
f 843/915/274 842/920/274 845/922/274 
f 847/923/2 840/918/2 846/917/2 
f 846/917/2 845/922/2 847/923/2 
f 844/921/273 838/916/273 840/919/273 
f 840/919/273 847/924/273 844/921/273 
f 848/925/5 842/920/5 849/921/5 
f 849/921/5 850/926/5 848/925/5 
f 851/927/277 845/922/277 842/920/277 
f 842/920/277 848/925/277 851/927/277 
f 852/928/2 853/924/2 845/929/2 
f 845/929/2 851/930/2 852/928/2 
f 850/926/276 849/921/276 853/924/276 
f 853/924/276 852/928/276 850/926/276 
f 854/931/5 855/925/5 850/926/5 
f 850/926/5 856/932/5 854/931/5 
f 857/933/274 858/927/274 855/925/274 
f 855/925/274 854/931/274 857/933/274 
f 859/934/2 852/935/2 858/927/2 
f 858/927/2 857/933/2 859/934/2 
f 856/932/273 850/926/273 852/928/273 
f 852/928/273 859/936/273 856/932/273 
f 860/937/273 861/938/273 862/939/273 
f 862/939/273 863/940/273 860/937/273 
f 863/941/2 862/942/2 864/943/2 
f 864/943/2 865/944/2 863/941/2 
f 865/944/274 864/943/274 866/945/274 
f 866/945/274 867/946/274 865/944/274 
f 867/946/5 866/945/5 861/938/5 
f 861/938/5 860/937/5 867/946/5 
f 868/947/5 854/931/5 869/932/5 
f 869/932/5 870/948/5 868/947/5 
f 871/949/275 857/933/275 854/931/275 
f 854/931/275 868/947/275 871/949/275 
f 872/950/2 873/934/2 857/933/2 
f 857/933/2 871/949/2 872/950/2 
f 870/948/276 869/932/276 873/936/276 
f 873/936/276 872/951/276 870/948/276 
f 874/952/5 875/947/5 870/948/5 
f 870/948/5 876/953/5 874/952/5 
f 877/954/274 878/949/274 875/947/274 
f 875/947/274 874/952/274 877/954/274 
f 879/955/2 872/950/2 878/949/2 
f 878/949/2 877/954/2 879/955/2 
f 876/953/273 870/948/273 872/951/273 
f 872/951/273 879/956/273 876/953/273 
f 880/945/5 874/952/5 881/953/5 
f 881/953/5 861/938/5 880/945/5 
f 882/943/277 877/954/277 874/952/277 
f 874/952/277 880/945/277 882/943/277 
f 862/939/2 883/956/2 877/957/2 
f 877/957/2 882/958/2 862/939/2 
f 861/938/276 881/953/276 883/956/276 
f 883/956/276 862/939/276 861/938/276 
f 884/959/5 867/946/5 885/937/5 
f 885/937/5 886/960/5 884/959/5 
f 887/961/277 865/944/277 867/946/277 
f 867/946/277 884/959/277 887/961/277 
f 888/962/2 889/941/2 865/944/2 
f 865/944/2 887/961/2 888/962/2 
f 886/960/276 885/937/276 889/940/276 
f 889/940/276 888/963/276 886/960/276 
f 890/964/5 891/959/5 886/960/5 
f 886/960/5 892/965/5 890/964/5 
f 893/966/274 894/961/274 891/959/274 
f 891/959/274 890/964/274 893/966/274 
f 895/967/2 888/962/2 894/961/2 
f 894/961/2 893/966/2 895/967/2 
f 892/965/273 886/960/273 888/963/273 
f 888/963/273 895/968/273 892/965/273 
f 896/969/5 890/964/5 897/965/5 
f 897/965/5 898/970/5 896/969/5 
f 899/971/277 893/966/277 890/964/277 
f 890/964/277 896/969/277 899/971/277 
f 900/972/2 901/968/2 893/973/2 
f 893/973/2 899/974/2 900/972/2 
f 898/970/276 897/965/276 901/968/276 
f 901/968/276 900/972/276 898/970/276 
f 902/975/5 903/969/5 898/970/5 
f 898/970/5 904/976/5 902/975/5 
f 905/977/274 906/971/274 903/969/274 
f 903/969/274 902/975/274 905/977/274 
f 907/978/2 900/979/2 906/971/2 
f 906/971/2 905/977/2 907/978/2 
f 904/976/273 898/970/273 900/972/273 
f 900/972/273 907/980/273 904/976/273 
f 908/981/277 909/982/277 910/983/277 
f 910/983/277 911/984/277 908/981/277 
f 911/985/5 910/986/5 912/987/5 
f 912/987/5 913/988/5 911/985/5 
f 913/988/276 912/987/276 914/989/276 
f 914/989/276 915/990/276 913/988/276 
f 915/990/2 914/989/2 909/982/2 
f 909/982/2 908/981/2 915/990/2 
f 916/991/2 917/992/2 918/993/2 
f 918/993/2 919/994/2 916/991/2 
f 920/995/273 921/996/273 917/992/273 
f 917/992/273 916/991/273 920/995/273 
f 922/997/5 923/998/5 921/996/5 
f 921/996/5 920/995/5 922/997/5 
f 919/994/274 918/993/274 923/999/274 
f 923/999/274 922/1000/274 919/994/274 
f 924/1001/2 925/991/2 919/994/2 
f 919/994/2 926/1002/2 924/1001/2 
f 927/1003/276 928/995/276 925/991/276 
f 925/991/276 924/1001/276 927/1003/276 
f 929/1004/5 922/997/5 928/995/5 
f 928/995/5 927/1003/5 929/1004/5 
f 926/1002/277 919/994/277 922/1000/277 
f 922/1000/277 929/1005/277 926/1002/277 
f 930/989/2 924/1001/2 931/1002/2 
f 931/1002/2 909/982/2 930/989/2 
f 932/987/273 927/1003/273 924/1001/273 
f 924/1001/273 930/989/273 932/987/273 
f 910/983/279 933/1005/279 927/1006/279 
f 927/1006/279 932/1007/279 910/983/279 
f 909/982/274 931/1002/274 933/1005/274 
f 933/1005/274 910/983/274 909/982/274 
f 934/1008/2 915/990/2 935/981/2 
f 935/981/2 936/1009/2 934/1008/2 
f 937/1010/273 913/988/273 915/990/273 
f 915/990/273 934/1008/273 937/1010/273 
f 938/1011/5 939/985/5 913/988/5 
f 913/988/5 937/1010/5 938/1011/5 
f 936/1009/274 935/981/274 939/984/274 
f 939/984/274 938/1012/274 936/1009/274 
f 940/1013/2 941/1008/2 936/1009/2 
f 936/1009/2 942/1014/2 940/1013/2 
f 943/1015/276 944/1010/276 941/1008/276 
f 941/1008/276 940/1013/276 943/1015/276 
f 945/1016/5 938/1011/5 944/1010/5 
f 944/1010/5 943/1015/5 945/1016/5 
f 942/1014/277 936/1009/277 938/1012/277 
f 938/1012/277 945/1017/277 942/1014/277 
f 946/1018/2 940/1013/2 947/1014/2 
f 947/1014/2 948/1019/2 946/1018/2 
f 949/1020/273 943/1015/273 940/1013/273 
f 940/1013/273 946/1018/273 949/1020/273 
f 950/1021/5 951/1017/5 943/1022/5 
f 943/1022/5 949/1023/5 950/1021/5 
f 948/1019/274 947/1014/274 951/1017/274 
f 951/1017/274 950/1021/274 948/1019/274 
f 952/1024/2 953/1018/2 948/1019/2 
f 948/1019/2 954/1025/2 952/1024/2 
f 955/1026/276 956/1020/276 953/1018/276 
f 953/1018/276 952/1024/276 955/1026/276 
f 957/1027/5 950/1028/5 956/1020/5 
f 956/1020/5 955/1026/5 957/1027/5 
f 954/1025/277 948/1019/277 950/1021/277 
f 950/1021/277 957/1029/277 954/1025/277 
f 958/1030/277 959/1031/277 960/1032/277 
f 960/1032/277 961/1033/277 958/1030/277 
f 961/1034/5 960/1035/5 962/1036/5 
f 962/1036/5 963/1037/5 961/1034/5 
f 963/1037/276 962/1036/276 964/1038/276 
f 964/1038/276 965/1039/276 963/1037/276 
f 965/1039/2 964/1038/2 959/1031/2 
f 959/1031/2 958/1030/2 965/1039/2 
f 966/1040/2 952/1024/2 967/1025/2 
f 967/1025/2 968/1041/2 966/1040/2 
f 969/1042/273 955/1026/273 952/1024/273 
f 952/1024/273 966/1040/273 969/1042/273 
f 970/1043/5 971/1027/5 955/1026/5 
f 955/1026/5 969/1042/5 970/1043/5 
f 968/1041/274 967/1025/274 971/1029/274 
f 971/1029/274 970/1044/274 968/1041/274 
f 972/1045/2 973/1040/2 968/1041/2 
f 968/1041/2 974/1046/2 972/1045/2 
f 975/1047/276 976/1042/276 973/1040/276 
f 973/1040/276 972/1045/276 975/1047/276 
f 977/1048/5 970/1043/5 976/1042/5 
f 976/1042/5 975/1047/5 977/1048/5 
f 974/1046/277 968/1041/277 970/1044/277 
f 970/1044/277 977/1049/277 974/1046/277 
f 978/1038/2 972/1045/2 979/1046/2 
f 979/1046/2 959/1031/2 978/1038/2 
f 980/1036/273 975/1047/273 972/1045/273 
f 972/1045/273 978/1038/273 980/1036/273 
f 960/1032/5 981/1049/5 975/1050/5 
f 975/1050/5 980/1051/5 960/1032/5 
f 959/1031/274 979/1046/274 981/1049/274 
f 981/1049/274 960/1032/274 959/1031/274 
f 982/1052/2 965/1039/2 983/1030/2 
f 983/1030/2 984/1053/2 982/1052/2 
f 985/1054/273 963/1037/273 965/1039/273 
f 965/1039/273 982/1052/273 985/1054/273 
f 986/1055/5 987/1034/5 963/1037/5 
f 963/1037/5 985/1054/5 986/1055/5 
f 984/1053/274 983/1030/274 987/1033/274 
f 987/1033/274 986/1056/274 984/1053/274 
f 988/1057/2 989/1052/2 984/1053/2 
f 984/1053/2 990/1058/2 988/1057/2 
f 991/1059/276 992/1054/276 989/1052/276 
f 989/1052/276 988/1057/276 991/1059/276 
f 993/1060/5 986/1055/5 992/1054/5 
f 992/1054/5 991/1059/5 993/1060/5 
f 990/1058/277 984/1053/277 986/1056/277 
f 986/1056/277 993/1061/277 990/1058/277 
f 994/1062/2 988/1057/2 995/1058/2 
f 995/1058/2 996/1063/2 994/1062/2 
f 997/1064/273 991/1059/273 988/1057/273 
f 988/1057/273 994/1062/273 997/1064/273 
f 998/1065/5 999/1061/5 991/1066/5 
f 991/1066/5 997/1067/5 998/1065/5 
f 996/1063/274 995/1058/274 999/1061/274 
f 999/1061/274 998/1065/274 996/1063/274 
f 1000/1068/2 1001/1062/2 996/1063/2 
f 996/1063/2 1002/1069/2 1000/1068/2 
f 1003/1070/276 1004/1064/276 1001/1062/276 
f 1001/1062/276 1000/1068/276 1003/1070/276 
f 1005/1071/5 998/1072/5 1004/1064/5 
f 1004/1064/5 1003/1070/5 1005/1071/5 
f 1002/1069/277 996/1063/277 998/1065/277 
f 998/1065/277 1005/1073/277 1002/1069/277 
f 1006/1074/280 1007/1075/280 1008/1076/280 
f 1008/1076/280 1009/1077/280 1006/1074/280 
f 1009/1078/247 1008/1079/247 1010/1080/247 
f 1010/1080/247 1011/1081/247 1009/1078/247 
f 1011/1081/281 1010/1080/281 1012/1082/281 
f 1012/1082/281 1013/1083/281 1011/1081/281 
f 1013/1083/4 1012/1082/4 1007/1075/4 
f 1007/1075/4 1006/1074/4 1013/1083/4 
f 1014/1084/4 1015/1085/4 1016/1086/4 
f 1016/1086/4 1017/1087/4 1014/1084/4 
f 1018/1088/282 1019/1089/282 1015/1085/282 
f 1015/1085/282 1014/1084/282 1018/1088/282 
f 1020/1090/247 1021/1091/247 1019/1089/247 
f 1019/1089/247 1018/1088/247 1020/1090/247 
f 1017/1087/283 1016/1086/283 1021/1092/283 
f 1021/1092/283 1020/1093/283 1017/1087/283 
f 1022/1094/4 1023/1084/4 1017/1087/4 
f 1017/1087/4 1024/1095/4 1022/1094/4 
f 1025/1096/281 1026/1088/281 1023/1084/281 
f 1023/1084/281 1022/1094/281 1025/1096/281 
f 1027/1097/247 1020/1090/247 1026/1088/247 
f 1026/1088/247 1025/1096/247 1027/1097/247 
f 1024/1095/280 1017/1087/280 1020/1093/280 
f 1020/1093/280 1027/1098/280 1024/1095/280 
f 1028/1082/4 1022/1094/4 1029/1095/4 
f 1029/1095/4 1007/1075/4 1028/1082/4 
f 1030/1080/282 1025/1096/282 1022/1094/282 
f 1022/1094/282 1028/1082/282 1030/1080/282 
f 1008/1076/247 1031/1098/247 1025/1099/247 
f 1025/1099/247 1030/1100/247 1008/1076/247 
f 1007/1075/283 1029/1095/283 1031/1098/283 
f 1031/1098/283 1008/1076/283 1007/1075/283 
f 1032/1101/4 1013/1083/4 1033/1074/4 
f 1033/1074/4 1034/1102/4 1032/1101/4 
f 1035/1103/282 1011/1081/282 1013/1083/282 
f 1013/1083/282 1032/1101/282 1035/1103/282 
f 1036/1104/247 1037/1078/247 1011/1081/247 
f 1011/1081/247 1035/1103/247 1036/1104/247 
f 1034/1102/283 1033/1074/283 1037/1077/283 
f 1037/1077/283 1036/1105/283 1034/1102/283 
f 1038/1106/4 1039/1101/4 1034/1102/4 
f 1034/1102/4 1040/1107/4 1038/1106/4 
f 1041/1108/281 1042/1103/281 1039/1101/281 
f 1039/1101/281 1038/1106/281 1041/1108/281 
f 1043/1109/247 1036/1104/247 1042/1103/247 
f 1042/1103/247 1041/1108/247 1043/1109/247 
f 1040/1107/280 1034/1102/280 1036/1105/280 
f 1036/1105/280 1043/1110/280 1040/1107/280 
f 1044/1111/4 1038/1106/4 1045/1107/4 
f 1045/1107/4 1046/1112/4 1044/1111/4 
f 1047/1113/282 1041/1108/282 1038/1106/282 
f 1038/1106/282 1044/1111/282 1047/1113/282 
f 1048/1114/247 1049/1110/247 1041/1115/247 
f 1041/1115/247 1047/1116/247 1048/1114/247 
f 1046/1112/283 1045/1107/283 1049/1110/283 
f 1049/1110/283 1048/1114/283 1046/1112/283 
f 1050/1117/4 1051/1111/4 1046/1112/4 
f 1046/1112/4 1052/1118/4 1050/1117/4 
f 1053/1119/284 1054/1113/284 1051/1111/284 
f 1051/1111/284 1050/1117/284 1053/1119/284 
f 1055/1120/247 1048/1121/247 1054/1113/247 
f 1054/1113/247 1053/1119/247 1055/1120/247 
f 1052/1118/280 1046/1112/280 1048/1114/280 
f 1048/1114/280 1055/1122/280 1052/1118/280 
f 1056/1123/280 1057/1124/280 1058/1125/280 
f 1058/1125/280 1059/1126/280 1056/1123/280 
f 1059/1127/247 1058/1128/247 1060/1129/247 
f 1060/1129/247 1061/1130/247 1059/1127/247 
f 1061/1130/281 1060/1129/281 1062/1131/281 
f 1062/1131/281 1063/1132/281 1061/1130/281 
f 1063/1132/4 1062/1131/4 1057/1124/4 
f 1057/1124/4 1056/1123/4 1063/1132/4 
f 1064/1133/4 1050/1117/4 1065/1118/4 
f 1065/1118/4 1066/1134/4 1064/1133/4 
f 1067/1135/282 1053/1119/282 1050/1117/282 
f 1050/1117/282 1064/1133/282 1067/1135/282 
f 1068/1136/247 1069/1120/247 1053/1119/247 
f 1053/1119/247 1067/1135/247 1068/1136/247 
f 1066/1134/283 1065/1118/283 1069/1122/283 
f 1069/1122/283 1068/1137/283 1066/1134/283 
f 1070/1138/4 1071/1133/4 1066/1134/4 
f 1066/1134/4 1072/1139/4 1070/1138/4 
f 1073/1140/281 1074/1135/281 1071/1133/281 
f 1071/1133/281 1070/1138/281 1073/1140/281 
f 1075/1141/247 1068/1136/247 1074/1135/247 
f 1074/1135/247 1073/1140/247 1075/1141/247 
f 1072/1139/280 1066/1134/280 1068/1137/280 
f 1068/1137/280 1075/1142/280 1072/1139/280 
f 1076/1131/4 1070/1138/4 1077/1139/4 
f 1077/1139/4 1057/1124/4 1076/1131/4 
f 1078/1129/282 1073/1140/282 1070/1138/282 
f 1070/1138/282 1076/1131/282 1078/1129/282 
f 1058/1125/247 1079/1142/247 1073/1143/247 
f 1073/1143/247 1078/1144/247 1058/1125/247 
f 1057/1124/283 1077/1139/283 1079/1142/283 
f 1079/1142/283 1058/1125/283 1057/1124/283 
f 1080/1145/4 1063/1132/4 1081/1123/4 
f 1081/1123/4 1082/1146/4 1080/1145/4 
f 1083/1147/282 1061/1130/282 1063/1132/282 
f 1063/1132/282 1080/1145/282 1083/1147/282 
f 1084/1148/247 1085/1127/247 1061/1130/247 
f 1061/1130/247 1083/1147/247 1084/1148/247 
f 1082/1146/283 1081/1123/283 1085/1126/283 
f 1085/1126/283 1084/1149/283 1082/1146/283 
f 1086/1150/4 1087/1145/4 1082/1146/4 
f 1082/1146/4 1088/1151/4 1086/1150/4 
f 1089/1152/281 1090/1147/281 1087/1145/281 
f 1087/1145/281 1086/1150/281 1089/1152/281 
f 1091/1153/247 1084/1148/247 1090/1147/247 
f 1090/1147/247 1089/1152/247 1091/1153/247 
f 1088/1151/280 1082/1146/280 1084/1149/280 
f 1084/1149/280 1091/1154/280 1088/1151/280 
f 1092/1155/4 1086/1150/4 1093/1151/4 
f 1093/1151/4 1094/1156/4 1092/1155/4 
f 1095/1157/282 1089/1152/282 1086/1150/282 
f 1086/1150/282 1092/1155/282 1095/1157/282 
f 1096/1158/247 1097/1154/247 1089/1159/247 
f 1089/1159/247 1095/1160/247 1096/1158/247 
f 1094/1156/283 1093/1151/283 1097/1154/283 
f 1097/1154/283 1096/1158/283 1094/1156/283 
f 1098/1161/4 1099/1155/4 1094/1156/4 
f 1094/1156/4 1100/1162/4 1098/1161/4 
f 1101/1163/281 1102/1157/281 1099/1155/281 
f 1099/1155/281 1098/1161/281 1101/1163/281 
f 1103/1164/285 1096/1165/285 1102/1157/285 
f 1102/1157/285 1101/1163/285 1103/1164/285 
f 1100/1162/280 1094/1156/280 1096/1158/280 
f 1096/1158/280 1103/1166/280 1100/1162/280 
f 1104/1167/282 1105/1168/282 1106/1169/282 
f 1106/1169/282 1107/1170/282 1104/1167/282 
f 1107/1171/4 1106/1172/4 1108/1173/4 
f 1108/1173/4 1109/1174/4 1107/1171/4 
f 1109/1174/283 1108/1173/283 1110/1175/283 
f 1110/1175/283 1111/1176/283 1109/1174/283 
f 1111/1176/247 1110/1175/247 1105/1168/247 
f 1105/1168/247 1104/1167/247 1111/1176/247 
f 1112/1177/247 1113/1178/247 1114/1179/247 
f 1114/1179/247 1115/1180/247 1112/1177/247 
f 1116/1181/280 1117/1182/280 1113/1178/280 
f 1113/1178/280 1112/1177/280 1116/1181/280 
f 1118/1183/286 1119/1184/286 1117/1182/286 
f 1117/1182/286 1116/1181/286 1118/1183/286 
f 1115/1180/281 1114/1179/281 1119/1185/281 
f 1119/1185/281 1118/1186/281 1115/1180/281 
f 1120/1187/247 1121/1177/247 1115/1180/247 
f 1115/1180/247 1122/1188/247 1120/1187/247 
f 1123/1189/283 1124/1181/283 1121/1177/283 
f 1121/1177/283 1120/1187/283 1123/1189/283 
f 1125/1190/4 1118/1183/4 1124/1181/4 
f 1124/1181/4 1123/1189/4 1125/1190/4 
f 1122/1188/282 1115/1180/282 1118/1186/282 
f 1118/1186/282 1125/1191/282 1122/1188/282 
f 1126/1175/247 1120/1187/247 1127/1188/247 
f 1127/1188/247 1105/1168/247 1126/1175/247 
f 1128/1173/280 1123/1189/280 1120/1187/280 
f 1120/1187/280 1126/1175/280 1128/1173/280 
f 1106/1169/4 1129/1191/4 1123/1192/4 
f 1123/1192/4 1128/1193/4 1106/1169/4 
f 1105/1168/281 1127/1188/281 1129/1191/281 
f 1129/1191/281 1106/1169/281 1105/1168/281 
f 1130/1194/247 1111/1176/247 1131/1167/247 
f 1131/1167/247 1132/1195/247 1130/1194/247 
f 1133/1196/280 1109/1174/280 1111/1176/280 
f 1111/1176/280 1130/1194/280 1133/1196/280 
f 1134/1197/4 1135/1171/4 1109/1174/4 
f 1109/1174/4 1133/1196/4 1134/1197/4 
f 1132/1195/281 1131/1167/281 1135/1170/281 
f 1135/1170/281 1134/1198/281 1132/1195/281 
f 1136/1199/247 1137/1194/247 1132/1195/247 
f 1132/1195/247 1138/1200/247 1136/1199/247 
f 1139/1201/283 1140/1196/283 1137/1194/283 
f 1137/1194/283 1136/1199/283 1139/1201/283 
f 1141/1202/4 1134/1197/4 1140/1196/4 
f 1140/1196/4 1139/1201/4 1141/1202/4 
f 1138/1200/282 1132/1195/282 1134/1198/282 
f 1134/1198/282 1141/1203/282 1138/1200/282 
f 1142/1204/247 1136/1199/247 1143/1200/247 
f 1143/1200/247 1144/1205/247 1142/1204/247 
f 1145/1206/280 1139/1201/280 1136/1199/280 
f 1136/1199/280 1142/1204/280 1145/1206/280 
f 1146/1207/4 1147/1203/4 1139/1208/4 
f 1139/1208/4 1145/1209/4 1146/1207/4 
f 1144/1205/281 1143/1200/281 1147/1203/281 
f 1147/1203/281 1146/1207/281 1144/1205/281 
f 1148/1210/247 1149/1204/247 1144/1205/247 
f 1144/1205/247 1150/1211/247 1148/1210/247 
f 1151/1212/283 1152/1206/283 1149/1204/283 
f 1149/1204/283 1148/1210/283 1151/1212/283 
f 1153/1213/4 1146/1214/4 1152/1206/4 
f 1152/1206/4 1151/1212/4 1153/1213/4 
f 1150/1211/282 1144/1205/282 1146/1207/282 
f 1146/1207/282 1153/1215/282 1150/1211/282 
f 1154/1216/282 1155/1217/282 1156/1218/282 
f 1156/1218/282 1157/1219/282 1154/1216/282 
f 1157/1220/4 1156/1221/4 1158/1222/4 
f 1158/1222/4 1159/1223/4 1157/1220/4 
f 1159/1223/283 1158/1222/283 1160/1224/283 
f 1160/1224/283 1161/1225/283 1159/1223/283 
f 1161/1225/247 1160/1224/247 1155/1217/247 
f 1155/1217/247 1154/1216/247 1161/1225/247 
f 1162/1226/247 1148/1210/247 1163/1211/247 
f 1163/1211/247 1164/1227/247 1162/1226/247 
f 1165/1228/280 1151/1212/280 1148/1210/280 
f 1148/1210/280 1162/1226/280 1165/1228/280 
f 1166/1229/4 1167/1213/4 1151/1212/4 
f 1151/1212/4 1165/1228/4 1166/1229/4 
f 1164/1227/281 1163/1211/281 1167/1215/281 
f 1167/1215/281 1166/1230/281 1164/1227/281 
f 1168/1231/247 1169/1226/247 1164/1227/247 
f 1164/1227/247 1170/1232/247 1168/1231/247 
f 1171/1233/283 1172/1228/283 1169/1226/283 
f 1169/1226/283 1168/1231/283 1171/1233/283 
f 1173/1234/4 1166/1229/4 1172/1228/4 
f 1172/1228/4 1171/1233/4 1173/1234/4 
f 1170/1232/282 1164/1227/282 1166/1230/282 
f 1166/1230/282 1173/1235/282 1170/1232/282 
f 1174/1224/247 1168/1231/247 1175/1232/247 
f 1175/1232/247 1155/1217/247 1174/1224/247 
f 1176/1222/280 1171/1233/280 1168/1231/280 
f 1168/1231/280 1174/1224/280 1176/1222/280 
f 1156/1218/4 1177/1235/4 1171/1236/4 
f 1171/1236/4 1176/1237/4 1156/1218/4 
f 1155/1217/281 1175/1232/281 1177/1235/281 
f 1177/1235/281 1156/1218/281 1155/1217/281 
f 1178/1238/5 1179/1239/5 1180/1240/5 
f 1180/1240/5 1181/1241/5 1178/1238/5 
f 1182/1242/247 1161/1225/247 1183/1216/247 
f 1183/1216/247 1184/1243/247 1182/1242/247 
f 1185/1244/280 1159/1223/280 1161/1225/280 
f 1161/1225/280 1182/1242/280 1185/1244/280 
f 1186/1245/4 1187/1220/4 1159/1223/4 
f 1159/1223/4 1185/1244/4 1186/1245/4 
f 1184/1243/281 1183/1216/281 1187/1219/281 
f 1187/1219/281 1186/1246/281 1184/1243/281 
f 1188/1247/247 1189/1242/247 1184/1243/247 
f 1184/1243/247 1190/1248/247 1188/1247/247 
f 1191/1249/283 1192/1244/283 1189/1242/283 
f 1189/1242/283 1188/1247/283 1191/1249/283 
f 1193/1250/4 1186/1245/4 1192/1244/4 
f 1192/1244/4 1191/1249/4 1193/1250/4 
f 1190/1248/282 1184/1243/282 1186/1246/282 
f 1186/1246/282 1193/1251/282 1190/1248/282 
f 1194/1252/247 1188/1247/247 1195/1248/247 
f 1195/1248/247 1196/1253/247 1194/1252/247 
f 1197/1254/280 1191/1249/280 1188/1247/280 
f 1188/1247/280 1194/1252/280 1197/1254/280 
f 1198/1255/4 1199/1251/4 1191/1256/4 
f 1191/1256/4 1197/1257/4 1198/1255/4 
f 1196/1253/281 1195/1248/281 1199/1251/281 
f 1199/1251/281 1198/1255/281 1196/1253/281 
f 1200/1258/247 1201/1252/247 1196/1253/247 
f 1196/1253/247 1202/1259/247 1200/1258/247 
f 1203/1260/283 1204/1254/283 1201/1252/283 
f 1201/1252/283 1200/1258/283 1203/1260/283 
f 1205/1261/4 1198/1262/4 1204/1254/4 
f 1204/1254/4 1203/1260/4 1205/1261/4 
f 1202/1259/282 1196/1253/282 1198/1255/282 
f 1198/1255/282 1205/1263/282 1202/1259/282 
f 1206/1264/5 1207/1265/5 1208/1266/5 
f 1208/1266/5 1209/1267/5 1206/1264/5 
f 1210/1268/248 1211/1269/248 1212/1270/248 
f 1212/1270/248 1213/1271/248 1210/1268/248 
f 1213/1272/5 1212/1273/5 1214/1274/5 
f 1214/1274/5 1215/1275/5 1213/1272/5 
f 1215/1275/4 1214/1274/4 1216/1276/4 
f 1216/1276/4 1217/1277/4 1215/1275/4 
f 1218/1278/248 1219/1279/248 1220/1280/248 
f 1220/1280/248 1221/1281/248 1218/1278/248 
f 1222/1282/5 1218/1278/5 1221/1281/5 
f 1221/1281/5 1223/1283/5 1222/1282/5 
f 1224/1284/4 1222/1285/4 1223/1286/4 
f 1223/1286/4 1225/1287/4 1224/1284/4 
f 1219/1279/2 1224/1284/2 1225/1287/2 
f 1225/1287/2 1220/1280/2 1219/1279/2 
f 1226/1288/248 1227/1289/248 1207/1265/248 
f 1207/1265/248 1206/1264/248 1226/1288/248 
f 1228/1290/2 1229/1291/2 1227/1292/2 
f 1227/1292/2 1226/1293/2 1228/1290/2 
f 1209/1267/287 1208/1266/287 1229/1291/287 
f 1229/1291/287 1228/1290/287 1209/1267/287 
f 1217/1277/2 1216/1276/2 1211/1269/2 
f 1211/1269/2 1210/1268/2 1217/1277/2 
f 1230/1294/288 1231/1295/288 1179/1239/288 
f 1179/1239/288 1178/1238/288 1230/1294/288 
f 1232/1296/2 1233/1297/2 1231/1295/2 
f 1231/1295/2 1230/1294/2 1232/1296/2 
f 1181/1241/4 1180/1240/4 1233/1298/4 
f 1233/1298/4 1232/1299/4 1181/1241/4 
f 1234/1300/273 1235/1301/273 1236/1302/273 
f 1236/1302/273 1237/1303/273 1234/1300/273 
f 1237/1304/2 1236/1305/2 1238/1306/2 
f 1238/1306/2 1239/1307/2 1237/1304/2 
f 1239/1307/274 1238/1306/274 1240/1308/274 
f 1240/1308/274 1241/1309/274 1239/1307/274 
f 1241/1309/5 1240/1308/5 1235/1301/5 
f 1235/1301/5 1234/1300/5 1241/1309/5 
f 1242/1308/5 1243/1310/5 1244/1311/5 
f 1244/1311/5 1235/1301/5 1242/1308/5 
f 1245/1306/277 1246/1312/277 1243/1310/277 
f 1243/1310/277 1242/1308/277 1245/1306/277 
f 1236/1302/2 1247/1313/2 1246/1314/2 
f 1246/1314/2 1245/1315/2 1236/1302/2 
f 1235/1301/276 1244/1311/276 1247/1313/276 
f 1247/1313/276 1236/1302/276 1235/1301/276 
f 1248/1316/5 1241/1309/5 1249/1300/5 
f 1249/1300/5 1250/1317/5 1248/1316/5 
f 1251/1318/277 1239/1307/277 1241/1309/277 
f 1241/1309/277 1248/1316/277 1251/1318/277 
f 1252/1319/2 1253/1304/2 1239/1307/2 
f 1239/1307/2 1251/1318/2 1252/1319/2 
f 1250/1317/276 1249/1300/276 1253/1303/276 
f 1253/1303/276 1252/1320/276 1250/1317/276 
f 1254/1321/5 1255/1316/5 1250/1317/5 
f 1250/1317/5 1256/1322/5 1254/1321/5 
f 1257/1323/274 1258/1318/274 1255/1316/274 
f 1255/1316/274 1254/1321/274 1257/1323/274 
f 1259/1324/2 1252/1319/2 1258/1318/2 
f 1258/1318/2 1257/1323/2 1259/1324/2 
f 1256/1322/273 1250/1317/273 1252/1320/273 
f 1252/1320/273 1259/1325/273 1256/1322/273 
f 1260/1326/5 1254/1321/5 1261/1322/5 
f 1261/1322/5 1262/1327/5 1260/1326/5 
f 1263/1328/277 1257/1323/277 1254/1321/277 
f 1254/1321/277 1260/1326/277 1263/1328/277 
f 1264/1329/2 1265/1325/2 1257/1330/2 
f 1257/1330/2 1263/1331/2 1264/1329/2 
f 1262/1327/276 1261/1322/276 1265/1325/276 
f 1265/1325/276 1264/1329/276 1262/1327/276 
f 819/899/5 1266/1326/5 1262/1327/5 
f 1262/1327/5 1267/900/5 819/899/5 
f 823/903/289 1268/1328/289 1266/1326/289 
f 1266/1326/289 819/899/289 823/903/289 
f 1269/905/2 1264/1332/2 1268/1328/2 
f 1268/1328/2 823/903/2 1269/905/2 
f 1267/900/273 1262/1327/273 1264/1329/273 
f 1264/1329/273 1269/906/273 1267/900/273 
f 1270/1333/277 1271/1334/277 1272/1335/277 
f 1272/1335/277 1273/1336/277 1270/1333/277 
f 1273/1337/5 1272/1338/5 1274/1339/5 
f 1274/1339/5 1275/1340/5 1273/1337/5 
f 1275/1340/276 1274/1339/276 1276/1341/276 
f 1276/1341/276 1277/1342/276 1275/1340/276 
f 1277/1342/2 1276/1341/2 1271/1334/2 
f 1271/1334/2 1270/1333/2 1277/1342/2 
f 1278/1341/2 1279/1343/2 1280/1344/2 
f 1280/1344/2 1271/1334/2 1278/1341/2 
f 1281/1339/273 1282/1345/273 1279/1343/273 
f 1279/1343/273 1278/1341/273 1281/1339/273 
f 1272/1335/5 1283/1346/5 1282/1347/5 
f 1282/1347/5 1281/1348/5 1272/1335/5 
f 1271/1334/274 1280/1344/274 1283/1346/274 
f 1283/1346/274 1272/1335/274 1271/1334/274 
f 1284/1349/2 1277/1342/2 1285/1333/2 
f 1285/1333/2 1286/1350/2 1284/1349/2 
f 1287/1351/273 1275/1340/273 1277/1342/273 
f 1277/1342/273 1284/1349/273 1287/1351/273 
f 1288/1352/5 1289/1337/5 1275/1340/5 
f 1275/1340/5 1287/1351/5 1288/1352/5 
f 1286/1350/274 1285/1333/274 1289/1336/274 
f 1289/1336/274 1288/1353/274 1286/1350/274 
f 1290/1354/2 1291/1349/2 1286/1350/2 
f 1286/1350/2 1292/1355/2 1290/1354/2 
f 1293/1356/276 1294/1351/276 1291/1349/276 
f 1291/1349/276 1290/1354/276 1293/1356/276 
f 1295/1357/5 1288/1352/5 1294/1351/5 
f 1294/1351/5 1293/1356/5 1295/1357/5 
f 1292/1355/277 1286/1350/277 1288/1353/277 
f 1288/1353/277 1295/1358/277 1292/1355/277 
f 1296/1359/2 1290/1354/2 1297/1355/2 
f 1297/1355/2 1298/1360/2 1296/1359/2 
f 1299/1361/273 1293/1356/273 1290/1354/273 
f 1290/1354/273 1296/1359/273 1299/1361/273 
f 1300/1362/5 1301/1358/5 1293/1363/5 
f 1293/1363/5 1299/1364/5 1300/1362/5 
f 1298/1360/274 1297/1355/274 1301/1358/274 
f 1301/1358/274 1300/1362/274 1298/1360/274 
f 917/992/2 1302/1359/2 1298/1360/2 
f 1298/1360/2 1303/993/2 917/992/2 
f 921/996/276 1304/1361/276 1302/1359/276 
f 1302/1359/276 917/992/276 921/996/276 
f 1305/998/5 1300/1365/5 1304/1361/5 
f 1304/1361/5 921/996/5 1305/998/5 
f 1303/993/277 1298/1360/277 1300/1362/277 
f 1300/1362/277 1305/999/277 1303/993/277 
f 1306/1366/280 1307/1367/280 1308/1368/280 
f 1308/1368/280 1309/1369/280 1306/1366/280 
f 1309/1370/247 1308/1371/247 1310/1372/247 
f 1310/1372/247 1311/1373/247 1309/1370/247 
f 1311/1373/281 1310/1372/281 1312/1374/281 
f 1312/1374/281 1313/1375/281 1311/1373/281 
f 1313/1375/4 1312/1374/4 1307/1367/4 
f 1307/1367/4 1306/1366/4 1313/1375/4 
f 1314/1374/4 1315/1376/4 1316/1377/4 
f 1316/1377/4 1307/1367/4 1314/1374/4 
f 1317/1372/282 1318/1378/282 1315/1376/282 
f 1315/1376/282 1314/1374/282 1317/1372/282 
f 1308/1368/247 1319/1379/247 1318/1380/247 
f 1318/1380/247 1317/1381/247 1308/1368/247 
f 1307/1367/283 1316/1377/283 1319/1379/283 
f 1319/1379/283 1308/1368/283 1307/1367/283 
f 1320/1382/4 1313/1375/4 1321/1366/4 
f 1321/1366/4 1322/1383/4 1320/1382/4 
f 1323/1384/282 1311/1373/282 1313/1375/282 
f 1313/1375/282 1320/1382/282 1323/1384/282 
f 1324/1385/247 1325/1370/247 1311/1373/247 
f 1311/1373/247 1323/1384/247 1324/1385/247 
f 1322/1383/283 1321/1366/283 1325/1369/283 
f 1325/1369/283 1324/1386/283 1322/1383/283 
f 1326/1387/4 1327/1382/4 1322/1383/4 
f 1322/1383/4 1328/1388/4 1326/1387/4 
f 1329/1389/281 1330/1384/281 1327/1382/281 
f 1327/1382/281 1326/1387/281 1329/1389/281 
f 1331/1390/247 1324/1385/247 1330/1384/247 
f 1330/1384/247 1329/1389/247 1331/1390/247 
f 1328/1388/280 1322/1383/280 1324/1386/280 
f 1324/1386/280 1331/1391/280 1328/1388/280 
f 1332/1392/4 1326/1387/4 1333/1388/4 
f 1333/1388/4 1334/1393/4 1332/1392/4 
f 1335/1394/282 1329/1389/282 1326/1387/282 
f 1326/1387/282 1332/1392/282 1335/1394/282 
f 1336/1395/247 1337/1391/247 1329/1396/247 
f 1329/1396/247 1335/1397/247 1336/1395/247 
f 1334/1393/283 1333/1388/283 1337/1391/283 
f 1337/1391/283 1336/1395/283 1334/1393/283 
f 1015/1085/4 1338/1392/4 1334/1393/4 
f 1334/1393/4 1339/1086/4 1015/1085/4 
f 1019/1089/281 1340/1394/281 1338/1392/281 
f 1338/1392/281 1015/1085/281 1019/1089/281 
f 1341/1091/285 1336/1398/285 1340/1394/285 
f 1340/1394/285 1019/1089/285 1341/1091/285 
f 1339/1086/280 1334/1393/280 1336/1395/280 
f 1336/1395/280 1341/1092/280 1339/1086/280 
f 1211/1269/247 1342/1399/247 1343/1400/247 
f 1343/1400/247 1212/1270/247 1211/1269/247 
f 1212/1273/5 1343/1401/5 1344/1402/5 
f 1344/1402/5 1214/1274/5 1212/1273/5 
f 1214/1274/4 1344/1402/4 1345/1403/4 
f 1345/1403/4 1216/1276/4 1214/1274/4 
f 1216/1276/2 1345/1403/2 1342/1399/2 
f 1342/1399/2 1211/1269/2 1216/1276/2 
f 1221/1281/247 1220/1280/247 1346/1404/247 
f 1346/1404/247 1347/1405/247 1221/1281/247 
f 1223/1283/5 1221/1281/5 1347/1405/5 
f 1347/1405/5 1348/1406/5 1223/1283/5 
f 1225/1287/4 1223/1286/4 1348/1407/4 
f 1348/1407/4 1349/1408/4 1225/1287/4 
f 1220/1280/2 1225/1287/2 1349/1408/2 
f 1349/1408/2 1346/1404/2 1220/1280/2 
f 1179/1239/5 1350/1409/5 1351/1410/5 
f 1351/1410/5 1180/1240/5 1179/1239/5 
f 1231/1295/285 1352/1411/285 1350/1409/285 
f 1350/1409/285 1179/1239/285 1231/1295/285 
f 1233/1297/2 1353/1412/2 1352/1411/2 
f 1352/1411/2 1231/1295/2 1233/1297/2 
f 1180/1240/4 1351/1410/4 1353/1413/4 
f 1353/1413/4 1233/1298/4 1180/1240/4 
f 1354/1414/282 1355/1415/282 1356/1416/282 
f 1356/1416/282 1357/1417/282 1354/1414/282 
f 1357/1418/4 1356/1419/4 1358/1420/4 
f 1358/1420/4 1359/1421/4 1357/1418/4 
f 1359/1421/283 1358/1420/283 1360/1422/283 
f 1360/1422/283 1361/1423/283 1359/1421/283 
f 1361/1423/247 1360/1422/247 1355/1415/247 
f 1355/1415/247 1354/1414/247 1361/1423/247 
f 1207/1265/5 1362/1424/5 1363/1425/5 
f 1363/1425/5 1208/1266/5 1207/1265/5 
f 1227/1289/247 1364/1426/247 1362/1424/247 
f 1362/1424/247 1207/1265/247 1227/1289/247 
f 1229/1291/2 1365/1427/2 1364/1428/2 
f 1364/1428/2 1227/1292/2 1229/1291/2 
f 1208/1266/287 1363/1425/287 1365/1427/287 
f 1365/1427/287 1229/1291/287 1208/1266/287 
f 1366/1422/247 1367/1429/247 1368/1430/247 
f 1368/1430/247 1355/1415/247 1366/1422/247 
f 1369/1420/280 1370/1431/280 1367/1429/280 
f 1367/1429/280 1366/1422/280 1369/1420/280 
f 1356/1416/4 1371/1432/4 1370/1433/4 
f 1370/1433/4 1369/1434/4 1356/1416/4 
f 1355/1415/281 1368/1430/281 1371/1432/281 
f 1371/1432/281 1356/1416/281 1355/1415/281 
f 1372/1435/247 1361/1423/247 1373/1414/247 
f 1373/1414/247 1374/1436/247 1372/1435/247 
f 1375/1437/280 1359/1421/280 1361/1423/280 
f 1361/1423/280 1372/1435/280 1375/1437/280 
f 1376/1438/4 1377/1418/4 1359/1421/4 
f 1359/1421/4 1375/1437/4 1376/1438/4 
f 1374/1436/281 1373/1414/281 1377/1417/281 
f 1377/1417/281 1376/1439/281 1374/1436/281 
f 1378/1440/247 1379/1435/247 1374/1436/247 
f 1374/1436/247 1380/1441/247 1378/1440/247 
f 1381/1442/283 1382/1437/283 1379/1435/283 
f 1379/1435/283 1378/1440/283 1381/1442/283 
f 1383/1443/4 1376/1438/4 1382/1437/4 
f 1382/1437/4 1381/1442/4 1383/1443/4 
f 1380/1441/282 1374/1436/282 1376/1439/282 
f 1376/1439/282 1383/1444/282 1380/1441/282 
f 1384/1445/247 1378/1440/247 1385/1441/247 
f 1385/1441/247 1386/1446/247 1384/1445/247 
f 1387/1447/280 1381/1442/280 1378/1440/280 
f 1378/1440/280 1384/1445/280 1387/1447/280 
f 1388/1448/4 1389/1444/4 1381/1449/4 
f 1381/1449/4 1387/1450/4 1388/1448/4 
f 1386/1446/281 1385/1441/281 1389/1444/281 
f 1389/1444/281 1388/1448/281 1386/1446/281 
f 1113/1178/247 1390/1445/247 1386/1446/247 
f 1386/1446/247 1391/1179/247 1113/1178/247 
f 1117/1182/283 1392/1447/283 1390/1445/283 
f 1390/1445/283 1113/1178/283 1117/1182/283 
f 1393/1184/4 1388/1451/4 1392/1447/4 
f 1392/1447/4 1117/1182/4 1393/1184/4 
f 1391/1179/282 1386/1446/282 1388/1448/282 
f 1388/1448/282 1393/1185/282 1391/1179/282 
f 1394/1452/290 1395/1453/291 1396/1454/292 
f 1396/1454/292 1397/1455/293 1394/1452/290 
f 1398/1456/294 1399/1457/295 1400/1458/296 
f 1400/1458/296 1401/1459/297 1398/1456/294 
f 1401/1459/297 1400/1458/296 1402/1460/298 
f 1402/1460/298 1403/1461/299 1401/1459/297 
f 1403/1461/299 1402/1460/298 1404/1462/300 
f 1404/1462/300 1405/1463/301 1403/1461/299 
f 1405/1463/301 1404/1462/300 1406/1464/302 
f 1406/1464/302 1407/1465/303 1405/1463/301 
f 1407/1466/303 1406/1467/302 1396/1454/292 
f 1396/1454/292 1395/1453/291 1407/1466/303 
f 1408/1468/304 1409/1469/305 1410/1470/306 
f 1410/1470/306 1411/1471/307 1408/1468/304 
f 1412/1472/308 1408/1468/304 1413/1473/309 
f 1413/1473/309 1414/1474/310 1412/1472/308 
f 1414/1474/310 1413/1473/309 1415/1475/311 
f 1415/1475/311 1416/1476/312 1414/1474/310 
f 1417/1477/313 1418/1478/314 1419/1479/315 
f 1419/1479/315 1420/1480/316 1417/1477/313 
f 1411/1471/307 1410/1470/306 1418/1478/314 
f 1418/1478/314 1417/1477/313 1411/1471/307 
f 1421/1481/317 1422/1482/318 1420/1480/316 
f 1420/1480/316 1419/1479/315 1421/1481/317 
f 1423/1483/319 1424/1484/320 1425/1485/321 
f 1425/1485/321 1426/1486/322 1423/1483/319 
f 1426/1486/322 1425/1485/321 1394/1487/290 
f 1394/1487/290 1421/1488/317 1426/1486/322 
f 1427/1489/323 1428/1490/324 1429/1491/325 
f 1429/1491/325 1430/1492/326 1427/1489/323 
f 1430/1492/326 1429/1491/325 1422/1493/318 
f 1422/1493/318 1397/1494/293 1430/1492/326 
f 1431/1495/327 1432/1496/328 1433/1497/329 
f 1433/1497/329 1434/1498/330 1431/1495/327 
f 1434/1499/330 1433/1500/329 1401/1459/297 
f 1401/1459/297 1403/1461/299 1434/1499/330 
f 1427/1489/323 1435/1501/331 1436/1502/332 
f 1427/1489/323 1436/1502/332 1437/1503/333 
f 1427/1489/323 1437/1503/333 1438/1504/334 
f 1427/1489/323 1438/1504/334 1439/1505/335 
f 1427/1489/323 1439/1505/335 1440/1506/336 
f 1427/1489/323 1440/1506/336 1416/1476/312 
f 1427/1489/323 1416/1476/312 1415/1475/311 
f 1427/1489/323 1415/1475/311 1441/1507/337 
f 1427/1489/323 1441/1507/337 1442/1508/338 
f 1427/1489/323 1442/1508/338 1443/1509/339 
f 1427/1489/323 1443/1509/339 1428/1490/324 
f 1444/1510/340 1445/1511/341 1446/1512/342 
f 1446/1512/342 1447/1513/343 1444/1510/340 
f 1409/1469/305 1408/1468/304 1412/1472/308 
f 1412/1472/308 1448/1514/344 1409/1469/305 
f 1439/1505/335 1438/1504/334 1449/1515/345 
f 1449/1515/345 1450/1516/346 1439/1505/335 
f 1450/1517/346 1449/1518/345 1402/1460/298 
f 1402/1460/298 1400/1458/296 1450/1517/346 
f 1451/1519/347 1431/1495/327 1434/1498/330 
f 1434/1498/330 1452/1520/348 1451/1519/347 
f 1452/1521/348 1434/1499/330 1403/1461/299 
f 1403/1461/299 1405/1463/301 1452/1521/348 
f 1438/1504/334 1437/1503/333 1453/1522/349 
f 1453/1522/349 1449/1515/345 1438/1504/334 
f 1449/1518/345 1453/1523/349 1404/1462/300 
f 1404/1462/300 1402/1460/298 1449/1518/345 
f 1454/1524/350 1451/1519/347 1452/1520/348 
f 1452/1520/348 1455/1525/351 1454/1524/350 
f 1455/1526/351 1452/1521/348 1405/1463/301 
f 1405/1463/301 1407/1465/303 1455/1526/351 
f 1437/1503/333 1436/1502/332 1456/1527/352 
f 1456/1527/352 1453/1522/349 1437/1503/333 
f 1453/1523/349 1456/1528/352 1406/1464/302 
f 1406/1464/302 1404/1462/300 1453/1523/349 
f 1457/1529/353 1454/1524/350 1455/1525/351 
f 1455/1525/351 1458/1530/354 1457/1529/353 
f 1458/1530/354 1455/1525/351 1407/1466/303 
f 1407/1466/303 1395/1453/291 1458/1530/354 
f 1436/1502/332 1435/1501/331 1459/1531/355 
f 1459/1531/355 1456/1527/352 1436/1502/332 
f 1456/1527/352 1459/1531/355 1396/1454/292 
f 1396/1454/292 1406/1467/302 1456/1527/352 
f 1424/1484/320 1457/1529/353 1458/1530/354 
f 1458/1530/354 1425/1532/321 1424/1484/320 
f 1425/1532/321 1458/1530/354 1395/1453/291 
f 1395/1453/291 1394/1452/290 1425/1532/321 
f 1397/1455/293 1396/1454/292 1459/1531/355 
f 1459/1531/355 1430/1533/326 1397/1455/293 
f 1430/1533/326 1459/1531/355 1435/1501/331 
f 1435/1501/331 1427/1489/323 1430/1533/326 
f 1441/1507/337 1415/1475/311 1413/1473/309 
f 1413/1473/309 1460/1534/356 1441/1507/337 
f 1460/1534/356 1413/1473/309 1408/1468/304 
f 1408/1468/304 1411/1471/307 1460/1534/356 
f 1445/1511/341 1461/1535/357 1462/1536/358 
f 1462/1536/358 1446/1512/342 1445/1511/341 
f 1446/1512/342 1462/1536/358 1410/1470/306 
f 1410/1470/306 1409/1469/305 1446/1512/342 
f 1442/1508/338 1441/1507/337 1460/1534/356 
f 1460/1534/356 1463/1537/359 1442/1508/338 
f 1463/1537/359 1460/1534/356 1411/1471/307 
f 1411/1471/307 1417/1477/313 1463/1537/359 
f 1461/1535/357 1464/1538/360 1465/1539/361 
f 1465/1539/361 1462/1536/358 1461/1535/357 
f 1462/1536/358 1465/1539/361 1418/1478/314 
f 1418/1478/314 1410/1470/306 1462/1536/358 
f 1443/1509/339 1442/1508/338 1463/1537/359 
f 1463/1537/359 1466/1540/362 1443/1509/339 
f 1466/1540/362 1463/1537/359 1417/1477/313 
f 1417/1477/313 1420/1480/316 1466/1540/362 
f 1464/1538/360 1467/1541/363 1468/1542/364 
f 1468/1542/364 1465/1539/361 1464/1538/360 
f 1465/1539/361 1468/1542/364 1419/1479/315 
f 1419/1479/315 1418/1478/314 1465/1539/361 
f 1469/1543/365 1450/1517/346 1400/1458/296 
f 1400/1458/296 1399/1457/295 1469/1543/365 
f 1440/1506/336 1439/1505/335 1450/1516/346 
f 1450/1516/346 1469/1544/365 1440/1506/336 
f 1420/1480/316 1422/1482/318 1429/1545/325 
f 1429/1545/325 1466/1540/362 1420/1480/316 
f 1466/1540/362 1429/1545/325 1428/1490/324 
f 1428/1490/324 1443/1509/339 1466/1540/362 
f 1467/1541/363 1423/1483/319 1426/1546/322 
f 1426/1546/322 1468/1542/364 1467/1541/363 
f 1468/1542/364 1426/1546/322 1421/1481/317 
f 1421/1481/317 1419/1479/315 1468/1542/364 
f 1447/1513/343 1446/1512/342 1409/1469/305 
f 1409/1469/305 1448/1514/344 1447/1513/343 
f 1433/1500/329 1470/1547/366 1398/1456/294 
f 1398/1456/294 1401/1459/297 1433/1500/329 
f 1432/1496/328 1471/1548/367 1470/1549/366 
f 1470/1549/366 1433/1497/329 1432/1496/328 
f 1414/1474/310 1416/1476/312 1440/1506/336 
f 1440/1506/336 1469/1544/365 1414/1474/310 
f 1412/1472/308 1414/1474/310 1469/1544/365 
f 1469/1544/365 1399/1550/295 1412/1472/308 
f 1444/1510/340 1447/1513/343 1470/1549/366 
f 1470/1549/366 1471/1548/367 1444/1510/340 
f 1447/1513/343 1448/1514/344 1398/1551/294 
f 1398/1551/294 1470/1549/366 1447/1513/343 
f 1448/1514/344 1412/1472/308 1399/1550/295 
f 1399/1550/295 1398/1551/294 1448/1514/344 
f 1423/1483/319 1467/1541/363 1464/1538/360 
f 1423/1483/319 1464/1538/360 1461/1535/357 
f 1423/1483/319 1461/1535/357 1445/1511/341 
f 1423/1483/319 1445/1511/341 1444/1510/340 
f 1423/1483/319 1444/1510/340 1471/1548/367 
f 1423/1483/319 1471/1548/367 1432/1496/328 
f 1423/1483/319 1432/1496/328 1431/1495/327 
f 1423/1483/319 1431/1495/327 1451/1519/347 
f 1423/1483/319 1451/1519/347 1454/1524/350 
f 1423/1483/319 1454/1524/350 1457/1529/353 
f 1423/1483/319 1457/1529/353 1424/1484/320 
f 440/1552/368 1472/1553/368 1473/1554/368 
f 1473/1554/368 441/1555/368 440/1552/368 
f 441/1555/369 1473/1554/369 1474/1556/369 
f 1474/1556/369 442/541/369 441/1555/369 
f 442/541/370 1474/1556/370 1475/1557/370 
f 1475/1557/370 443/1558/370 442/541/370 
f 1472/1553/371 440/1552/371 1476/1559/371 
f 1476/1559/371 1477/1560/371 1472/1553/371 
f 1474/1556/12 1473/1554/12 1472/1561/12 
f 1472/1561/12 1475/1562/12 1474/1556/12 
f 1476/1563/4 1478/1564/4 1479/1565/4 
f 1479/1565/4 1480/1566/4 1476/1563/4 
f 440/1567/372 443/1568/372 1478/1564/372 
f 1478/1564/372 1476/1563/372 440/1567/372 
f 1475/1562/371 1472/1561/371 1477/1569/371 
f 1477/1569/371 1481/1570/371 1475/1562/371 
f 443/1558/371 1475/1557/371 1481/1571/371 
f 1481/1571/371 1478/1572/371 443/1558/371 
f 1479/1573/371 1482/1574/371 1483/1575/371 
f 1483/1575/371 1480/1576/371 1479/1573/371 
f 1477/1560/370 1476/1559/370 1480/1577/370 
f 1480/1577/370 1483/1578/370 1477/1560/370 
f 1481/1570/247 1477/1569/247 1483/1579/247 
f 1483/1579/247 1482/1580/247 1481/1570/247 
f 1478/1572/368 1481/1571/368 1482/1581/368 
f 1482/1581/368 1479/1582/368 1478/1572/368 
f 1484/1/1 1485/2/1 1486/3/1 
f 1486/3/1 1487/4/1 1484/1/1 
f 1487/5/2 1486/6/2 1488/7/2 
f 1488/7/2 1489/8/2 1487/5/2 
f 1489/8/3 1488/7/3 1490/9/3 
f 1490/9/3 1491/10/3 1489/8/3 
f 1488/11/4 1486/12/4 1485/13/4 
f 1485/13/4 1490/14/4 1488/11/4 
f 1492/15/2 1493/16/2 1494/17/2 
f 1494/17/2 1495/18/2 1492/15/2 
f 1496/19/1 1497/20/1 1498/21/1 
f 1498/21/1 1499/22/1 1496/19/1 
f 1499/22/2 1498/21/2 1500/23/2 
f 1500/23/2 1501/24/2 1499/22/2 
f 1501/25/3 1500/26/3 1502/27/3 
f 1502/27/3 1503/28/3 1501/25/3 
f 1500/29/4 1498/30/4 1497/31/4 
f 1497/31/4 1502/32/4 1500/29/4 
f 1504/33/2 1505/34/2 1506/35/2 
f 1506/35/2 1507/36/2 1504/33/2 
f 1505/34/1 1508/37/1 1509/38/1 
f 1509/38/1 1506/35/1 1505/34/1 
f 1508/39/5 1510/40/5 1511/41/5 
f 1511/41/5 1509/42/5 1508/39/5 
f 1510/40/3 1504/33/3 1507/36/3 
f 1507/36/3 1511/41/3 1510/40/3 
f 1511/43/4 1507/44/4 1506/45/4 
f 1506/45/4 1509/46/4 1511/43/4 
f 1512/47/1 1513/48/1 1493/16/1 
f 1493/16/1 1492/15/1 1512/47/1 
f 1514/49/5 1515/50/5 1513/48/5 
f 1513/48/5 1512/47/5 1514/49/5 
f 1495/18/3 1494/17/3 1515/51/3 
f 1515/51/3 1514/52/3 1495/18/3 
f 1515/53/4 1494/54/4 1493/55/4 
f 1493/55/4 1513/56/4 1515/53/4 
f 1503/28/5 1502/27/5 1497/20/5 
f 1497/20/5 1496/19/5 1503/28/5 
f 1516/57/6 1517/58/6 1518/59/6 
f 1518/59/6 1519/60/6 1516/57/6 
f 1519/61/267 1518/62/267 1520/63/267 
f 1520/63/267 1521/64/267 1519/61/267 
f 1521/64/8 1520/63/8 1522/65/8 
f 1522/65/8 1523/66/8 1521/64/8 
f 1523/66/3 1522/65/3 1517/58/3 
f 1517/58/3 1516/57/3 1523/66/3 
f 1517/58/9 1524/67/9 1525/68/9 
f 1525/68/9 1518/59/9 1517/58/9 
f 1518/59/1 1525/68/1 1526/69/1 
f 1526/69/1 1527/70/1 1518/59/1 
f 1527/63/10 1526/71/10 1528/72/10 
f 1528/72/10 1529/65/10 1527/63/10 
f 1529/65/268 1528/72/268 1524/67/268 
f 1524/67/268 1517/58/268 1529/65/268 
f 1530/67/6 1531/73/6 1532/74/6 
f 1532/74/6 1533/68/6 1530/67/6 
f 1533/75/7 1532/76/7 1534/77/7 
f 1534/77/7 1526/71/7 1533/75/7 
f 1526/71/8 1534/77/8 1535/78/8 
f 1535/78/8 1528/72/8 1526/71/8 
f 1528/72/11 1535/78/11 1531/73/11 
f 1531/73/11 1530/67/11 1528/72/11 
f 1531/73/9 1536/79/9 1537/80/9 
f 1537/80/9 1532/74/9 1531/73/9 
f 1532/76/1 1537/81/1 1538/82/1 
f 1538/82/1 1539/77/1 1532/76/1 
f 1539/77/10 1538/82/10 1540/83/10 
f 1540/83/10 1541/78/10 1539/77/10 
f 1541/78/11 1540/83/11 1536/79/11 
f 1536/79/11 1531/73/11 1541/78/11 
f 1491/10/5 1490/9/5 1485/2/5 
f 1485/2/5 1484/1/5 1491/10/5 
f 1542/543/9 1543/544/9 1544/545/9 
f 1544/545/9 1545/546/9 1542/543/9 
f 1545/546/267 1544/545/267 1546/547/267 
f 1546/547/267 1547/548/267 1545/546/267 
f 1547/549/10 1546/550/10 1548/551/10 
f 1548/551/10 1549/552/10 1547/549/10 
f 1549/552/3 1548/551/3 1543/544/3 
f 1543/544/3 1542/543/3 1549/552/3 
f 1550/544/6 1551/553/6 1552/554/6 
f 1552/554/6 1553/545/6 1550/544/6 
f 1553/555/1 1552/556/1 1554/557/1 
f 1554/557/1 1546/550/1 1553/555/1 
f 1546/550/8 1554/557/8 1555/558/8 
f 1555/558/8 1548/551/8 1546/550/8 
f 1548/551/3 1555/558/3 1551/553/3 
f 1551/553/3 1550/544/3 1548/551/3 
f 1551/553/9 1556/559/9 1557/560/9 
f 1557/560/9 1552/554/9 1551/553/9 
f 1552/556/267 1557/561/267 1558/562/267 
f 1558/562/267 1559/557/267 1552/556/267 
f 1559/557/10 1558/562/10 1560/563/10 
f 1560/563/10 1561/558/10 1559/557/10 
f 1561/558/3 1560/563/3 1556/559/3 
f 1556/559/3 1551/553/3 1561/558/3 
f 1540/83/3 1562/552/3 1542/543/3 
f 1542/543/3 1563/79/3 1540/83/3 
f 1538/82/8 1564/549/8 1562/552/8 
f 1562/552/8 1540/83/8 1538/82/8 
f 1565/81/1 1545/564/1 1564/549/1 
f 1564/549/1 1538/82/1 1565/81/1 
f 1563/79/6 1542/543/6 1545/546/6 
f 1545/546/6 1565/80/6 1563/79/6 
f 1566/559/6 1567/565/6 1568/566/6 
f 1568/566/6 1569/560/6 1566/559/6 
f 1569/561/1 1568/567/1 1570/568/1 
f 1570/568/1 1558/562/1 1569/561/1 
f 1558/562/8 1570/568/8 1571/569/8 
f 1571/569/8 1560/563/8 1558/562/8 
f 1560/563/3 1571/569/3 1567/565/3 
f 1567/565/3 1566/559/3 1560/563/3 
f 1567/565/9 1572/570/9 1573/571/9 
f 1573/571/9 1568/566/9 1567/565/9 
f 1568/566/1 1573/571/1 1574/572/1 
f 1574/572/1 1575/573/1 1568/566/1 
f 1575/568/10 1574/574/10 1576/575/10 
f 1576/575/10 1577/569/10 1575/568/10 
f 1577/569/3 1576/575/3 1572/570/3 
f 1572/570/3 1567/565/3 1577/569/3 
f 1578/570/6 1579/576/6 1580/577/6 
f 1580/577/6 1581/571/6 1578/570/6 
f 1581/578/7 1580/579/7 1582/580/7 
f 1582/580/7 1574/574/7 1581/578/7 
f 1574/574/8 1582/580/8 1583/581/8 
f 1583/581/8 1576/575/8 1574/574/8 
f 1576/575/3 1583/581/3 1579/576/3 
f 1579/576/3 1578/570/3 1576/575/3 
f 1579/576/9 1584/582/9 1585/583/9 
f 1585/583/9 1580/577/9 1579/576/9 
f 1580/579/1 1585/584/1 1586/585/1 
f 1586/585/1 1587/580/1 1580/579/1 
f 1587/580/10 1586/585/10 1588/586/10 
f 1588/586/10 1589/581/10 1587/580/10 
f 1589/581/3 1588/586/3 1584/582/3 
f 1584/582/3 1579/576/3 1589/581/3 
f 1590/587/9 1591/588/9 1592/589/9 
f 1592/589/9 1593/590/9 1590/587/9 
f 1593/590/1 1592/589/1 1594/591/1 
f 1594/591/1 1595/592/1 1593/590/1 
f 1595/593/10 1594/594/10 1596/595/10 
f 1596/595/10 1597/596/10 1595/593/10 
f 1597/596/3 1596/595/3 1591/588/3 
f 1591/588/3 1590/587/3 1597/596/3 
f 1598/588/6 1599/597/6 1600/598/6 
f 1600/598/6 1601/589/6 1598/588/6 
f 1601/599/1 1600/600/1 1602/601/1 
f 1602/601/1 1594/594/1 1601/599/1 
f 1594/594/8 1602/601/8 1603/602/8 
f 1603/602/8 1596/595/8 1594/594/8 
f 1596/595/3 1603/602/3 1599/597/3 
f 1599/597/3 1598/588/3 1596/595/3 
f 1599/597/9 1604/603/9 1605/604/9 
f 1605/604/9 1600/598/9 1599/597/9 
f 1600/600/1 1605/605/1 1606/606/1 
f 1606/606/1 1607/601/1 1600/600/1 
f 1607/601/10 1606/606/10 1608/607/10 
f 1608/607/10 1609/602/10 1607/601/10 
f 1609/602/3 1608/607/3 1604/603/3 
f 1604/603/3 1599/597/3 1609/602/3 
f 1588/586/3 1610/596/3 1590/587/3 
f 1590/587/3 1611/582/3 1588/586/3 
f 1586/585/8 1612/593/8 1610/596/8 
f 1610/596/8 1588/586/8 1586/585/8 
f 1613/584/1 1593/608/1 1612/593/1 
f 1612/593/1 1586/585/1 1613/584/1 
f 1611/582/6 1590/587/6 1593/590/6 
f 1593/590/6 1613/583/6 1611/582/6 
f 1614/609/10 1615/610/10 1616/611/10 
f 1616/611/10 1617/612/10 1614/609/10 
f 1617/613/3 1616/614/3 1618/615/3 
f 1618/615/3 1619/616/3 1617/613/3 
f 1619/616/9 1618/615/9 1620/617/9 
f 1620/617/9 1621/618/9 1619/616/9 
f 1621/618/1 1620/617/1 1615/610/1 
f 1615/610/1 1614/609/1 1621/618/1 
f 1615/610/8 1622/619/8 1623/620/8 
f 1623/620/8 1616/611/8 1615/610/8 
f 1616/611/3 1623/620/3 1624/621/3 
f 1624/621/3 1625/622/3 1616/611/3 
f 1625/615/6 1624/623/6 1626/624/6 
f 1626/624/6 1627/617/6 1625/615/6 
f 1627/617/1 1626/624/1 1622/619/1 
f 1622/619/1 1615/610/1 1627/617/1 
f 1628/619/10 1629/625/10 1630/626/10 
f 1630/626/10 1631/620/10 1628/619/10 
f 1631/627/3 1630/628/3 1632/629/3 
f 1632/629/3 1624/623/3 1631/627/3 
f 1624/623/9 1632/629/9 1633/630/9 
f 1633/630/9 1626/624/9 1624/623/9 
f 1626/624/1 1633/630/1 1629/625/1 
f 1629/625/1 1628/619/1 1626/624/1 
f 1629/625/8 1634/631/8 1635/632/8 
f 1635/632/8 1630/626/8 1629/625/8 
f 1630/628/3 1635/633/3 1636/634/3 
f 1636/634/3 1637/629/3 1630/628/3 
f 1637/629/6 1636/634/6 1638/635/6 
f 1638/635/6 1639/630/6 1637/629/6 
f 1639/630/1 1638/635/1 1634/631/1 
f 1634/631/1 1629/625/1 1639/630/1 
f 1640/636/8 1641/637/8 1642/638/8 
f 1642/638/8 1643/639/8 1640/636/8 
f 1643/639/3 1642/638/3 1644/640/3 
f 1644/640/3 1645/641/3 1643/639/3 
f 1645/642/6 1644/643/6 1646/644/6 
f 1646/644/6 1647/645/6 1645/642/6 
f 1647/645/1 1646/644/1 1641/637/1 
f 1641/637/1 1640/636/1 1647/645/1 
f 1648/637/10 1649/646/10 1650/647/10 
f 1650/647/10 1651/638/10 1648/637/10 
f 1651/648/3 1650/649/3 1652/650/3 
f 1652/650/3 1644/643/3 1651/648/3 
f 1644/643/9 1652/650/9 1653/651/9 
f 1653/651/9 1646/644/9 1644/643/9 
f 1646/644/1 1653/651/1 1649/646/1 
f 1649/646/1 1648/637/1 1646/644/1 
f 1649/646/8 1654/652/8 1655/653/8 
f 1655/653/8 1650/647/8 1649/646/8 
f 1650/649/3 1655/654/3 1656/655/3 
f 1656/655/3 1657/650/3 1650/649/3 
f 1657/650/6 1656/655/6 1658/656/6 
f 1658/656/6 1659/651/6 1657/650/6 
f 1659/651/1 1658/656/1 1654/652/1 
f 1654/652/1 1649/646/1 1659/651/1 
f 1638/635/1 1660/645/1 1640/636/1 
f 1640/636/1 1661/631/1 1638/635/1 
f 1636/634/9 1662/642/9 1660/645/9 
f 1660/645/9 1638/635/9 1636/634/9 
f 1663/633/3 1643/657/3 1662/642/3 
f 1662/642/3 1636/634/3 1663/633/3 
f 1661/631/10 1640/636/10 1643/639/10 
f 1643/639/10 1663/632/10 1661/631/10 
f 1664/652/10 1665/658/10 1666/659/10 
f 1666/659/10 1667/653/10 1664/652/10 
f 1667/654/11 1666/660/11 1668/661/11 
f 1668/661/11 1656/655/11 1667/654/11 
f 1656/655/9 1668/661/9 1669/662/9 
f 1669/662/9 1658/656/9 1656/655/9 
f 1658/656/1 1669/662/1 1665/658/1 
f 1665/658/1 1664/652/1 1658/656/1 
f 1665/658/8 1670/663/8 1671/664/8 
f 1671/664/8 1666/659/8 1665/658/8 
f 1666/659/3 1671/664/3 1672/665/3 
f 1672/665/3 1673/666/3 1666/659/3 
f 1673/661/6 1672/667/6 1674/668/6 
f 1674/668/6 1675/662/6 1673/661/6 
f 1675/662/1 1674/668/1 1670/663/1 
f 1670/663/1 1665/658/1 1675/662/1 
f 1676/663/10 1677/669/10 1678/670/10 
f 1678/670/10 1679/664/10 1676/663/10 
f 1679/671/3 1678/672/3 1680/673/3 
f 1680/673/3 1672/667/3 1679/671/3 
f 1672/667/9 1680/673/9 1681/674/9 
f 1681/674/9 1674/668/9 1672/667/9 
f 1674/668/1 1681/674/1 1677/669/1 
f 1677/669/1 1676/663/1 1674/668/1 
f 1677/669/8 1682/675/8 1683/676/8 
f 1683/676/8 1678/670/8 1677/669/8 
f 1678/672/3 1683/677/3 1684/678/3 
f 1684/678/3 1685/673/3 1678/672/3 
f 1685/673/6 1684/678/6 1686/679/6 
f 1686/679/6 1687/674/6 1685/673/6 
f 1687/674/1 1686/679/1 1682/675/1 
f 1682/675/1 1677/669/1 1687/674/1 
f 1688/680/8 1689/681/8 1690/682/8 
f 1690/682/8 1691/683/8 1688/680/8 
f 1691/683/3 1690/682/3 1692/684/3 
f 1692/684/3 1693/685/3 1691/683/3 
f 1693/686/6 1692/687/6 1694/688/6 
f 1694/688/6 1695/689/6 1693/686/6 
f 1695/689/1 1694/688/1 1689/681/1 
f 1689/681/1 1688/680/1 1695/689/1 
f 1696/681/10 1697/690/10 1698/691/10 
f 1698/691/10 1699/682/10 1696/681/10 
f 1699/692/3 1698/693/3 1700/694/3 
f 1700/694/3 1692/687/3 1699/692/3 
f 1692/687/9 1700/694/9 1701/695/9 
f 1701/695/9 1694/688/9 1692/687/9 
f 1694/688/1 1701/695/1 1697/690/1 
f 1697/690/1 1696/681/1 1694/688/1 
f 1697/690/8 1702/696/8 1703/697/8 
f 1703/697/8 1698/691/8 1697/690/8 
f 1698/693/3 1703/698/3 1704/699/3 
f 1704/699/3 1705/694/3 1698/693/3 
f 1705/694/6 1704/699/6 1706/700/6 
f 1706/700/6 1707/695/6 1705/694/6 
f 1707/695/1 1706/700/1 1702/696/1 
f 1702/696/1 1697/690/1 1707/695/1 
f 1686/679/1 1708/689/1 1688/680/1 
f 1688/680/1 1709/675/1 1686/679/1 
f 1684/678/9 1710/686/9 1708/689/9 
f 1708/689/9 1686/679/9 1684/678/9 
f 1711/677/3 1691/701/3 1710/686/3 
f 1710/686/3 1684/678/3 1711/677/3 
f 1709/675/10 1688/680/10 1691/683/10 
f 1691/683/10 1711/676/10 1709/675/10 
f 1712/702/269 1713/703/269 1714/704/269 
f 1714/704/269 1715/705/269 1712/702/269 
f 1715/706/5 1714/707/5 1716/708/5 
f 1716/708/5 1717/709/5 1715/706/5 
f 1717/709/270 1716/708/270 1718/710/270 
f 1718/710/270 1719/711/270 1717/709/270 
f 1719/711/2 1718/710/2 1713/703/2 
f 1713/703/2 1712/702/2 1719/711/2 
f 1713/703/271 1720/712/271 1721/713/271 
f 1721/713/271 1714/704/271 1713/703/271 
f 1714/704/5 1721/713/5 1722/714/5 
f 1722/714/5 1723/715/5 1714/704/5 
f 1723/708/272 1722/716/272 1724/717/272 
f 1724/717/272 1725/710/272 1723/708/272 
f 1725/710/2 1724/717/2 1720/712/2 
f 1720/712/2 1713/703/2 1725/710/2 
f 1726/712/269 1727/718/269 1728/719/269 
f 1728/719/269 1729/713/269 1726/712/269 
f 1729/720/5 1728/721/5 1730/722/5 
f 1730/722/5 1722/716/5 1729/720/5 
f 1722/716/270 1730/722/270 1731/723/270 
f 1731/723/270 1724/717/270 1722/716/270 
f 1724/717/2 1731/723/2 1727/718/2 
f 1727/718/2 1726/712/2 1724/717/2 
f 1727/718/271 1732/724/271 1733/725/271 
f 1733/725/271 1728/719/271 1727/718/271 
f 1728/721/5 1733/726/5 1734/727/5 
f 1734/727/5 1735/722/5 1728/721/5 
f 1735/722/272 1734/727/272 1736/728/272 
f 1736/728/272 1737/723/272 1735/722/272 
f 1737/723/2 1736/728/2 1732/724/2 
f 1732/724/2 1727/718/2 1737/723/2 
f 1738/729/271 1739/730/271 1740/731/271 
f 1740/731/271 1741/732/271 1738/729/271 
f 1741/732/5 1740/731/5 1742/733/5 
f 1742/733/5 1743/734/5 1741/732/5 
f 1743/735/272 1742/736/272 1744/737/272 
f 1744/737/272 1745/738/272 1743/735/272 
f 1745/738/2 1744/737/2 1739/730/2 
f 1739/730/2 1738/729/2 1745/738/2 
f 1746/730/269 1747/739/269 1748/740/269 
f 1748/740/269 1749/731/269 1746/730/269 
f 1749/741/5 1748/742/5 1750/743/5 
f 1750/743/5 1742/736/5 1749/741/5 
f 1742/736/270 1750/743/270 1751/744/270 
f 1751/744/270 1744/737/270 1742/736/270 
f 1744/737/2 1751/744/2 1747/739/2 
f 1747/739/2 1746/730/2 1744/737/2 
f 1747/739/271 1752/745/271 1753/746/271 
f 1753/746/271 1748/740/271 1747/739/271 
f 1748/742/5 1753/747/5 1754/748/5 
f 1754/748/5 1755/743/5 1748/742/5 
f 1755/743/272 1754/748/272 1756/749/272 
f 1756/749/272 1757/744/272 1755/743/272 
f 1757/744/2 1756/749/2 1752/745/2 
f 1752/745/2 1747/739/2 1757/744/2 
f 1736/728/2 1758/738/2 1738/729/2 
f 1738/729/2 1759/724/2 1736/728/2 
f 1734/727/270 1760/735/270 1758/738/270 
f 1758/738/270 1736/728/270 1734/727/270 
f 1761/726/5 1741/750/5 1760/735/5 
f 1760/735/5 1734/727/5 1761/726/5 
f 1759/724/269 1738/729/269 1741/732/269 
f 1741/732/269 1761/725/269 1759/724/269 
f 1762/745/269 1763/751/269 1764/752/269 
f 1764/752/269 1765/746/269 1762/745/269 
f 1765/747/5 1764/753/5 1766/754/5 
f 1766/754/5 1754/748/5 1765/747/5 
f 1754/748/270 1766/754/270 1767/755/270 
f 1767/755/270 1756/749/270 1754/748/270 
f 1756/749/2 1767/755/2 1763/751/2 
f 1763/751/2 1762/745/2 1756/749/2 
f 1763/751/271 1768/756/271 1769/757/271 
f 1769/757/271 1764/752/271 1763/751/271 
f 1764/752/5 1769/757/5 1770/758/5 
f 1770/758/5 1771/759/5 1764/752/5 
f 1771/754/272 1770/760/272 1772/761/272 
f 1772/761/272 1773/755/272 1771/754/272 
f 1773/755/2 1772/761/2 1768/756/2 
f 1768/756/2 1763/751/2 1773/755/2 
f 1774/756/269 1775/762/269 1776/763/269 
f 1776/763/269 1777/757/269 1774/756/269 
f 1777/764/5 1776/765/5 1778/766/5 
f 1778/766/5 1770/760/5 1777/764/5 
f 1770/760/270 1778/766/270 1779/767/270 
f 1779/767/270 1772/761/270 1770/760/270 
f 1772/761/2 1779/767/2 1775/762/2 
f 1775/762/2 1774/756/2 1772/761/2 
f 1775/762/271 1780/768/271 1781/769/271 
f 1781/769/271 1776/763/271 1775/762/271 
f 1776/765/5 1781/770/5 1782/771/5 
f 1782/771/5 1783/766/5 1776/765/5 
f 1783/766/272 1782/771/272 1784/772/272 
f 1784/772/272 1785/767/272 1783/766/272 
f 1785/767/2 1784/772/2 1780/768/2 
f 1780/768/2 1775/762/2 1785/767/2 
f 1786/773/271 1787/774/271 1788/775/271 
f 1788/775/271 1789/776/271 1786/773/271 
f 1789/776/5 1788/775/5 1790/777/5 
f 1790/777/5 1791/778/5 1789/776/5 
f 1791/779/272 1790/780/272 1792/781/272 
f 1792/781/272 1793/782/272 1791/779/272 
f 1793/782/2 1792/781/2 1787/774/2 
f 1787/774/2 1786/773/2 1793/782/2 
f 1794/774/269 1795/783/269 1796/784/269 
f 1796/784/269 1797/775/269 1794/774/269 
f 1797/785/5 1796/786/5 1798/787/5 
f 1798/787/5 1790/780/5 1797/785/5 
f 1790/780/270 1798/787/270 1799/788/270 
f 1799/788/270 1792/781/270 1790/780/270 
f 1792/781/2 1799/788/2 1795/783/2 
f 1795/783/2 1794/774/2 1792/781/2 
f 1795/783/271 1800/789/271 1801/790/271 
f 1801/790/271 1796/784/271 1795/783/271 
f 1796/786/5 1801/791/5 1802/792/5 
f 1802/792/5 1803/787/5 1796/786/5 
f 1803/787/272 1802/792/272 1804/793/272 
f 1804/793/272 1805/788/272 1803/787/272 
f 1805/788/2 1804/793/2 1800/789/2 
f 1800/789/2 1795/783/2 1805/788/2 
f 1784/772/2 1806/782/2 1786/773/2 
f 1786/773/2 1807/768/2 1784/772/2 
f 1782/771/270 1808/779/270 1806/782/270 
f 1806/782/270 1784/772/270 1782/771/270 
f 1809/770/5 1789/794/5 1808/779/5 
f 1808/779/5 1782/771/5 1809/770/5 
f 1807/768/269 1786/773/269 1789/776/269 
f 1789/776/269 1809/769/269 1807/768/269 
f 1810/795/272 1811/796/272 1812/797/272 
f 1812/797/272 1813/798/272 1810/795/272 
f 1813/799/2 1812/800/2 1814/801/2 
f 1814/801/2 1815/802/2 1813/799/2 
f 1815/802/271 1814/801/271 1816/803/271 
f 1816/803/271 1817/804/271 1815/802/271 
f 1817/804/5 1816/803/5 1811/796/5 
f 1811/796/5 1810/795/5 1817/804/5 
f 1811/796/270 1818/805/270 1819/806/270 
f 1819/806/270 1812/797/270 1811/796/270 
f 1812/797/2 1819/806/2 1820/807/2 
f 1820/807/2 1821/808/2 1812/797/2 
f 1821/801/269 1820/809/269 1822/810/269 
f 1822/810/269 1823/803/269 1821/801/269 
f 1823/803/5 1822/810/5 1818/805/5 
f 1818/805/5 1811/796/5 1823/803/5 
f 1824/805/272 1825/811/272 1826/812/272 
f 1826/812/272 1827/806/272 1824/805/272 
f 1827/813/2 1826/814/2 1828/815/2 
f 1828/815/2 1820/809/2 1827/813/2 
f 1820/809/271 1828/815/271 1829/816/271 
f 1829/816/271 1822/810/271 1820/809/271 
f 1822/810/5 1829/816/5 1825/811/5 
f 1825/811/5 1824/805/5 1822/810/5 
f 1825/811/270 1830/817/270 1831/818/270 
f 1831/818/270 1826/812/270 1825/811/270 
f 1826/814/2 1831/819/2 1832/820/2 
f 1832/820/2 1833/815/2 1826/814/2 
f 1833/815/269 1832/820/269 1834/821/269 
f 1834/821/269 1835/816/269 1833/815/269 
f 1835/816/5 1834/821/5 1830/817/5 
f 1830/817/5 1825/811/5 1835/816/5 
f 1836/822/270 1837/823/270 1838/824/270 
f 1838/824/270 1839/825/270 1836/822/270 
f 1839/825/2 1838/824/2 1840/826/2 
f 1840/826/2 1841/827/2 1839/825/2 
f 1841/828/269 1840/829/269 1842/830/269 
f 1842/830/269 1843/831/269 1841/828/269 
f 1843/831/5 1842/830/5 1837/823/5 
f 1837/823/5 1836/822/5 1843/831/5 
f 1844/823/272 1845/832/272 1846/833/272 
f 1846/833/272 1847/824/272 1844/823/272 
f 1847/834/2 1846/835/2 1848/836/2 
f 1848/836/2 1840/829/2 1847/834/2 
f 1840/829/271 1848/836/271 1849/837/271 
f 1849/837/271 1842/830/271 1840/829/271 
f 1842/830/5 1849/837/5 1845/832/5 
f 1845/832/5 1844/823/5 1842/830/5 
f 1845/832/270 1850/838/270 1851/839/270 
f 1851/839/270 1846/833/270 1845/832/270 
f 1846/835/2 1851/840/2 1852/841/2 
f 1852/841/2 1853/836/2 1846/835/2 
f 1853/836/269 1852/841/269 1854/842/269 
f 1854/842/269 1855/837/269 1853/836/269 
f 1855/837/5 1854/842/5 1850/838/5 
f 1850/838/5 1845/832/5 1855/837/5 
f 1834/821/5 1856/831/5 1836/822/5 
f 1836/822/5 1857/817/5 1834/821/5 
f 1832/820/271 1858/828/271 1856/831/271 
f 1856/831/271 1834/821/271 1832/820/271 
f 1859/819/2 1839/843/2 1858/828/2 
f 1858/828/2 1832/820/2 1859/819/2 
f 1857/817/272 1836/822/272 1839/825/272 
f 1839/825/272 1859/818/272 1857/817/272 
f 1860/838/272 1861/844/272 1862/845/272 
f 1862/845/272 1863/839/272 1860/838/272 
f 1863/840/2 1862/846/2 1864/847/2 
f 1864/847/2 1852/841/2 1863/840/2 
f 1852/841/271 1864/847/271 1865/848/271 
f 1865/848/271 1854/842/271 1852/841/271 
f 1854/842/5 1865/848/5 1861/844/5 
f 1861/844/5 1860/838/5 1854/842/5 
f 1861/844/270 1866/849/270 1867/850/270 
f 1867/850/270 1862/845/270 1861/844/270 
f 1862/845/2 1867/850/2 1868/851/2 
f 1868/851/2 1869/852/2 1862/845/2 
f 1869/847/269 1868/853/269 1870/854/269 
f 1870/854/269 1871/848/269 1869/847/269 
f 1871/848/5 1870/854/5 1866/849/5 
f 1866/849/5 1861/844/5 1871/848/5 
f 1872/849/272 1873/855/272 1874/856/272 
f 1874/856/272 1875/850/272 1872/849/272 
f 1875/857/2 1874/858/2 1876/859/2 
f 1876/859/2 1868/853/2 1875/857/2 
f 1868/853/271 1876/859/271 1877/860/271 
f 1877/860/271 1870/854/271 1868/853/271 
f 1870/854/5 1877/860/5 1873/855/5 
f 1873/855/5 1872/849/5 1870/854/5 
f 1873/855/270 1878/861/270 1879/862/270 
f 1879/862/270 1874/856/270 1873/855/270 
f 1874/858/2 1879/863/2 1880/864/2 
f 1880/864/2 1881/859/2 1874/858/2 
f 1881/859/269 1880/864/269 1882/865/269 
f 1882/865/269 1883/860/269 1881/859/269 
f 1883/860/5 1882/865/5 1878/861/5 
f 1878/861/5 1873/855/5 1883/860/5 
f 1884/866/270 1885/867/270 1886/868/270 
f 1886/868/270 1887/869/270 1884/866/270 
f 1887/869/2 1886/868/2 1888/870/2 
f 1888/870/2 1889/871/2 1887/869/2 
f 1889/872/269 1888/873/269 1890/874/269 
f 1890/874/269 1891/875/269 1889/872/269 
f 1891/875/5 1890/874/5 1885/867/5 
f 1885/867/5 1884/866/5 1891/875/5 
f 1892/867/272 1893/876/272 1894/877/272 
f 1894/877/272 1895/868/272 1892/867/272 
f 1895/878/2 1894/879/2 1896/880/2 
f 1896/880/2 1888/873/2 1895/878/2 
f 1888/873/271 1896/880/271 1897/881/271 
f 1897/881/271 1890/874/271 1888/873/271 
f 1890/874/5 1897/881/5 1893/876/5 
f 1893/876/5 1892/867/5 1890/874/5 
f 1893/876/270 1898/882/270 1899/883/270 
f 1899/883/270 1894/877/270 1893/876/270 
f 1894/879/2 1899/884/2 1900/885/2 
f 1900/885/2 1901/880/2 1894/879/2 
f 1901/880/269 1900/885/269 1902/886/269 
f 1902/886/269 1903/881/269 1901/880/269 
f 1903/881/5 1902/886/5 1898/882/5 
f 1898/882/5 1893/876/5 1903/881/5 
f 1882/865/5 1904/875/5 1884/866/5 
f 1884/866/5 1905/861/5 1882/865/5 
f 1880/864/271 1906/872/271 1904/875/271 
f 1904/875/271 1882/865/271 1880/864/271 
f 1907/863/2 1887/887/2 1906/872/2 
f 1906/872/2 1880/864/2 1907/863/2 
f 1905/861/272 1884/866/272 1887/869/272 
f 1887/869/272 1907/862/272 1905/861/272 
f 1908/1/1 1909/2/1 1910/3/1 
f 1910/3/1 1911/4/1 1908/1/1 
f 1911/5/2 1910/6/2 1912/7/2 
f 1912/7/2 1913/8/2 1911/5/2 
f 1913/8/3 1912/7/3 1914/9/3 
f 1914/9/3 1915/10/3 1913/8/3 
f 1912/11/4 1910/12/4 1909/13/4 
f 1909/13/4 1914/14/4 1912/11/4 
f 1916/15/2 1917/16/2 1918/17/2 
f 1918/17/2 1919/18/2 1916/15/2 
f 1920/19/1 1921/20/1 1922/21/1 
f 1922/21/1 1923/22/1 1920/19/1 
f 1923/22/2 1922/21/2 1924/23/2 
f 1924/23/2 1925/24/2 1923/22/2 
f 1925/25/3 1924/26/3 1926/27/3 
f 1926/27/3 1927/28/3 1925/25/3 
f 1924/29/4 1922/30/4 1921/31/4 
f 1921/31/4 1926/32/4 1924/29/4 
f 1928/33/2 1929/34/2 1930/35/2 
f 1930/35/2 1931/36/2 1928/33/2 
f 1929/34/1 1932/37/1 1933/38/1 
f 1933/38/1 1930/35/1 1929/34/1 
f 1932/39/5 1934/40/5 1935/41/5 
f 1935/41/5 1933/42/5 1932/39/5 
f 1934/40/3 1928/33/3 1931/36/3 
f 1931/36/3 1935/41/3 1934/40/3 
f 1935/43/4 1931/44/4 1930/45/4 
f 1930/45/4 1933/46/4 1935/43/4 
f 1936/47/1 1937/48/1 1917/16/1 
f 1917/16/1 1916/15/1 1936/47/1 
f 1938/49/5 1939/50/5 1937/48/5 
f 1937/48/5 1936/47/5 1938/49/5 
f 1919/18/3 1918/17/3 1939/51/3 
f 1939/51/3 1938/52/3 1919/18/3 
f 1939/53/4 1918/54/4 1917/55/4 
f 1917/55/4 1937/56/4 1939/53/4 
f 1927/28/5 1926/27/5 1921/20/5 
f 1921/20/5 1920/19/5 1927/28/5 
f 1940/57/6 1941/58/6 1942/59/6 
f 1942/59/6 1943/60/6 1940/57/6 
f 1943/61/7 1942/62/7 1944/63/7 
f 1944/63/7 1945/64/7 1943/61/7 
f 1945/64/8 1944/63/8 1946/65/8 
f 1946/65/8 1947/66/8 1945/64/8 
f 1947/66/3 1946/65/3 1941/58/3 
f 1941/58/3 1940/57/3 1947/66/3 
f 1941/58/9 1948/67/9 1949/68/9 
f 1949/68/9 1942/59/9 1941/58/9 
f 1942/59/1 1949/68/1 1950/69/1 
f 1950/69/1 1951/70/1 1942/59/1 
f 1951/63/10 1950/71/10 1952/72/10 
f 1952/72/10 1953/65/10 1951/63/10 
f 1953/65/3 1952/72/3 1948/67/3 
f 1948/67/3 1941/58/3 1953/65/3 
f 1954/67/6 1955/73/6 1956/74/6 
f 1956/74/6 1957/68/6 1954/67/6 
f 1957/75/1 1956/76/1 1958/77/1 
f 1958/77/1 1950/71/1 1957/75/1 
f 1950/71/8 1958/77/8 1959/78/8 
f 1959/78/8 1952/72/8 1950/71/8 
f 1952/72/11 1959/78/11 1955/73/11 
f 1955/73/11 1954/67/11 1952/72/11 
f 1955/73/9 1960/79/9 1961/80/9 
f 1961/80/9 1956/74/9 1955/73/9 
f 1956/76/7 1961/81/7 1962/82/7 
f 1962/82/7 1963/77/7 1956/76/7 
f 1963/77/10 1962/82/10 1964/83/10 
f 1964/83/10 1965/78/10 1963/77/10 
f 1965/78/11 1964/83/11 1960/79/11 
f 1960/79/11 1955/73/11 1965/78/11 
f 1915/10/5 1914/9/5 1909/2/5 
f 1909/2/5 1908/1/5 1915/10/5 
f 1966/543/9 1967/544/9 1968/545/9 
f 1968/545/9 1969/546/9 1966/543/9 
f 1969/546/7 1968/545/7 1970/547/7 
f 1970/547/7 1971/548/7 1969/546/7 
f 1971/549/10 1970/550/10 1972/551/10 
f 1972/551/10 1973/552/10 1971/549/10 
f 1973/552/3 1972/551/3 1967/544/3 
f 1967/544/3 1966/543/3 1973/552/3 
f 1974/544/6 1975/553/6 1976/554/6 
f 1976/554/6 1977/545/6 1974/544/6 
f 1977/555/1 1976/556/1 1978/557/1 
f 1978/557/1 1970/550/1 1977/555/1 
f 1970/550/8 1978/557/8 1979/558/8 
f 1979/558/8 1972/551/8 1970/550/8 
f 1972/551/3 1979/558/3 1975/553/3 
f 1975/553/3 1974/544/3 1972/551/3 
f 1975/553/9 1980/559/9 1981/560/9 
f 1981/560/9 1976/554/9 1975/553/9 
f 1976/556/7 1981/561/7 1982/562/7 
f 1982/562/7 1983/557/7 1976/556/7 
f 1983/557/10 1982/562/10 1984/563/10 
f 1984/563/10 1985/558/10 1983/557/10 
f 1985/558/3 1984/563/3 1980/559/3 
f 1980/559/3 1975/553/3 1985/558/3 
f 1964/83/3 1986/552/3 1966/543/3 
f 1966/543/3 1987/79/3 1964/83/3 
f 1962/82/8 1988/549/8 1986/552/8 
f 1986/552/8 1964/83/8 1962/82/8 
f 1989/81/1 1969/564/1 1988/549/1 
f 1988/549/1 1962/82/1 1989/81/1 
f 1987/79/6 1966/543/6 1969/546/6 
f 1969/546/6 1989/80/6 1987/79/6 
f 1990/559/6 1991/565/6 1992/566/6 
f 1992/566/6 1993/560/6 1990/559/6 
f 1993/561/267 1992/567/267 1994/568/267 
f 1994/568/267 1982/562/267 1993/561/267 
f 1982/562/8 1994/568/8 1995/569/8 
f 1995/569/8 1984/563/8 1982/562/8 
f 1984/563/268 1995/569/268 1991/565/268 
f 1991/565/268 1990/559/268 1984/563/268 
f 1991/565/9 1996/570/9 1997/571/9 
f 1997/571/9 1992/566/9 1991/565/9 
f 1992/566/1 1997/571/1 1998/572/1 
f 1998/572/1 1999/573/1 1992/566/1 
f 1999/568/10 1998/574/10 2000/575/10 
f 2000/575/10 2001/569/10 1999/568/10 
f 2001/569/3 2000/575/3 1996/570/3 
f 1996/570/3 1991/565/3 2001/569/3 
f 2002/570/6 2003/576/6 2004/577/6 
f 2004/577/6 2005/571/6 2002/570/6 
f 2005/578/267 2004/579/267 2006/580/267 
f 2006/580/267 1998/574/267 2005/578/267 
f 1998/574/8 2006/580/8 2007/581/8 
f 2007/581/8 2000/575/8 1998/574/8 
f 2000/575/3 2007/581/3 2003/576/3 
f 2003/576/3 2002/570/3 2000/575/3 
f 2003/576/9 2008/582/9 2009/583/9 
f 2009/583/9 2004/577/9 2003/576/9 
f 2004/579/267 2009/584/267 2010/585/267 
f 2010/585/267 2011/580/267 2004/579/267 
f 2011/580/10 2010/585/10 2012/586/10 
f 2012/586/10 2013/581/10 2011/580/10 
f 2013/581/268 2012/586/268 2008/582/268 
f 2008/582/268 2003/576/268 2013/581/268 
f 2014/587/9 2015/588/9 2016/589/9 
f 2016/589/9 2017/590/9 2014/587/9 
f 2017/590/1 2016/589/1 2018/591/1 
f 2018/591/1 2019/592/1 2017/590/1 
f 2019/593/10 2018/594/10 2020/595/10 
f 2020/595/10 2021/596/10 2019/593/10 
f 2021/596/3 2020/595/3 2015/588/3 
f 2015/588/3 2014/587/3 2021/596/3 
f 2022/588/6 2023/597/6 2024/598/6 
f 2024/598/6 2025/589/6 2022/588/6 
f 2025/599/1 2024/600/1 2026/601/1 
f 2026/601/1 2018/594/1 2025/599/1 
f 2018/594/8 2026/601/8 2027/602/8 
f 2027/602/8 2020/595/8 2018/594/8 
f 2020/595/3 2027/602/3 2023/597/3 
f 2023/597/3 2022/588/3 2020/595/3 
f 2023/597/9 2028/603/9 2029/604/9 
f 2029/604/9 2024/598/9 2023/597/9 
f 2024/600/1 2029/605/1 2030/606/1 
f 2030/606/1 2031/601/1 2024/600/1 
f 2031/601/10 2030/606/10 2032/607/10 
f 2032/607/10 2033/602/10 2031/601/10 
f 2033/602/3 2032/607/3 2028/603/3 
f 2028/603/3 2023/597/3 2033/602/3 
f 2012/586/3 2034/596/3 2014/587/3 
f 2014/587/3 2035/582/3 2012/586/3 
f 2010/585/8 2036/593/8 2034/596/8 
f 2034/596/8 2012/586/8 2010/585/8 
f 2037/584/1 2017/608/1 2036/593/1 
f 2036/593/1 2010/585/1 2037/584/1 
f 2035/582/6 2014/587/6 2017/590/6 
f 2017/590/6 2037/583/6 2035/582/6 
f 2038/609/10 2039/610/10 2040/611/10 
f 2040/611/10 2041/612/10 2038/609/10 
f 2041/613/3 2040/614/3 2042/615/3 
f 2042/615/3 2043/616/3 2041/613/3 
f 2043/616/9 2042/615/9 2044/617/9 
f 2044/617/9 2045/618/9 2043/616/9 
f 2045/618/1 2044/617/1 2039/610/1 
f 2039/610/1 2038/609/1 2045/618/1 
f 2039/610/8 2046/619/8 2047/620/8 
f 2047/620/8 2040/611/8 2039/610/8 
f 2040/611/3 2047/620/3 2048/621/3 
f 2048/621/3 2049/622/3 2040/611/3 
f 2049/615/6 2048/623/6 2050/624/6 
f 2050/624/6 2051/617/6 2049/615/6 
f 2051/617/1 2050/624/1 2046/619/1 
f 2046/619/1 2039/610/1 2051/617/1 
f 2052/619/10 2053/625/10 2054/626/10 
f 2054/626/10 2055/620/10 2052/619/10 
f 2055/627/3 2054/628/3 2056/629/3 
f 2056/629/3 2048/623/3 2055/627/3 
f 2048/623/9 2056/629/9 2057/630/9 
f 2057/630/9 2050/624/9 2048/623/9 
f 2050/624/1 2057/630/1 2053/625/1 
f 2053/625/1 2052/619/1 2050/624/1 
f 2053/625/8 2058/631/8 2059/632/8 
f 2059/632/8 2054/626/8 2053/625/8 
f 2054/628/3 2059/633/3 2060/634/3 
f 2060/634/3 2061/629/3 2054/628/3 
f 2061/629/6 2060/634/6 2062/635/6 
f 2062/635/6 2063/630/6 2061/629/6 
f 2063/630/267 2062/635/267 2058/631/267 
f 2058/631/267 2053/625/267 2063/630/267 
f 2064/636/8 2065/637/8 2066/638/8 
f 2066/638/8 2067/639/8 2064/636/8 
f 2067/639/3 2066/638/3 2068/640/3 
f 2068/640/3 2069/641/3 2067/639/3 
f 2069/642/6 2068/643/6 2070/644/6 
f 2070/644/6 2071/645/6 2069/642/6 
f 2071/645/267 2070/644/267 2065/637/267 
f 2065/637/267 2064/636/267 2071/645/267 
f 2072/637/10 2073/646/10 2074/647/10 
f 2074/647/10 2075/638/10 2072/637/10 
f 2075/648/3 2074/649/3 2076/650/3 
f 2076/650/3 2068/643/3 2075/648/3 
f 2068/643/9 2076/650/9 2077/651/9 
f 2077/651/9 2070/644/9 2068/643/9 
f 2070/644/1 2077/651/1 2073/646/1 
f 2073/646/1 2072/637/1 2070/644/1 
f 2073/646/8 2078/652/8 2079/653/8 
f 2079/653/8 2074/647/8 2073/646/8 
f 2074/649/3 2079/654/3 2080/655/3 
f 2080/655/3 2081/650/3 2074/649/3 
f 2081/650/6 2080/655/6 2082/656/6 
f 2082/656/6 2083/651/6 2081/650/6 
f 2083/651/1 2082/656/1 2078/652/1 
f 2078/652/1 2073/646/1 2083/651/1 
f 2062/635/1 2084/645/1 2064/636/1 
f 2064/636/1 2085/631/1 2062/635/1 
f 2060/634/9 2086/642/9 2084/645/9 
f 2084/645/9 2062/635/9 2060/634/9 
f 2087/633/3 2067/657/3 2086/642/3 
f 2086/642/3 2060/634/3 2087/633/3 
f 2085/631/10 2064/636/10 2067/639/10 
f 2067/639/10 2087/632/10 2085/631/10 
f 2088/652/10 2089/658/10 2090/659/10 
f 2090/659/10 2091/653/10 2088/652/10 
f 2091/654/268 2090/660/268 2092/661/268 
f 2092/661/268 2080/655/268 2091/654/268 
f 2080/655/9 2092/661/9 2093/662/9 
f 2093/662/9 2082/656/9 2080/655/9 
f 2082/656/1 2093/662/1 2089/658/1 
f 2089/658/1 2088/652/1 2082/656/1 
f 2089/658/8 2094/663/8 2095/664/8 
f 2095/664/8 2090/659/8 2089/658/8 
f 2090/659/3 2095/664/3 2096/665/3 
f 2096/665/3 2097/666/3 2090/659/3 
f 2097/661/6 2096/667/6 2098/668/6 
f 2098/668/6 2099/662/6 2097/661/6 
f 2099/662/1 2098/668/1 2094/663/1 
f 2094/663/1 2089/658/1 2099/662/1 
f 2100/663/10 2101/669/10 2102/670/10 
f 2102/670/10 2103/664/10 2100/663/10 
f 2103/671/3 2102/672/3 2104/673/3 
f 2104/673/3 2096/667/3 2103/671/3 
f 2096/667/9 2104/673/9 2105/674/9 
f 2105/674/9 2098/668/9 2096/667/9 
f 2098/668/1 2105/674/1 2101/669/1 
f 2101/669/1 2100/663/1 2098/668/1 
f 2101/669/8 2106/675/8 2107/676/8 
f 2107/676/8 2102/670/8 2101/669/8 
f 2102/672/3 2107/677/3 2108/678/3 
f 2108/678/3 2109/673/3 2102/672/3 
f 2109/673/6 2108/678/6 2110/679/6 
f 2110/679/6 2111/674/6 2109/673/6 
f 2111/674/1 2110/679/1 2106/675/1 
f 2106/675/1 2101/669/1 2111/674/1 
f 2112/680/8 2113/681/8 2114/682/8 
f 2114/682/8 2115/683/8 2112/680/8 
f 2115/683/3 2114/682/3 2116/684/3 
f 2116/684/3 2117/685/3 2115/683/3 
f 2117/686/6 2116/687/6 2118/688/6 
f 2118/688/6 2119/689/6 2117/686/6 
f 2119/689/1 2118/688/1 2113/681/1 
f 2113/681/1 2112/680/1 2119/689/1 
f 2120/681/10 2121/690/10 2122/691/10 
f 2122/691/10 2123/682/10 2120/681/10 
f 2123/692/3 2122/693/3 2124/694/3 
f 2124/694/3 2116/687/3 2123/692/3 
f 2116/687/9 2124/694/9 2125/695/9 
f 2125/695/9 2118/688/9 2116/687/9 
f 2118/688/1 2125/695/1 2121/690/1 
f 2121/690/1 2120/681/1 2118/688/1 
f 2121/690/8 2126/696/8 2127/697/8 
f 2127/697/8 2122/691/8 2121/690/8 
f 2122/693/3 2127/698/3 2128/699/3 
f 2128/699/3 2129/694/3 2122/693/3 
f 2129/694/6 2128/699/6 2130/700/6 
f 2130/700/6 2131/695/6 2129/694/6 
f 2131/695/1 2130/700/1 2126/696/1 
f 2126/696/1 2121/690/1 2131/695/1 
f 2110/679/1 2132/689/1 2112/680/1 
f 2112/680/1 2133/675/1 2110/679/1 
f 2108/678/9 2134/686/9 2132/689/9 
f 2132/689/9 2110/679/9 2108/678/9 
f 2135/677/3 2115/701/3 2134/686/3 
f 2134/686/3 2108/678/3 2135/677/3 
f 2133/675/10 2112/680/10 2115/683/10 
f 2115/683/10 2135/676/10 2133/675/10 
f 2136/702/269 2137/703/269 2138/704/269 
f 2138/704/269 2139/705/269 2136/702/269 
f 2139/706/5 2138/707/5 2140/708/5 
f 2140/708/5 2141/709/5 2139/706/5 
f 2141/709/270 2140/708/270 2142/710/270 
f 2142/710/270 2143/711/270 2141/709/270 
f 2143/711/2 2142/710/2 2137/703/2 
f 2137/703/2 2136/702/2 2143/711/2 
f 2137/703/271 2144/712/271 2145/713/271 
f 2145/713/271 2138/704/271 2137/703/271 
f 2138/704/5 2145/713/5 2146/714/5 
f 2146/714/5 2147/715/5 2138/704/5 
f 2147/708/272 2146/716/272 2148/717/272 
f 2148/717/272 2149/710/272 2147/708/272 
f 2149/710/2 2148/717/2 2144/712/2 
f 2144/712/2 2137/703/2 2149/710/2 
f 2150/712/269 2151/718/269 2152/719/269 
f 2152/719/269 2153/713/269 2150/712/269 
f 2153/720/5 2152/721/5 2154/722/5 
f 2154/722/5 2146/716/5 2153/720/5 
f 2146/716/270 2154/722/270 2155/723/270 
f 2155/723/270 2148/717/270 2146/716/270 
f 2148/717/2 2155/723/2 2151/718/2 
f 2151/718/2 2150/712/2 2148/717/2 
f 2151/718/271 2156/724/271 2157/725/271 
f 2157/725/271 2152/719/271 2151/718/271 
f 2152/721/5 2157/726/5 2158/727/5 
f 2158/727/5 2159/722/5 2152/721/5 
f 2159/722/272 2158/727/272 2160/728/272 
f 2160/728/272 2161/723/272 2159/722/272 
f 2161/723/2 2160/728/2 2156/724/2 
f 2156/724/2 2151/718/2 2161/723/2 
f 2162/729/271 2163/730/271 2164/731/271 
f 2164/731/271 2165/732/271 2162/729/271 
f 2165/732/5 2164/731/5 2166/733/5 
f 2166/733/5 2167/734/5 2165/732/5 
f 2167/735/272 2166/736/272 2168/737/272 
f 2168/737/272 2169/738/272 2167/735/272 
f 2169/738/2 2168/737/2 2163/730/2 
f 2163/730/2 2162/729/2 2169/738/2 
f 2170/730/269 2171/739/269 2172/740/269 
f 2172/740/269 2173/731/269 2170/730/269 
f 2173/741/5 2172/742/5 2174/743/5 
f 2174/743/5 2166/736/5 2173/741/5 
f 2166/736/270 2174/743/270 2175/744/270 
f 2175/744/270 2168/737/270 2166/736/270 
f 2168/737/2 2175/744/2 2171/739/2 
f 2171/739/2 2170/730/2 2168/737/2 
f 2171/739/271 2176/745/271 2177/746/271 
f 2177/746/271 2172/740/271 2171/739/271 
f 2172/742/5 2177/747/5 2178/748/5 
f 2178/748/5 2179/743/5 2172/742/5 
f 2179/743/272 2178/748/272 2180/749/272 
f 2180/749/272 2181/744/272 2179/743/272 
f 2181/744/2 2180/749/2 2176/745/2 
f 2176/745/2 2171/739/2 2181/744/2 
f 2160/728/2 2182/738/2 2162/729/2 
f 2162/729/2 2183/724/2 2160/728/2 
f 2158/727/270 2184/735/270 2182/738/270 
f 2182/738/270 2160/728/270 2158/727/270 
f 2185/726/5 2165/750/5 2184/735/5 
f 2184/735/5 2158/727/5 2185/726/5 
f 2183/724/269 2162/729/269 2165/732/269 
f 2165/732/269 2185/725/269 2183/724/269 
f 2186/745/269 2187/751/269 2188/752/269 
f 2188/752/269 2189/746/269 2186/745/269 
f 2189/747/5 2188/753/5 2190/754/5 
f 2190/754/5 2178/748/5 2189/747/5 
f 2178/748/270 2190/754/270 2191/755/270 
f 2191/755/270 2180/749/270 2178/748/270 
f 2180/749/2 2191/755/2 2187/751/2 
f 2187/751/2 2186/745/2 2180/749/2 
f 2187/751/271 2192/756/271 2193/757/271 
f 2193/757/271 2188/752/271 2187/751/271 
f 2188/752/5 2193/757/5 2194/758/5 
f 2194/758/5 2195/759/5 2188/752/5 
f 2195/754/272 2194/760/272 2196/761/272 
f 2196/761/272 2197/755/272 2195/754/272 
f 2197/755/2 2196/761/2 2192/756/2 
f 2192/756/2 2187/751/2 2197/755/2 
f 2198/756/269 2199/762/269 2200/763/269 
f 2200/763/269 2201/757/269 2198/756/269 
f 2201/764/5 2200/765/5 2202/766/5 
f 2202/766/5 2194/760/5 2201/764/5 
f 2194/760/270 2202/766/270 2203/767/270 
f 2203/767/270 2196/761/270 2194/760/270 
f 2196/761/2 2203/767/2 2199/762/2 
f 2199/762/2 2198/756/2 2196/761/2 
f 2199/762/271 2204/768/271 2205/769/271 
f 2205/769/271 2200/763/271 2199/762/271 
f 2200/765/5 2205/770/5 2206/771/5 
f 2206/771/5 2207/766/5 2200/765/5 
f 2207/766/272 2206/771/272 2208/772/272 
f 2208/772/272 2209/767/272 2207/766/272 
f 2209/767/2 2208/772/2 2204/768/2 
f 2204/768/2 2199/762/2 2209/767/2 
f 2210/773/271 2211/774/271 2212/775/271 
f 2212/775/271 2213/776/271 2210/773/271 
f 2213/776/5 2212/775/5 2214/777/5 
f 2214/777/5 2215/778/5 2213/776/5 
f 2215/779/272 2214/780/272 2216/781/272 
f 2216/781/272 2217/782/272 2215/779/272 
f 2217/782/2 2216/781/2 2211/774/2 
f 2211/774/2 2210/773/2 2217/782/2 
f 2218/774/269 2219/783/269 2220/784/269 
f 2220/784/269 2221/775/269 2218/774/269 
f 2221/785/5 2220/786/5 2222/787/5 
f 2222/787/5 2214/780/5 2221/785/5 
f 2214/780/270 2222/787/270 2223/788/270 
f 2223/788/270 2216/781/270 2214/780/270 
f 2216/781/2 2223/788/2 2219/783/2 
f 2219/783/2 2218/774/2 2216/781/2 
f 2219/783/271 2224/789/271 2225/790/271 
f 2225/790/271 2220/784/271 2219/783/271 
f 2220/786/5 2225/791/5 2226/792/5 
f 2226/792/5 2227/787/5 2220/786/5 
f 2227/787/272 2226/792/272 2228/793/272 
f 2228/793/272 2229/788/272 2227/787/272 
f 2229/788/2 2228/793/2 2224/789/2 
f 2224/789/2 2219/783/2 2229/788/2 
f 2208/772/2 2230/782/2 2210/773/2 
f 2210/773/2 2231/768/2 2208/772/2 
f 2206/771/270 2232/779/270 2230/782/270 
f 2230/782/270 2208/772/270 2206/771/270 
f 2233/770/5 2213/794/5 2232/779/5 
f 2232/779/5 2206/771/5 2233/770/5 
f 2231/768/269 2210/773/269 2213/776/269 
f 2213/776/269 2233/769/269 2231/768/269 
f 2234/795/272 2235/796/272 2236/797/272 
f 2236/797/272 2237/798/272 2234/795/272 
f 2237/799/2 2236/800/2 2238/801/2 
f 2238/801/2 2239/802/2 2237/799/2 
f 2239/802/271 2238/801/271 2240/803/271 
f 2240/803/271 2241/804/271 2239/802/271 
f 2241/804/5 2240/803/5 2235/796/5 
f 2235/796/5 2234/795/5 2241/804/5 
f 2235/796/270 2242/805/270 2243/806/270 
f 2243/806/270 2236/797/270 2235/796/270 
f 2236/797/2 2243/806/2 2244/807/2 
f 2244/807/2 2245/808/2 2236/797/2 
f 2245/801/269 2244/809/269 2246/810/269 
f 2246/810/269 2247/803/269 2245/801/269 
f 2247/803/5 2246/810/5 2242/805/5 
f 2242/805/5 2235/796/5 2247/803/5 
f 2248/805/272 2249/811/272 2250/812/272 
f 2250/812/272 2251/806/272 2248/805/272 
f 2251/813/2 2250/814/2 2252/815/2 
f 2252/815/2 2244/809/2 2251/813/2 
f 2244/809/271 2252/815/271 2253/816/271 
f 2253/816/271 2246/810/271 2244/809/271 
f 2246/810/5 2253/816/5 2249/811/5 
f 2249/811/5 2248/805/5 2246/810/5 
f 2249/811/270 2254/817/270 2255/818/270 
f 2255/818/270 2250/812/270 2249/811/270 
f 2250/814/2 2255/819/2 2256/820/2 
f 2256/820/2 2257/815/2 2250/814/2 
f 2257/815/269 2256/820/269 2258/821/269 
f 2258/821/269 2259/816/269 2257/815/269 
f 2259/816/5 2258/821/5 2254/817/5 
f 2254/817/5 2249/811/5 2259/816/5 
f 2260/822/270 2261/823/270 2262/824/270 
f 2262/824/270 2263/825/270 2260/822/270 
f 2263/825/2 2262/824/2 2264/826/2 
f 2264/826/2 2265/827/2 2263/825/2 
f 2265/828/269 2264/829/269 2266/830/269 
f 2266/830/269 2267/831/269 2265/828/269 
f 2267/831/5 2266/830/5 2261/823/5 
f 2261/823/5 2260/822/5 2267/831/5 
f 2268/823/272 2269/832/272 2270/833/272 
f 2270/833/272 2271/824/272 2268/823/272 
f 2271/834/2 2270/835/2 2272/836/2 
f 2272/836/2 2264/829/2 2271/834/2 
f 2264/829/271 2272/836/271 2273/837/271 
f 2273/837/271 2266/830/271 2264/829/271 
f 2266/830/5 2273/837/5 2269/832/5 
f 2269/832/5 2268/823/5 2266/830/5 
f 2269/832/270 2274/838/270 2275/839/270 
f 2275/839/270 2270/833/270 2269/832/270 
f 2270/835/2 2275/840/2 2276/841/2 
f 2276/841/2 2277/836/2 2270/835/2 
f 2277/836/269 2276/841/269 2278/842/269 
f 2278/842/269 2279/837/269 2277/836/269 
f 2279/837/5 2278/842/5 2274/838/5 
f 2274/838/5 2269/832/5 2279/837/5 
f 2258/821/5 2280/831/5 2260/822/5 
f 2260/822/5 2281/817/5 2258/821/5 
f 2256/820/271 2282/828/271 2280/831/271 
f 2280/831/271 2258/821/271 2256/820/271 
f 2283/819/2 2263/843/2 2282/828/2 
f 2282/828/2 2256/820/2 2283/819/2 
f 2281/817/272 2260/822/272 2263/825/272 
f 2263/825/272 2283/818/272 2281/817/272 
f 2284/838/272 2285/844/272 2286/845/272 
f 2286/845/272 2287/839/272 2284/838/272 
f 2287/840/2 2286/846/2 2288/847/2 
f 2288/847/2 2276/841/2 2287/840/2 
f 2276/841/271 2288/847/271 2289/848/271 
f 2289/848/271 2278/842/271 2276/841/271 
f 2278/842/5 2289/848/5 2285/844/5 
f 2285/844/5 2284/838/5 2278/842/5 
f 2285/844/270 2290/849/270 2291/850/270 
f 2291/850/270 2286/845/270 2285/844/270 
f 2286/845/2 2291/850/2 2292/851/2 
f 2292/851/2 2293/852/2 2286/845/2 
f 2293/847/269 2292/853/269 2294/854/269 
f 2294/854/269 2295/848/269 2293/847/269 
f 2295/848/5 2294/854/5 2290/849/5 
f 2290/849/5 2285/844/5 2295/848/5 
f 2296/849/272 2297/855/272 2298/856/272 
f 2298/856/272 2299/850/272 2296/849/272 
f 2299/857/2 2298/858/2 2300/859/2 
f 2300/859/2 2292/853/2 2299/857/2 
f 2292/853/271 2300/859/271 2301/860/271 
f 2301/860/271 2294/854/271 2292/853/271 
f 2294/854/5 2301/860/5 2297/855/5 
f 2297/855/5 2296/849/5 2294/854/5 
f 2297/855/270 2302/861/270 2303/862/270 
f 2303/862/270 2298/856/270 2297/855/270 
f 2298/858/2 2303/863/2 2304/864/2 
f 2304/864/2 2305/859/2 2298/858/2 
f 2305/859/269 2304/864/269 2306/865/269 
f 2306/865/269 2307/860/269 2305/859/269 
f 2307/860/5 2306/865/5 2302/861/5 
f 2302/861/5 2297/855/5 2307/860/5 
f 2308/866/270 2309/867/270 2310/868/270 
f 2310/868/270 2311/869/270 2308/866/270 
f 2311/869/2 2310/868/2 2312/870/2 
f 2312/870/2 2313/871/2 2311/869/2 
f 2313/872/269 2312/873/269 2314/874/269 
f 2314/874/269 2315/875/269 2313/872/269 
f 2315/875/5 2314/874/5 2309/867/5 
f 2309/867/5 2308/866/5 2315/875/5 
f 2316/867/272 2317/876/272 2318/877/272 
f 2318/877/272 2319/868/272 2316/867/272 
f 2319/878/2 2318/879/2 2320/880/2 
f 2320/880/2 2312/873/2 2319/878/2 
f 2312/873/271 2320/880/271 2321/881/271 
f 2321/881/271 2314/874/271 2312/873/271 
f 2314/874/5 2321/881/5 2317/876/5 
f 2317/876/5 2316/867/5 2314/874/5 
f 2317/876/270 2322/882/270 2323/883/270 
f 2323/883/270 2318/877/270 2317/876/270 
f 2318/879/2 2323/884/2 2324/885/2 
f 2324/885/2 2325/880/2 2318/879/2 
f 2325/880/269 2324/885/269 2326/886/269 
f 2326/886/269 2327/881/269 2325/880/269 
f 2327/881/5 2326/886/5 2322/882/5 
f 2322/882/5 2317/876/5 2327/881/5 
f 2306/865/5 2328/875/5 2308/866/5 
f 2308/866/5 2329/861/5 2306/865/5 
f 2304/864/271 2330/872/271 2328/875/271 
f 2328/875/271 2306/865/271 2304/864/271 
f 2331/863/2 2311/887/2 2330/872/2 
f 2330/872/2 2304/864/2 2331/863/2 
f 2329/861/272 2308/866/272 2311/869/272 
f 2311/869/272 2331/862/272 2329/861/272 
f 2332/888/273 2333/889/273 2334/890/273 
f 2334/890/273 2335/891/273 2332/888/273 
f 2335/892/2 2334/893/2 2336/894/2 
f 2336/894/2 2337/895/2 2335/892/2 
f 2337/895/274 2336/894/274 2338/896/274 
f 2338/896/274 2339/897/274 2337/895/274 
f 2339/897/5 2338/896/5 2333/889/5 
f 2333/889/5 2332/888/5 2339/897/5 
f 2340/898/5 2341/899/5 2342/900/5 
f 2342/900/5 2343/901/5 2340/898/5 
f 2344/902/275 2345/903/275 2341/899/275 
f 2341/899/275 2340/898/275 2344/902/275 
f 2346/904/2 2347/905/2 2345/903/2 
f 2345/903/2 2344/902/2 2346/904/2 
f 2343/901/276 2342/900/276 2347/906/276 
f 2347/906/276 2346/907/276 2343/901/276 
f 2348/908/5 2349/898/5 2343/901/5 
f 2343/901/5 2350/909/5 2348/908/5 
f 2351/910/274 2352/902/274 2349/898/274 
f 2349/898/274 2348/908/274 2351/910/274 
f 2353/911/2 2346/904/2 2352/902/2 
f 2352/902/2 2351/910/2 2353/911/2 
f 2350/909/273 2343/901/273 2346/907/273 
f 2346/907/273 2353/912/273 2350/909/273 
f 2354/896/5 2348/908/5 2355/909/5 
f 2355/909/5 2333/889/5 2354/896/5 
f 2356/894/277 2351/910/277 2348/908/277 
f 2348/908/277 2354/896/277 2356/894/277 
f 2334/890/2 2357/912/2 2351/913/2 
f 2351/913/2 2356/914/2 2334/890/2 
f 2333/889/276 2355/909/276 2357/912/276 
f 2357/912/276 2334/890/276 2333/889/276 
f 2358/915/5 2339/897/5 2359/888/5 
f 2359/888/5 2360/916/5 2358/915/5 
f 2361/917/277 2337/895/277 2339/897/277 
f 2339/897/277 2358/915/277 2361/917/277 
f 2362/918/2 2363/892/2 2337/895/2 
f 2337/895/2 2361/917/2 2362/918/2 
f 2360/916/276 2359/888/276 2363/891/276 
f 2363/891/276 2362/919/276 2360/916/276 
f 2364/920/5 2365/915/5 2360/916/5 
f 2360/916/5 2366/921/5 2364/920/5 
f 2367/922/274 2368/917/274 2365/915/274 
f 2365/915/274 2364/920/274 2367/922/274 
f 2369/923/2 2362/918/2 2368/917/2 
f 2368/917/2 2367/922/2 2369/923/2 
f 2366/921/273 2360/916/273 2362/919/273 
f 2362/919/273 2369/924/273 2366/921/273 
f 2370/925/5 2364/920/5 2371/921/5 
f 2371/921/5 2372/926/5 2370/925/5 
f 2373/927/277 2367/922/277 2364/920/277 
f 2364/920/277 2370/925/277 2373/927/277 
f 2374/928/2 2375/924/2 2367/929/2 
f 2367/929/2 2373/930/2 2374/928/2 
f 2372/926/276 2371/921/276 2375/924/276 
f 2375/924/276 2374/928/276 2372/926/276 
f 2376/931/5 2377/925/5 2372/926/5 
f 2372/926/5 2378/932/5 2376/931/5 
f 2379/933/274 2380/927/274 2377/925/274 
f 2377/925/274 2376/931/274 2379/933/274 
f 2381/934/2 2374/935/2 2380/927/2 
f 2380/927/2 2379/933/2 2381/934/2 
f 2378/932/273 2372/926/273 2374/928/273 
f 2374/928/273 2381/936/273 2378/932/273 
f 2382/937/273 2383/938/273 2384/939/273 
f 2384/939/273 2385/940/273 2382/937/273 
f 2385/941/2 2384/942/2 2386/943/2 
f 2386/943/2 2387/944/2 2385/941/2 
f 2387/944/274 2386/943/274 2388/945/274 
f 2388/945/274 2389/946/274 2387/944/274 
f 2389/946/5 2388/945/5 2383/938/5 
f 2383/938/5 2382/937/5 2389/946/5 
f 2390/947/5 2376/931/5 2391/932/5 
f 2391/932/5 2392/948/5 2390/947/5 
f 2393/949/275 2379/933/275 2376/931/275 
f 2376/931/275 2390/947/275 2393/949/275 
f 2394/950/2 2395/934/2 2379/933/2 
f 2379/933/2 2393/949/2 2394/950/2 
f 2392/948/276 2391/932/276 2395/936/276 
f 2395/936/276 2394/951/276 2392/948/276 
f 2396/952/5 2397/947/5 2392/948/5 
f 2392/948/5 2398/953/5 2396/952/5 
f 2399/954/274 2400/949/274 2397/947/274 
f 2397/947/274 2396/952/274 2399/954/274 
f 2401/955/2 2394/950/2 2400/949/2 
f 2400/949/2 2399/954/2 2401/955/2 
f 2398/953/273 2392/948/273 2394/951/273 
f 2394/951/273 2401/956/273 2398/953/273 
f 2402/945/5 2396/952/5 2403/953/5 
f 2403/953/5 2383/938/5 2402/945/5 
f 2404/943/277 2399/954/277 2396/952/277 
f 2396/952/277 2402/945/277 2404/943/277 
f 2384/939/2 2405/956/2 2399/957/2 
f 2399/957/2 2404/958/2 2384/939/2 
f 2383/938/276 2403/953/276 2405/956/276 
f 2405/956/276 2384/939/276 2383/938/276 
f 2406/959/5 2389/946/5 2407/937/5 
f 2407/937/5 2408/960/5 2406/959/5 
f 2409/961/277 2387/944/277 2389/946/277 
f 2389/946/277 2406/959/277 2409/961/277 
f 2410/962/2 2411/941/2 2387/944/2 
f 2387/944/2 2409/961/2 2410/962/2 
f 2408/960/276 2407/937/276 2411/940/276 
f 2411/940/276 2410/963/276 2408/960/276 
f 2412/964/5 2413/959/5 2408/960/5 
f 2408/960/5 2414/965/5 2412/964/5 
f 2415/966/274 2416/961/274 2413/959/274 
f 2413/959/274 2412/964/274 2415/966/274 
f 2417/967/2 2410/962/2 2416/961/2 
f 2416/961/2 2415/966/2 2417/967/2 
f 2414/965/273 2408/960/273 2410/963/273 
f 2410/963/273 2417/968/273 2414/965/273 
f 2418/969/5 2412/964/5 2419/965/5 
f 2419/965/5 2420/970/5 2418/969/5 
f 2421/971/277 2415/966/277 2412/964/277 
f 2412/964/277 2418/969/277 2421/971/277 
f 2422/972/2 2423/968/2 2415/973/2 
f 2415/973/2 2421/974/2 2422/972/2 
f 2420/970/276 2419/965/276 2423/968/276 
f 2423/968/276 2422/972/276 2420/970/276 
f 2424/975/5 2425/969/5 2420/970/5 
f 2420/970/5 2426/976/5 2424/975/5 
f 2427/977/274 2428/971/274 2425/969/274 
f 2425/969/274 2424/975/274 2427/977/274 
f 2429/978/2 2422/979/2 2428/971/2 
f 2428/971/2 2427/977/2 2429/978/2 
f 2426/976/273 2420/970/273 2422/972/273 
f 2422/972/273 2429/980/273 2426/976/273 
f 2430/981/277 2431/982/277 2432/983/277 
f 2432/983/277 2433/984/277 2430/981/277 
f 2433/985/5 2432/986/5 2434/987/5 
f 2434/987/5 2435/988/5 2433/985/5 
f 2435/988/276 2434/987/276 2436/989/276 
f 2436/989/276 2437/990/276 2435/988/276 
f 2437/990/2 2436/989/2 2431/982/2 
f 2431/982/2 2430/981/2 2437/990/2 
f 2438/991/2 2439/992/2 2440/993/2 
f 2440/993/2 2441/994/2 2438/991/2 
f 2442/995/273 2443/996/273 2439/992/273 
f 2439/992/273 2438/991/273 2442/995/273 
f 2444/997/5 2445/998/5 2443/996/5 
f 2443/996/5 2442/995/5 2444/997/5 
f 2441/994/274 2440/993/274 2445/999/274 
f 2445/999/274 2444/1000/274 2441/994/274 
f 2446/1001/2 2447/991/2 2441/994/2 
f 2441/994/2 2448/1002/2 2446/1001/2 
f 2449/1003/276 2450/995/276 2447/991/276 
f 2447/991/276 2446/1001/276 2449/1003/276 
f 2451/1004/5 2444/997/5 2450/995/5 
f 2450/995/5 2449/1003/5 2451/1004/5 
f 2448/1002/277 2441/994/277 2444/1000/277 
f 2444/1000/277 2451/1005/277 2448/1002/277 
f 2452/989/2 2446/1001/2 2453/1002/2 
f 2453/1002/2 2431/982/2 2452/989/2 
f 2454/987/273 2449/1003/273 2446/1001/273 
f 2446/1001/273 2452/989/273 2454/987/273 
f 2432/983/5 2455/1005/5 2449/1006/5 
f 2449/1006/5 2454/1007/5 2432/983/5 
f 2431/982/274 2453/1002/274 2455/1005/274 
f 2455/1005/274 2432/983/274 2431/982/274 
f 2456/1008/2 2437/990/2 2457/981/2 
f 2457/981/2 2458/1009/2 2456/1008/2 
f 2459/1010/273 2435/988/273 2437/990/273 
f 2437/990/273 2456/1008/273 2459/1010/273 
f 2460/1011/5 2461/985/5 2435/988/5 
f 2435/988/5 2459/1010/5 2460/1011/5 
f 2458/1009/274 2457/981/274 2461/984/274 
f 2461/984/274 2460/1012/274 2458/1009/274 
f 2462/1013/2 2463/1008/2 2458/1009/2 
f 2458/1009/2 2464/1014/2 2462/1013/2 
f 2465/1015/276 2466/1010/276 2463/1008/276 
f 2463/1008/276 2462/1013/276 2465/1015/276 
f 2467/1016/5 2460/1011/5 2466/1010/5 
f 2466/1010/5 2465/1015/5 2467/1016/5 
f 2464/1014/277 2458/1009/277 2460/1012/277 
f 2460/1012/277 2467/1017/277 2464/1014/277 
f 2468/1018/2 2462/1013/2 2469/1014/2 
f 2469/1014/2 2470/1019/2 2468/1018/2 
f 2471/1020/273 2465/1015/273 2462/1013/273 
f 2462/1013/273 2468/1018/273 2471/1020/273 
f 2472/1021/5 2473/1017/5 2465/1022/5 
f 2465/1022/5 2471/1023/5 2472/1021/5 
f 2470/1019/274 2469/1014/274 2473/1017/274 
f 2473/1017/274 2472/1021/274 2470/1019/274 
f 2474/1024/2 2475/1018/2 2470/1019/2 
f 2470/1019/2 2476/1025/2 2474/1024/2 
f 2477/1026/276 2478/1020/276 2475/1018/276 
f 2475/1018/276 2474/1024/276 2477/1026/276 
f 2479/1027/5 2472/1028/5 2478/1020/5 
f 2478/1020/5 2477/1026/5 2479/1027/5 
f 2476/1025/277 2470/1019/277 2472/1021/277 
f 2472/1021/277 2479/1029/277 2476/1025/277 
f 2480/1030/277 2481/1031/277 2482/1032/277 
f 2482/1032/277 2483/1033/277 2480/1030/277 
f 2483/1034/5 2482/1035/5 2484/1036/5 
f 2484/1036/5 2485/1037/5 2483/1034/5 
f 2485/1037/276 2484/1036/276 2486/1038/276 
f 2486/1038/276 2487/1039/276 2485/1037/276 
f 2487/1039/2 2486/1038/2 2481/1031/2 
f 2481/1031/2 2480/1030/2 2487/1039/2 
f 2488/1040/2 2474/1024/2 2489/1025/2 
f 2489/1025/2 2490/1041/2 2488/1040/2 
f 2491/1042/273 2477/1026/273 2474/1024/273 
f 2474/1024/273 2488/1040/273 2491/1042/273 
f 2492/1043/5 2493/1027/5 2477/1026/5 
f 2477/1026/5 2491/1042/5 2492/1043/5 
f 2490/1041/274 2489/1025/274 2493/1029/274 
f 2493/1029/274 2492/1044/274 2490/1041/274 
f 2494/1045/2 2495/1040/2 2490/1041/2 
f 2490/1041/2 2496/1046/2 2494/1045/2 
f 2497/1047/276 2498/1042/276 2495/1040/276 
f 2495/1040/276 2494/1045/276 2497/1047/276 
f 2499/1048/5 2492/1043/5 2498/1042/5 
f 2498/1042/5 2497/1047/5 2499/1048/5 
f 2496/1046/277 2490/1041/277 2492/1044/277 
f 2492/1044/277 2499/1049/277 2496/1046/277 
f 2500/1038/2 2494/1045/2 2501/1046/2 
f 2501/1046/2 2481/1031/2 2500/1038/2 
f 2502/1036/273 2497/1047/273 2494/1045/273 
f 2494/1045/273 2500/1038/273 2502/1036/273 
f 2482/1032/5 2503/1049/5 2497/1050/5 
f 2497/1050/5 2502/1051/5 2482/1032/5 
f 2481/1031/274 2501/1046/274 2503/1049/274 
f 2503/1049/274 2482/1032/274 2481/1031/274 
f 2504/1052/2 2487/1039/2 2505/1030/2 
f 2505/1030/2 2506/1053/2 2504/1052/2 
f 2507/1054/273 2485/1037/273 2487/1039/273 
f 2487/1039/273 2504/1052/273 2507/1054/273 
f 2508/1055/5 2509/1034/5 2485/1037/5 
f 2485/1037/5 2507/1054/5 2508/1055/5 
f 2506/1053/274 2505/1030/274 2509/1033/274 
f 2509/1033/274 2508/1056/274 2506/1053/274 
f 2510/1057/2 2511/1052/2 2506/1053/2 
f 2506/1053/2 2512/1058/2 2510/1057/2 
f 2513/1059/276 2514/1054/276 2511/1052/276 
f 2511/1052/276 2510/1057/276 2513/1059/276 
f 2515/1060/5 2508/1055/5 2514/1054/5 
f 2514/1054/5 2513/1059/5 2515/1060/5 
f 2512/1058/277 2506/1053/277 2508/1056/277 
f 2508/1056/277 2515/1061/277 2512/1058/277 
f 2516/1062/2 2510/1057/2 2517/1058/2 
f 2517/1058/2 2518/1063/2 2516/1062/2 
f 2519/1064/273 2513/1059/273 2510/1057/273 
f 2510/1057/273 2516/1062/273 2519/1064/273 
f 2520/1065/5 2521/1061/5 2513/1066/5 
f 2513/1066/5 2519/1067/5 2520/1065/5 
f 2518/1063/274 2517/1058/274 2521/1061/274 
f 2521/1061/274 2520/1065/274 2518/1063/274 
f 2522/1068/2 2523/1062/2 2518/1063/2 
f 2518/1063/2 2524/1069/2 2522/1068/2 
f 2525/1070/276 2526/1064/276 2523/1062/276 
f 2523/1062/276 2522/1068/276 2525/1070/276 
f 2527/1071/5 2520/1072/5 2526/1064/5 
f 2526/1064/5 2525/1070/5 2527/1071/5 
f 2524/1069/277 2518/1063/277 2520/1065/277 
f 2520/1065/277 2527/1073/277 2524/1069/277 
f 2528/1074/280 2529/1075/280 2530/1076/280 
f 2530/1076/280 2531/1077/280 2528/1074/280 
f 2531/1078/247 2530/1079/247 2532/1080/247 
f 2532/1080/247 2533/1081/247 2531/1078/247 
f 2533/1081/281 2532/1080/281 2534/1082/281 
f 2534/1082/281 2535/1083/281 2533/1081/281 
f 2535/1083/4 2534/1082/4 2529/1075/4 
f 2529/1075/4 2528/1074/4 2535/1083/4 
f 2536/1084/4 2537/1085/4 2538/1086/4 
f 2538/1086/4 2539/1087/4 2536/1084/4 
f 2540/1088/282 2541/1089/282 2537/1085/282 
f 2537/1085/282 2536/1084/282 2540/1088/282 
f 2542/1090/247 2543/1091/247 2541/1089/247 
f 2541/1089/247 2540/1088/247 2542/1090/247 
f 2539/1087/283 2538/1086/283 2543/1092/283 
f 2543/1092/283 2542/1093/283 2539/1087/283 
f 2544/1094/4 2545/1084/4 2539/1087/4 
f 2539/1087/4 2546/1095/4 2544/1094/4 
f 2547/1096/281 2548/1088/281 2545/1084/281 
f 2545/1084/281 2544/1094/281 2547/1096/281 
f 2549/1097/247 2542/1090/247 2548/1088/247 
f 2548/1088/247 2547/1096/247 2549/1097/247 
f 2546/1095/280 2539/1087/280 2542/1093/280 
f 2542/1093/280 2549/1098/280 2546/1095/280 
f 2550/1082/4 2544/1094/4 2551/1095/4 
f 2551/1095/4 2529/1075/4 2550/1082/4 
f 2552/1080/282 2547/1096/282 2544/1094/282 
f 2544/1094/282 2550/1082/282 2552/1080/282 
f 2530/1076/247 2553/1098/247 2547/1099/247 
f 2547/1099/247 2552/1100/247 2530/1076/247 
f 2529/1075/283 2551/1095/283 2553/1098/283 
f 2553/1098/283 2530/1076/283 2529/1075/283 
f 2554/1101/4 2535/1083/4 2555/1074/4 
f 2555/1074/4 2556/1102/4 2554/1101/4 
f 2557/1103/282 2533/1081/282 2535/1083/282 
f 2535/1083/282 2554/1101/282 2557/1103/282 
f 2558/1104/247 2559/1078/247 2533/1081/247 
f 2533/1081/247 2557/1103/247 2558/1104/247 
f 2556/1102/283 2555/1074/283 2559/1077/283 
f 2559/1077/283 2558/1105/283 2556/1102/283 
f 2560/1106/4 2561/1101/4 2556/1102/4 
f 2556/1102/4 2562/1107/4 2560/1106/4 
f 2563/1108/281 2564/1103/281 2561/1101/281 
f 2561/1101/281 2560/1106/281 2563/1108/281 
f 2565/1109/247 2558/1104/247 2564/1103/247 
f 2564/1103/247 2563/1108/247 2565/1109/247 
f 2562/1107/280 2556/1102/280 2558/1105/280 
f 2558/1105/280 2565/1110/280 2562/1107/280 
f 2566/1111/4 2560/1106/4 2567/1107/4 
f 2567/1107/4 2568/1112/4 2566/1111/4 
f 2569/1113/282 2563/1108/282 2560/1106/282 
f 2560/1106/282 2566/1111/282 2569/1113/282 
f 2570/1114/247 2571/1110/247 2563/1115/247 
f 2563/1115/247 2569/1116/247 2570/1114/247 
f 2568/1112/283 2567/1107/283 2571/1110/283 
f 2571/1110/283 2570/1114/283 2568/1112/283 
f 2572/1117/4 2573/1111/4 2568/1112/4 
f 2568/1112/4 2574/1118/4 2572/1117/4 
f 2575/1119/284 2576/1113/284 2573/1111/284 
f 2573/1111/284 2572/1117/284 2575/1119/284 
f 2577/1120/247 2570/1121/247 2576/1113/247 
f 2576/1113/247 2575/1119/247 2577/1120/247 
f 2574/1118/280 2568/1112/280 2570/1114/280 
f 2570/1114/280 2577/1122/280 2574/1118/280 
f 2578/1123/280 2579/1124/280 2580/1125/280 
f 2580/1125/280 2581/1126/280 2578/1123/280 
f 2581/1127/247 2580/1128/247 2582/1129/247 
f 2582/1129/247 2583/1130/247 2581/1127/247 
f 2583/1130/281 2582/1129/281 2584/1131/281 
f 2584/1131/281 2585/1132/281 2583/1130/281 
f 2585/1132/4 2584/1131/4 2579/1124/4 
f 2579/1124/4 2578/1123/4 2585/1132/4 
f 2586/1133/4 2572/1117/4 2587/1118/4 
f 2587/1118/4 2588/1134/4 2586/1133/4 
f 2589/1135/282 2575/1119/282 2572/1117/282 
f 2572/1117/282 2586/1133/282 2589/1135/282 
f 2590/1136/247 2591/1120/247 2575/1119/247 
f 2575/1119/247 2589/1135/247 2590/1136/247 
f 2588/1134/283 2587/1118/283 2591/1122/283 
f 2591/1122/283 2590/1137/283 2588/1134/283 
f 2592/1138/4 2593/1133/4 2588/1134/4 
f 2588/1134/4 2594/1139/4 2592/1138/4 
f 2595/1140/281 2596/1135/281 2593/1133/281 
f 2593/1133/281 2592/1138/281 2595/1140/281 
f 2597/1141/247 2590/1136/247 2596/1135/247 
f 2596/1135/247 2595/1140/247 2597/1141/247 
f 2594/1139/280 2588/1134/280 2590/1137/280 
f 2590/1137/280 2597/1142/280 2594/1139/280 
f 2598/1131/4 2592/1138/4 2599/1139/4 
f 2599/1139/4 2579/1124/4 2598/1131/4 
f 2600/1129/282 2595/1140/282 2592/1138/282 
f 2592/1138/282 2598/1131/282 2600/1129/282 
f 2580/1125/247 2601/1142/247 2595/1143/247 
f 2595/1143/247 2600/1144/247 2580/1125/247 
f 2579/1124/283 2599/1139/283 2601/1142/283 
f 2601/1142/283 2580/1125/283 2579/1124/283 
f 2602/1145/4 2585/1132/4 2603/1123/4 
f 2603/1123/4 2604/1146/4 2602/1145/4 
f 2605/1147/282 2583/1130/282 2585/1132/282 
f 2585/1132/282 2602/1145/282 2605/1147/282 
f 2606/1148/247 2607/1127/247 2583/1130/247 
f 2583/1130/247 2605/1147/247 2606/1148/247 
f 2604/1146/283 2603/1123/283 2607/1126/283 
f 2607/1126/283 2606/1149/283 2604/1146/283 
f 2608/1150/4 2609/1145/4 2604/1146/4 
f 2604/1146/4 2610/1151/4 2608/1150/4 
f 2611/1152/281 2612/1147/281 2609/1145/281 
f 2609/1145/281 2608/1150/281 2611/1152/281 
f 2613/1153/247 2606/1148/247 2612/1147/247 
f 2612/1147/247 2611/1152/247 2613/1153/247 
f 2610/1151/280 2604/1146/280 2606/1149/280 
f 2606/1149/280 2613/1154/280 2610/1151/280 
f 2614/1155/4 2608/1150/4 2615/1151/4 
f 2615/1151/4 2616/1156/4 2614/1155/4 
f 2617/1157/282 2611/1152/282 2608/1150/282 
f 2608/1150/282 2614/1155/282 2617/1157/282 
f 2618/1158/247 2619/1154/247 2611/1159/247 
f 2611/1159/247 2617/1160/247 2618/1158/247 
f 2616/1156/283 2615/1151/283 2619/1154/283 
f 2619/1154/283 2618/1158/283 2616/1156/283 
f 2620/1161/4 2621/1155/4 2616/1156/4 
f 2616/1156/4 2622/1162/4 2620/1161/4 
f 2623/1163/281 2624/1157/281 2621/1155/281 
f 2621/1155/281 2620/1161/281 2623/1163/281 
f 2625/1164/285 2618/1165/285 2624/1157/285 
f 2624/1157/285 2623/1163/285 2625/1164/285 
f 2622/1162/280 2616/1156/280 2618/1158/280 
f 2618/1158/280 2625/1166/280 2622/1162/280 
f 2626/1167/282 2627/1168/282 2628/1169/282 
f 2628/1169/282 2629/1170/282 2626/1167/282 
f 2629/1171/4 2628/1172/4 2630/1173/4 
f 2630/1173/4 2631/1174/4 2629/1171/4 
f 2631/1174/283 2630/1173/283 2632/1175/283 
f 2632/1175/283 2633/1176/283 2631/1174/283 
f 2633/1176/247 2632/1175/247 2627/1168/247 
f 2627/1168/247 2626/1167/247 2633/1176/247 
f 2634/1177/247 2635/1178/247 2636/1179/247 
f 2636/1179/247 2637/1180/247 2634/1177/247 
f 2638/1181/280 2639/1182/280 2635/1178/280 
f 2635/1178/280 2634/1177/280 2638/1181/280 
f 2640/1183/286 2641/1184/286 2639/1182/286 
f 2639/1182/286 2638/1181/286 2640/1183/286 
f 2637/1180/281 2636/1179/281 2641/1185/281 
f 2641/1185/281 2640/1186/281 2637/1180/281 
f 2642/1187/247 2643/1177/247 2637/1180/247 
f 2637/1180/247 2644/1188/247 2642/1187/247 
f 2645/1189/283 2646/1181/283 2643/1177/283 
f 2643/1177/283 2642/1187/283 2645/1189/283 
f 2647/1190/4 2640/1183/4 2646/1181/4 
f 2646/1181/4 2645/1189/4 2647/1190/4 
f 2644/1188/282 2637/1180/282 2640/1186/282 
f 2640/1186/282 2647/1191/282 2644/1188/282 
f 2648/1175/247 2642/1187/247 2649/1188/247 
f 2649/1188/247 2627/1168/247 2648/1175/247 
f 2650/1173/280 2645/1189/280 2642/1187/280 
f 2642/1187/280 2648/1175/280 2650/1173/280 
f 2628/1169/4 2651/1191/4 2645/1192/4 
f 2645/1192/4 2650/1193/4 2628/1169/4 
f 2627/1168/281 2649/1188/281 2651/1191/281 
f 2651/1191/281 2628/1169/281 2627/1168/281 
f 2652/1194/247 2633/1176/247 2653/1167/247 
f 2653/1167/247 2654/1195/247 2652/1194/247 
f 2655/1196/280 2631/1174/280 2633/1176/280 
f 2633/1176/280 2652/1194/280 2655/1196/280 
f 2656/1197/4 2657/1171/4 2631/1174/4 
f 2631/1174/4 2655/1196/4 2656/1197/4 
f 2654/1195/281 2653/1167/281 2657/1170/281 
f 2657/1170/281 2656/1198/281 2654/1195/281 
f 2658/1199/247 2659/1194/247 2654/1195/247 
f 2654/1195/247 2660/1200/247 2658/1199/247 
f 2661/1201/283 2662/1196/283 2659/1194/283 
f 2659/1194/283 2658/1199/283 2661/1201/283 
f 2663/1202/4 2656/1197/4 2662/1196/4 
f 2662/1196/4 2661/1201/4 2663/1202/4 
f 2660/1200/282 2654/1195/282 2656/1198/282 
f 2656/1198/282 2663/1203/282 2660/1200/282 
f 2664/1204/247 2658/1199/247 2665/1200/247 
f 2665/1200/247 2666/1205/247 2664/1204/247 
f 2667/1206/280 2661/1201/280 2658/1199/280 
f 2658/1199/280 2664/1204/280 2667/1206/280 
f 2668/1207/4 2669/1203/4 2661/1208/4 
f 2661/1208/4 2667/1209/4 2668/1207/4 
f 2666/1205/281 2665/1200/281 2669/1203/281 
f 2669/1203/281 2668/1207/281 2666/1205/281 
f 2670/1210/247 2671/1204/247 2666/1205/247 
f 2666/1205/247 2672/1211/247 2670/1210/247 
f 2673/1212/283 2674/1206/283 2671/1204/283 
f 2671/1204/283 2670/1210/283 2673/1212/283 
f 2675/1213/4 2668/1214/4 2674/1206/4 
f 2674/1206/4 2673/1212/4 2675/1213/4 
f 2672/1211/282 2666/1205/282 2668/1207/282 
f 2668/1207/282 2675/1215/282 2672/1211/282 
f 2676/1216/282 2677/1217/282 2678/1218/282 
f 2678/1218/282 2679/1219/282 2676/1216/282 
f 2679/1220/4 2678/1221/4 2680/1222/4 
f 2680/1222/4 2681/1223/4 2679/1220/4 
f 2681/1223/283 2680/1222/283 2682/1224/283 
f 2682/1224/283 2683/1225/283 2681/1223/283 
f 2683/1225/247 2682/1224/247 2677/1217/247 
f 2677/1217/247 2676/1216/247 2683/1225/247 
f 2684/1226/247 2670/1210/247 2685/1211/247 
f 2685/1211/247 2686/1227/247 2684/1226/247 
f 2687/1228/280 2673/1212/280 2670/1210/280 
f 2670/1210/280 2684/1226/280 2687/1228/280 
f 2688/1229/4 2689/1213/4 2673/1212/4 
f 2673/1212/4 2687/1228/4 2688/1229/4 
f 2686/1227/281 2685/1211/281 2689/1215/281 
f 2689/1215/281 2688/1230/281 2686/1227/281 
f 2690/1231/247 2691/1226/247 2686/1227/247 
f 2686/1227/247 2692/1232/247 2690/1231/247 
f 2693/1233/283 2694/1228/283 2691/1226/283 
f 2691/1226/283 2690/1231/283 2693/1233/283 
f 2695/1234/4 2688/1229/4 2694/1228/4 
f 2694/1228/4 2693/1233/4 2695/1234/4 
f 2692/1232/282 2686/1227/282 2688/1230/282 
f 2688/1230/282 2695/1235/282 2692/1232/282 
f 2696/1224/247 2690/1231/247 2697/1232/247 
f 2697/1232/247 2677/1217/247 2696/1224/247 
f 2698/1222/280 2693/1233/280 2690/1231/280 
f 2690/1231/280 2696/1224/280 2698/1222/280 
f 2678/1218/4 2699/1235/4 2693/1236/4 
f 2693/1236/4 2698/1237/4 2678/1218/4 
f 2677/1217/281 2697/1232/281 2699/1235/281 
f 2699/1235/281 2678/1218/281 2677/1217/281 
f 2700/1238/5 2701/1239/5 2702/1240/5 
f 2702/1240/5 2703/1241/5 2700/1238/5 
f 2704/1242/247 2683/1225/247 2705/1216/247 
f 2705/1216/247 2706/1243/247 2704/1242/247 
f 2707/1244/280 2681/1223/280 2683/1225/280 
f 2683/1225/280 2704/1242/280 2707/1244/280 
f 2708/1245/4 2709/1220/4 2681/1223/4 
f 2681/1223/4 2707/1244/4 2708/1245/4 
f 2706/1243/281 2705/1216/281 2709/1219/281 
f 2709/1219/281 2708/1246/281 2706/1243/281 
f 2710/1247/247 2711/1242/247 2706/1243/247 
f 2706/1243/247 2712/1248/247 2710/1247/247 
f 2713/1249/283 2714/1244/283 2711/1242/283 
f 2711/1242/283 2710/1247/283 2713/1249/283 
f 2715/1250/4 2708/1245/4 2714/1244/4 
f 2714/1244/4 2713/1249/4 2715/1250/4 
f 2712/1248/282 2706/1243/282 2708/1246/282 
f 2708/1246/282 2715/1251/282 2712/1248/282 
f 2716/1252/247 2710/1247/247 2717/1248/247 
f 2717/1248/247 2718/1253/247 2716/1252/247 
f 2719/1254/280 2713/1249/280 2710/1247/280 
f 2710/1247/280 2716/1252/280 2719/1254/280 
f 2720/1255/4 2721/1251/4 2713/1256/4 
f 2713/1256/4 2719/1257/4 2720/1255/4 
f 2718/1253/281 2717/1248/281 2721/1251/281 
f 2721/1251/281 2720/1255/281 2718/1253/281 
f 2722/1258/247 2723/1252/247 2718/1253/247 
f 2718/1253/247 2724/1259/247 2722/1258/247 
f 2725/1260/283 2726/1254/283 2723/1252/283 
f 2723/1252/283 2722/1258/283 2725/1260/283 
f 2727/1261/4 2720/1262/4 2726/1254/4 
f 2726/1254/4 2725/1260/4 2727/1261/4 
f 2724/1259/282 2718/1253/282 2720/1255/282 
f 2720/1255/282 2727/1263/282 2724/1259/282 
f 2728/1264/5 2729/1265/5 2730/1266/5 
f 2730/1266/5 2731/1267/5 2728/1264/5 
f 2732/1268/248 2733/1269/248 2734/1270/248 
f 2734/1270/248 2735/1271/248 2732/1268/248 
f 2735/1272/5 2734/1273/5 2736/1274/5 
f 2736/1274/5 2737/1275/5 2735/1272/5 
f 2737/1275/4 2736/1274/4 2738/1276/4 
f 2738/1276/4 2739/1277/4 2737/1275/4 
f 2740/1278/248 2741/1279/248 2742/1280/248 
f 2742/1280/248 2743/1281/248 2740/1278/248 
f 2744/1282/5 2740/1278/5 2743/1281/5 
f 2743/1281/5 2745/1283/5 2744/1282/5 
f 2746/1284/4 2744/1285/4 2745/1286/4 
f 2745/1286/4 2747/1287/4 2746/1284/4 
f 2741/1279/2 2746/1284/2 2747/1287/2 
f 2747/1287/2 2742/1280/2 2741/1279/2 
f 2748/1288/248 2749/1289/248 2729/1265/248 
f 2729/1265/248 2728/1264/248 2748/1288/248 
f 2750/1290/2 2751/1291/2 2749/1292/2 
f 2749/1292/2 2748/1293/2 2750/1290/2 
f 2731/1267/287 2730/1266/287 2751/1291/287 
f 2751/1291/287 2750/1290/287 2731/1267/287 
f 2739/1277/2 2738/1276/2 2733/1269/2 
f 2733/1269/2 2732/1268/2 2739/1277/2 
f 2752/1294/288 2753/1295/288 2701/1239/288 
f 2701/1239/288 2700/1238/288 2752/1294/288 
f 2754/1296/2 2755/1297/2 2753/1295/2 
f 2753/1295/2 2752/1294/2 2754/1296/2 
f 2703/1241/4 2702/1240/4 2755/1298/4 
f 2755/1298/4 2754/1299/4 2703/1241/4 
f 2756/1300/273 2757/1301/273 2758/1302/273 
f 2758/1302/273 2759/1303/273 2756/1300/273 
f 2759/1304/2 2758/1305/2 2760/1306/2 
f 2760/1306/2 2761/1307/2 2759/1304/2 
f 2761/1307/274 2760/1306/274 2762/1308/274 
f 2762/1308/274 2763/1309/274 2761/1307/274 
f 2763/1309/5 2762/1308/5 2757/1301/5 
f 2757/1301/5 2756/1300/5 2763/1309/5 
f 2764/1308/5 2765/1310/5 2766/1311/5 
f 2766/1311/5 2757/1301/5 2764/1308/5 
f 2767/1306/277 2768/1312/277 2765/1310/277 
f 2765/1310/277 2764/1308/277 2767/1306/277 
f 2758/1302/2 2769/1313/2 2768/1314/2 
f 2768/1314/2 2767/1315/2 2758/1302/2 
f 2757/1301/276 2766/1311/276 2769/1313/276 
f 2769/1313/276 2758/1302/276 2757/1301/276 
f 2770/1316/5 2763/1309/5 2771/1300/5 
f 2771/1300/5 2772/1317/5 2770/1316/5 
f 2773/1318/277 2761/1307/277 2763/1309/277 
f 2763/1309/277 2770/1316/277 2773/1318/277 
f 2774/1319/2 2775/1304/2 2761/1307/2 
f 2761/1307/2 2773/1318/2 2774/1319/2 
f 2772/1317/276 2771/1300/276 2775/1303/276 
f 2775/1303/276 2774/1320/276 2772/1317/276 
f 2776/1321/5 2777/1316/5 2772/1317/5 
f 2772/1317/5 2778/1322/5 2776/1321/5 
f 2779/1323/274 2780/1318/274 2777/1316/274 
f 2777/1316/274 2776/1321/274 2779/1323/274 
f 2781/1324/2 2774/1319/2 2780/1318/2 
f 2780/1318/2 2779/1323/2 2781/1324/2 
f 2778/1322/273 2772/1317/273 2774/1320/273 
f 2774/1320/273 2781/1325/273 2778/1322/273 
f 2782/1326/5 2776/1321/5 2783/1322/5 
f 2783/1322/5 2784/1327/5 2782/1326/5 
f 2785/1328/277 2779/1323/277 2776/1321/277 
f 2776/1321/277 2782/1326/277 2785/1328/277 
f 2786/1329/2 2787/1325/2 2779/1330/2 
f 2779/1330/2 2785/1331/2 2786/1329/2 
f 2784/1327/276 2783/1322/276 2787/1325/276 
f 2787/1325/276 2786/1329/276 2784/1327/276 
f 2341/899/5 2788/1326/5 2784/1327/5 
f 2784/1327/5 2789/900/5 2341/899/5 
f 2345/903/289 2790/1328/289 2788/1326/289 
f 2788/1326/289 2341/899/289 2345/903/289 
f 2791/905/2 2786/1332/2 2790/1328/2 
f 2790/1328/2 2345/903/2 2791/905/2 
f 2789/900/273 2784/1327/273 2786/1329/273 
f 2786/1329/273 2791/906/273 2789/900/273 
f 2792/1333/277 2793/1334/277 2794/1335/277 
f 2794/1335/277 2795/1336/277 2792/1333/277 
f 2795/1337/5 2794/1338/5 2796/1339/5 
f 2796/1339/5 2797/1340/5 2795/1337/5 
f 2797/1340/276 2796/1339/276 2798/1341/276 
f 2798/1341/276 2799/1342/276 2797/1340/276 
f 2799/1342/2 2798/1341/2 2793/1334/2 
f 2793/1334/2 2792/1333/2 2799/1342/2 
f 2800/1341/2 2801/1343/2 2802/1344/2 
f 2802/1344/2 2793/1334/2 2800/1341/2 
f 2803/1339/273 2804/1345/273 2801/1343/273 
f 2801/1343/273 2800/1341/273 2803/1339/273 
f 2794/1335/5 2805/1346/5 2804/1347/5 
f 2804/1347/5 2803/1348/5 2794/1335/5 
f 2793/1334/274 2802/1344/274 2805/1346/274 
f 2805/1346/274 2794/1335/274 2793/1334/274 
f 2806/1349/2 2799/1342/2 2807/1333/2 
f 2807/1333/2 2808/1350/2 2806/1349/2 
f 2809/1351/273 2797/1340/273 2799/1342/273 
f 2799/1342/273 2806/1349/273 2809/1351/273 
f 2810/1352/5 2811/1337/5 2797/1340/5 
f 2797/1340/5 2809/1351/5 2810/1352/5 
f 2808/1350/274 2807/1333/274 2811/1336/274 
f 2811/1336/274 2810/1353/274 2808/1350/274 
f 2812/1354/2 2813/1349/2 2808/1350/2 
f 2808/1350/2 2814/1355/2 2812/1354/2 
f 2815/1356/276 2816/1351/276 2813/1349/276 
f 2813/1349/276 2812/1354/276 2815/1356/276 
f 2817/1357/5 2810/1352/5 2816/1351/5 
f 2816/1351/5 2815/1356/5 2817/1357/5 
f 2814/1355/277 2808/1350/277 2810/1353/277 
f 2810/1353/277 2817/1358/277 2814/1355/277 
f 2818/1359/2 2812/1354/2 2819/1355/2 
f 2819/1355/2 2820/1360/2 2818/1359/2 
f 2821/1361/273 2815/1356/273 2812/1354/273 
f 2812/1354/273 2818/1359/273 2821/1361/273 
f 2822/1362/5 2823/1358/5 2815/1363/5 
f 2815/1363/5 2821/1364/5 2822/1362/5 
f 2820/1360/274 2819/1355/274 2823/1358/274 
f 2823/1358/274 2822/1362/274 2820/1360/274 
f 2439/992/278 2824/1359/278 2820/1360/278 
f 2820/1360/278 2825/993/278 2439/992/278 
f 2443/996/276 2826/1361/276 2824/1359/276 
f 2824/1359/276 2439/992/276 2443/996/276 
f 2827/998/5 2822/1365/5 2826/1361/5 
f 2826/1361/5 2443/996/5 2827/998/5 
f 2825/993/277 2820/1360/277 2822/1362/277 
f 2822/1362/277 2827/999/277 2825/993/277 
f 2828/1366/280 2829/1367/280 2830/1368/280 
f 2830/1368/280 2831/1369/280 2828/1366/280 
f 2831/1370/247 2830/1371/247 2832/1372/247 
f 2832/1372/247 2833/1373/247 2831/1370/247 
f 2833/1373/281 2832/1372/281 2834/1374/281 
f 2834/1374/281 2835/1375/281 2833/1373/281 
f 2835/1375/4 2834/1374/4 2829/1367/4 
f 2829/1367/4 2828/1366/4 2835/1375/4 
f 2836/1374/4 2837/1376/4 2838/1377/4 
f 2838/1377/4 2829/1367/4 2836/1374/4 
f 2839/1372/282 2840/1378/282 2837/1376/282 
f 2837/1376/282 2836/1374/282 2839/1372/282 
f 2830/1368/247 2841/1379/247 2840/1380/247 
f 2840/1380/247 2839/1381/247 2830/1368/247 
f 2829/1367/283 2838/1377/283 2841/1379/283 
f 2841/1379/283 2830/1368/283 2829/1367/283 
f 2842/1382/4 2835/1375/4 2843/1366/4 
f 2843/1366/4 2844/1383/4 2842/1382/4 
f 2845/1384/282 2833/1373/282 2835/1375/282 
f 2835/1375/282 2842/1382/282 2845/1384/282 
f 2846/1385/247 2847/1370/247 2833/1373/247 
f 2833/1373/247 2845/1384/247 2846/1385/247 
f 2844/1383/283 2843/1366/283 2847/1369/283 
f 2847/1369/283 2846/1386/283 2844/1383/283 
f 2848/1387/4 2849/1382/4 2844/1383/4 
f 2844/1383/4 2850/1388/4 2848/1387/4 
f 2851/1389/281 2852/1384/281 2849/1382/281 
f 2849/1382/281 2848/1387/281 2851/1389/281 
f 2853/1390/247 2846/1385/247 2852/1384/247 
f 2852/1384/247 2851/1389/247 2853/1390/247 
f 2850/1388/280 2844/1383/280 2846/1386/280 
f 2846/1386/280 2853/1391/280 2850/1388/280 
f 2854/1392/4 2848/1387/4 2855/1388/4 
f 2855/1388/4 2856/1393/4 2854/1392/4 
f 2857/1394/282 2851/1389/282 2848/1387/282 
f 2848/1387/282 2854/1392/282 2857/1394/282 
f 2858/1395/247 2859/1391/247 2851/1396/247 
f 2851/1396/247 2857/1397/247 2858/1395/247 
f 2856/1393/283 2855/1388/283 2859/1391/283 
f 2859/1391/283 2858/1395/283 2856/1393/283 
f 2537/1085/4 2860/1392/4 2856/1393/4 
f 2856/1393/4 2861/1086/4 2537/1085/4 
f 2541/1089/281 2862/1394/281 2860/1392/281 
f 2860/1392/281 2537/1085/281 2541/1089/281 
f 2863/1091/285 2858/1398/285 2862/1394/285 
f 2862/1394/285 2541/1089/285 2863/1091/285 
f 2861/1086/280 2856/1393/280 2858/1395/280 
f 2858/1395/280 2863/1092/280 2861/1086/280 
f 2733/1269/247 2864/1399/247 2865/1400/247 
f 2865/1400/247 2734/1270/247 2733/1269/247 
f 2734/1273/5 2865/1401/5 2866/1402/5 
f 2866/1402/5 2736/1274/5 2734/1273/5 
f 2736/1274/4 2866/1402/4 2867/1403/4 
f 2867/1403/4 2738/1276/4 2736/1274/4 
f 2738/1276/2 2867/1403/2 2864/1399/2 
f 2864/1399/2 2733/1269/2 2738/1276/2 
f 2743/1281/247 2742/1280/247 2868/1404/247 
f 2868/1404/247 2869/1405/247 2743/1281/247 
f 2745/1283/5 2743/1281/5 2869/1405/5 
f 2869/1405/5 2870/1406/5 2745/1283/5 
f 2747/1287/4 2745/1286/4 2870/1407/4 
f 2870/1407/4 2871/1408/4 2747/1287/4 
f 2742/1280/2 2747/1287/2 2871/1408/2 
f 2871/1408/2 2868/1404/2 2742/1280/2 
f 2701/1239/5 2872/1409/5 2873/1410/5 
f 2873/1410/5 2702/1240/5 2701/1239/5 
f 2753/1295/285 2874/1411/285 2872/1409/285 
f 2872/1409/285 2701/1239/285 2753/1295/285 
f 2755/1297/2 2875/1412/2 2874/1411/2 
f 2874/1411/2 2753/1295/2 2755/1297/2 
f 2702/1240/4 2873/1410/4 2875/1413/4 
f 2875/1413/4 2755/1298/4 2702/1240/4 
f 2876/1414/282 2877/1415/282 2878/1416/282 
f 2878/1416/282 2879/1417/282 2876/1414/282 
f 2879/1418/4 2878/1419/4 2880/1420/4 
f 2880/1420/4 2881/1421/4 2879/1418/4 
f 2881/1421/283 2880/1420/283 2882/1422/283 
f 2882/1422/283 2883/1423/283 2881/1421/283 
f 2883/1423/247 2882/1422/247 2877/1415/247 
f 2877/1415/247 2876/1414/247 2883/1423/247 
f 2729/1265/5 2884/1424/5 2885/1425/5 
f 2885/1425/5 2730/1266/5 2729/1265/5 
f 2749/1289/247 2886/1426/247 2884/1424/247 
f 2884/1424/247 2729/1265/247 2749/1289/247 
f 2751/1291/2 2887/1427/2 2886/1428/2 
f 2886/1428/2 2749/1292/2 2751/1291/2 
f 2730/1266/287 2885/1425/287 2887/1427/287 
f 2887/1427/287 2751/1291/287 2730/1266/287 
f 2888/1422/247 2889/1429/247 2890/1430/247 
f 2890/1430/247 2877/1415/247 2888/1422/247 
f 2891/1420/280 2892/1431/280 2889/1429/280 
f 2889/1429/280 2888/1422/280 2891/1420/280 
f 2878/1416/4 2893/1432/4 2892/1433/4 
f 2892/1433/4 2891/1434/4 2878/1416/4 
f 2877/1415/281 2890/1430/281 2893/1432/281 
f 2893/1432/281 2878/1416/281 2877/1415/281 
f 2894/1435/247 2883/1423/247 2895/1414/247 
f 2895/1414/247 2896/1436/247 2894/1435/247 
f 2897/1437/280 2881/1421/280 2883/1423/280 
f 2883/1423/280 2894/1435/280 2897/1437/280 
f 2898/1438/4 2899/1418/4 2881/1421/4 
f 2881/1421/4 2897/1437/4 2898/1438/4 
f 2896/1436/281 2895/1414/281 2899/1417/281 
f 2899/1417/281 2898/1439/281 2896/1436/281 
f 2900/1440/247 2901/1435/247 2896/1436/247 
f 2896/1436/247 2902/1441/247 2900/1440/247 
f 2903/1442/283 2904/1437/283 2901/1435/283 
f 2901/1435/283 2900/1440/283 2903/1442/283 
f 2905/1443/4 2898/1438/4 2904/1437/4 
f 2904/1437/4 2903/1442/4 2905/1443/4 
f 2902/1441/282 2896/1436/282 2898/1439/282 
f 2898/1439/282 2905/1444/282 2902/1441/282 
f 2906/1445/247 2900/1440/247 2907/1441/247 
f 2907/1441/247 2908/1446/247 2906/1445/247 
f 2909/1447/280 2903/1442/280 2900/1440/280 
f 2900/1440/280 2906/1445/280 2909/1447/280 
f 2910/1448/4 2911/1444/4 2903/1449/4 
f 2903/1449/4 2909/1450/4 2910/1448/4 
f 2908/1446/281 2907/1441/281 2911/1444/281 
f 2911/1444/281 2910/1448/281 2908/1446/281 
f 2635/1178/247 2912/1445/247 2908/1446/247 
f 2908/1446/247 2913/1179/247 2635/1178/247 
f 2639/1182/283 2914/1447/283 2912/1445/283 
f 2912/1445/283 2635/1178/283 2639/1182/283 
f 2915/1184/4 2910/1451/4 2914/1447/4 
f 2914/1447/4 2639/1182/4 2915/1184/4 
f 2913/1179/282 2908/1446/282 2910/1448/282 
f 2910/1448/282 2915/1185/282 2913/1179/282 
f 2916/1/1 2917/2/1 2918/3/1 
f 2918/3/1 2919/4/1 2916/1/1 
f 2919/5/2 2918/6/2 2920/7/2 
f 2920/7/2 2921/8/2 2919/5/2 
f 2921/8/3 2920/7/3 2922/9/3 
f 2922/9/3 2923/10/3 2921/8/3 
f 2920/11/4 2918/12/4 2917/13/4 
f 2917/13/4 2922/14/4 2920/11/4 
f 2924/15/2 2925/16/2 2926/17/2 
f 2926/17/2 2927/18/2 2924/15/2 
f 2928/19/1 2929/20/1 2930/21/1 
f 2930/21/1 2931/22/1 2928/19/1 
f 2931/22/2 2930/21/2 2932/23/2 
f 2932/23/2 2933/24/2 2931/22/2 
f 2933/25/3 2932/26/3 2934/27/3 
f 2934/27/3 2935/28/3 2933/25/3 
f 2932/29/4 2930/30/4 2929/31/4 
f 2929/31/4 2934/32/4 2932/29/4 
f 2936/33/2 2937/34/2 2938/35/2 
f 2938/35/2 2939/36/2 2936/33/2 
f 2937/34/1 2940/37/1 2941/38/1 
f 2941/38/1 2938/35/1 2937/34/1 
f 2940/39/5 2942/40/5 2943/41/5 
f 2943/41/5 2941/42/5 2940/39/5 
f 2942/40/3 2936/33/3 2939/36/3 
f 2939/36/3 2943/41/3 2942/40/3 
f 2943/43/4 2939/44/4 2938/45/4 
f 2938/45/4 2941/46/4 2943/43/4 
f 2944/47/1 2945/48/1 2925/16/1 
f 2925/16/1 2924/15/1 2944/47/1 
f 2946/49/5 2947/50/5 2945/48/5 
f 2945/48/5 2944/47/5 2946/49/5 
f 2927/18/3 2926/17/3 2947/51/3 
f 2947/51/3 2946/52/3 2927/18/3 
f 2947/53/4 2926/54/4 2925/55/4 
f 2925/55/4 2945/56/4 2947/53/4 
f 2935/28/5 2934/27/5 2929/20/5 
f 2929/20/5 2928/19/5 2935/28/5 
f 2948/57/6 2949/58/6 2950/59/6 
f 2950/59/6 2951/60/6 2948/57/6 
f 2951/61/267 2950/62/267 2952/63/267 
f 2952/63/267 2953/64/267 2951/61/267 
f 2953/64/8 2952/63/8 2954/65/8 
f 2954/65/8 2955/66/8 2953/64/8 
f 2955/66/3 2954/65/3 2949/58/3 
f 2949/58/3 2948/57/3 2955/66/3 
f 2949/58/9 2956/67/9 2957/68/9 
f 2957/68/9 2950/59/9 2949/58/9 
f 2950/59/1 2957/68/1 2958/69/1 
f 2958/69/1 2959/70/1 2950/59/1 
f 2959/63/10 2958/71/10 2960/72/10 
f 2960/72/10 2961/65/10 2959/63/10 
f 2961/65/268 2960/72/268 2956/67/268 
f 2956/67/268 2949/58/268 2961/65/268 
f 2962/67/6 2963/73/6 2964/74/6 
f 2964/74/6 2965/68/6 2962/67/6 
f 2965/75/7 2964/76/7 2966/77/7 
f 2966/77/7 2958/71/7 2965/75/7 
f 2958/71/8 2966/77/8 2967/78/8 
f 2967/78/8 2960/72/8 2958/71/8 
f 2960/72/11 2967/78/11 2963/73/11 
f 2963/73/11 2962/67/11 2960/72/11 
f 2963/73/9 2968/79/9 2969/80/9 
f 2969/80/9 2964/74/9 2963/73/9 
f 2964/76/1 2969/81/1 2970/82/1 
f 2970/82/1 2971/77/1 2964/76/1 
f 2971/77/10 2970/82/10 2972/83/10 
f 2972/83/10 2973/78/10 2971/77/10 
f 2973/78/11 2972/83/11 2968/79/11 
f 2968/79/11 2963/73/11 2973/78/11 
f 2923/10/5 2922/9/5 2917/2/5 
f 2917/2/5 2916/1/5 2923/10/5 
f 2974/543/9 2975/544/9 2976/545/9 
f 2976/545/9 2977/546/9 2974/543/9 
f 2977/546/267 2976/545/267 2978/547/267 
f 2978/547/267 2979/548/267 2977/546/267 
f 2979/549/10 2978/550/10 2980/551/10 
f 2980/551/10 2981/552/10 2979/549/10 
f 2981/552/3 2980/551/3 2975/544/3 
f 2975/544/3 2974/543/3 2981/552/3 
f 2982/544/6 2983/553/6 2984/554/6 
f 2984/554/6 2985/545/6 2982/544/6 
f 2985/555/1 2984/556/1 2986/557/1 
f 2986/557/1 2978/550/1 2985/555/1 
f 2978/550/8 2986/557/8 2987/558/8 
f 2987/558/8 2980/551/8 2978/550/8 
f 2980/551/3 2987/558/3 2983/553/3 
f 2983/553/3 2982/544/3 2980/551/3 
f 2983/553/9 2988/559/9 2989/560/9 
f 2989/560/9 2984/554/9 2983/553/9 
f 2984/556/267 2989/561/267 2990/562/267 
f 2990/562/267 2991/557/267 2984/556/267 
f 2991/557/10 2990/562/10 2992/563/10 
f 2992/563/10 2993/558/10 2991/557/10 
f 2993/558/3 2992/563/3 2988/559/3 
f 2988/559/3 2983/553/3 2993/558/3 
f 2972/83/3 2994/552/3 2974/543/3 
f 2974/543/3 2995/79/3 2972/83/3 
f 2970/82/8 2996/549/8 2994/552/8 
f 2994/552/8 2972/83/8 2970/82/8 
f 2997/81/1 2977/564/1 2996/549/1 
f 2996/549/1 2970/82/1 2997/81/1 
f 2995/79/6 2974/543/6 2977/546/6 
f 2977/546/6 2997/80/6 2995/79/6 
f 2998/559/6 2999/565/6 3000/566/6 
f 3000/566/6 3001/560/6 2998/559/6 
f 3001/561/1 3000/567/1 3002/568/1 
f 3002/568/1 2990/562/1 3001/561/1 
f 2990/562/8 3002/568/8 3003/569/8 
f 3003/569/8 2992/563/8 2990/562/8 
f 2992/563/3 3003/569/3 2999/565/3 
f 2999/565/3 2998/559/3 2992/563/3 
f 2999/565/9 3004/570/9 3005/571/9 
f 3005/571/9 3000/566/9 2999/565/9 
f 3000/566/1 3005/571/1 3006/572/1 
f 3006/572/1 3007/573/1 3000/566/1 
f 3007/568/10 3006/574/10 3008/575/10 
f 3008/575/10 3009/569/10 3007/568/10 
f 3009/569/3 3008/575/3 3004/570/3 
f 3004/570/3 2999/565/3 3009/569/3 
f 3010/570/6 3011/576/6 3012/577/6 
f 3012/577/6 3013/571/6 3010/570/6 
f 3013/578/7 3012/579/7 3014/580/7 
f 3014/580/7 3006/574/7 3013/578/7 
f 3006/574/8 3014/580/8 3015/581/8 
f 3015/581/8 3008/575/8 3006/574/8 
f 3008/575/3 3015/581/3 3011/576/3 
f 3011/576/3 3010/570/3 3008/575/3 
f 3011/576/9 3016/582/9 3017/583/9 
f 3017/583/9 3012/577/9 3011/576/9 
f 3012/579/1 3017/584/1 3018/585/1 
f 3018/585/1 3019/580/1 3012/579/1 
f 3019/580/10 3018/585/10 3020/586/10 
f 3020/586/10 3021/581/10 3019/580/10 
f 3021/581/3 3020/586/3 3016/582/3 
f 3016/582/3 3011/576/3 3021/581/3 
f 3022/587/9 3023/588/9 3024/589/9 
f 3024/589/9 3025/590/9 3022/587/9 
f 3025/590/1 3024/589/1 3026/591/1 
f 3026/591/1 3027/592/1 3025/590/1 
f 3027/593/10 3026/594/10 3028/595/10 
f 3028/595/10 3029/596/10 3027/593/10 
f 3029/596/3 3028/595/3 3023/588/3 
f 3023/588/3 3022/587/3 3029/596/3 
f 3030/588/6 3031/597/6 3032/598/6 
f 3032/598/6 3033/589/6 3030/588/6 
f 3033/599/1 3032/600/1 3034/601/1 
f 3034/601/1 3026/594/1 3033/599/1 
f 3026/594/8 3034/601/8 3035/602/8 
f 3035/602/8 3028/595/8 3026/594/8 
f 3028/595/3 3035/602/3 3031/597/3 
f 3031/597/3 3030/588/3 3028/595/3 
f 3031/597/9 3036/603/9 3037/604/9 
f 3037/604/9 3032/598/9 3031/597/9 
f 3032/600/1 3037/605/1 3038/606/1 
f 3038/606/1 3039/601/1 3032/600/1 
f 3039/601/10 3038/606/10 3040/607/10 
f 3040/607/10 3041/602/10 3039/601/10 
f 3041/602/3 3040/607/3 3036/603/3 
f 3036/603/3 3031/597/3 3041/602/3 
f 3020/586/3 3042/596/3 3022/587/3 
f 3022/587/3 3043/582/3 3020/586/3 
f 3018/585/8 3044/593/8 3042/596/8 
f 3042/596/8 3020/586/8 3018/585/8 
f 3045/584/1 3025/608/1 3044/593/1 
f 3044/593/1 3018/585/1 3045/584/1 
f 3043/582/6 3022/587/6 3025/590/6 
f 3025/590/6 3045/583/6 3043/582/6 
f 3046/609/10 3047/610/10 3048/611/10 
f 3048/611/10 3049/612/10 3046/609/10 
f 3049/613/3 3048/614/3 3050/615/3 
f 3050/615/3 3051/616/3 3049/613/3 
f 3051/616/9 3050/615/9 3052/617/9 
f 3052/617/9 3053/618/9 3051/616/9 
f 3053/618/1 3052/617/1 3047/610/1 
f 3047/610/1 3046/609/1 3053/618/1 
f 3047/610/8 3054/619/8 3055/620/8 
f 3055/620/8 3048/611/8 3047/610/8 
f 3048/611/3 3055/620/3 3056/621/3 
f 3056/621/3 3057/622/3 3048/611/3 
f 3057/615/6 3056/623/6 3058/624/6 
f 3058/624/6 3059/617/6 3057/615/6 
f 3059/617/1 3058/624/1 3054/619/1 
f 3054/619/1 3047/610/1 3059/617/1 
f 3060/619/10 3061/625/10 3062/626/10 
f 3062/626/10 3063/620/10 3060/619/10 
f 3063/627/3 3062/628/3 3064/629/3 
f 3064/629/3 3056/623/3 3063/627/3 
f 3056/623/9 3064/629/9 3065/630/9 
f 3065/630/9 3058/624/9 3056/623/9 
f 3058/624/1 3065/630/1 3061/625/1 
f 3061/625/1 3060/619/1 3058/624/1 
f 3061/625/8 3066/631/8 3067/632/8 
f 3067/632/8 3062/626/8 3061/625/8 
f 3062/628/3 3067/633/3 3068/634/3 
f 3068/634/3 3069/629/3 3062/628/3 
f 3069/629/6 3068/634/6 3070/635/6 
f 3070/635/6 3071/630/6 3069/629/6 
f 3071/630/1 3070/635/1 3066/631/1 
f 3066/631/1 3061/625/1 3071/630/1 
f 3072/636/8 3073/637/8 3074/638/8 
f 3074/638/8 3075/639/8 3072/636/8 
f 3075/639/3 3074/638/3 3076/640/3 
f 3076/640/3 3077/641/3 3075/639/3 
f 3077/642/6 3076/643/6 3078/644/6 
f 3078/644/6 3079/645/6 3077/642/6 
f 3079/645/1 3078/644/1 3073/637/1 
f 3073/637/1 3072/636/1 3079/645/1 
f 3080/637/10 3081/646/10 3082/647/10 
f 3082/647/10 3083/638/10 3080/637/10 
f 3083/648/3 3082/649/3 3084/650/3 
f 3084/650/3 3076/643/3 3083/648/3 
f 3076/643/9 3084/650/9 3085/651/9 
f 3085/651/9 3078/644/9 3076/643/9 
f 3078/644/1 3085/651/1 3081/646/1 
f 3081/646/1 3080/637/1 3078/644/1 
f 3081/646/8 3086/652/8 3087/653/8 
f 3087/653/8 3082/647/8 3081/646/8 
f 3082/649/3 3087/654/3 3088/655/3 
f 3088/655/3 3089/650/3 3082/649/3 
f 3089/650/6 3088/655/6 3090/656/6 
f 3090/656/6 3091/651/6 3089/650/6 
f 3091/651/1 3090/656/1 3086/652/1 
f 3086/652/1 3081/646/1 3091/651/1 
f 3070/635/1 3092/645/1 3072/636/1 
f 3072/636/1 3093/631/1 3070/635/1 
f 3068/634/9 3094/642/9 3092/645/9 
f 3092/645/9 3070/635/9 3068/634/9 
f 3095/633/3 3075/657/3 3094/642/3 
f 3094/642/3 3068/634/3 3095/633/3 
f 3093/631/10 3072/636/10 3075/639/10 
f 3075/639/10 3095/632/10 3093/631/10 
f 3096/652/10 3097/658/10 3098/659/10 
f 3098/659/10 3099/653/10 3096/652/10 
f 3099/654/11 3098/660/11 3100/661/11 
f 3100/661/11 3088/655/11 3099/654/11 
f 3088/655/9 3100/661/9 3101/662/9 
f 3101/662/9 3090/656/9 3088/655/9 
f 3090/656/1 3101/662/1 3097/658/1 
f 3097/658/1 3096/652/1 3090/656/1 
f 3097/658/8 3102/663/8 3103/664/8 
f 3103/664/8 3098/659/8 3097/658/8 
f 3098/659/3 3103/664/3 3104/665/3 
f 3104/665/3 3105/666/3 3098/659/3 
f 3105/661/6 3104/667/6 3106/668/6 
f 3106/668/6 3107/662/6 3105/661/6 
f 3107/662/1 3106/668/1 3102/663/1 
f 3102/663/1 3097/658/1 3107/662/1 
f 3108/663/10 3109/669/10 3110/670/10 
f 3110/670/10 3111/664/10 3108/663/10 
f 3111/671/3 3110/672/3 3112/673/3 
f 3112/673/3 3104/667/3 3111/671/3 
f 3104/667/9 3112/673/9 3113/674/9 
f 3113/674/9 3106/668/9 3104/667/9 
f 3106/668/1 3113/674/1 3109/669/1 
f 3109/669/1 3108/663/1 3106/668/1 
f 3109/669/8 3114/675/8 3115/676/8 
f 3115/676/8 3110/670/8 3109/669/8 
f 3110/672/3 3115/677/3 3116/678/3 
f 3116/678/3 3117/673/3 3110/672/3 
f 3117/673/6 3116/678/6 3118/679/6 
f 3118/679/6 3119/674/6 3117/673/6 
f 3119/674/1 3118/679/1 3114/675/1 
f 3114/675/1 3109/669/1 3119/674/1 
f 3120/680/8 3121/681/8 3122/682/8 
f 3122/682/8 3123/683/8 3120/680/8 
f 3123/683/3 3122/682/3 3124/684/3 
f 3124/684/3 3125/685/3 3123/683/3 
f 3125/686/6 3124/687/6 3126/688/6 
f 3126/688/6 3127/689/6 3125/686/6 
f 3127/689/1 3126/688/1 3121/681/1 
f 3121/681/1 3120/680/1 3127/689/1 
f 3128/681/10 3129/690/10 3130/691/10 
f 3130/691/10 3131/682/10 3128/681/10 
f 3131/692/3 3130/693/3 3132/694/3 
f 3132/694/3 3124/687/3 3131/692/3 
f 3124/687/9 3132/694/9 3133/695/9 
f 3133/695/9 3126/688/9 3124/687/9 
f 3126/688/1 3133/695/1 3129/690/1 
f 3129/690/1 3128/681/1 3126/688/1 
f 3129/690/8 3134/696/8 3135/697/8 
f 3135/697/8 3130/691/8 3129/690/8 
f 3130/693/3 3135/698/3 3136/699/3 
f 3136/699/3 3137/694/3 3130/693/3 
f 3137/694/6 3136/699/6 3138/700/6 
f 3138/700/6 3139/695/6 3137/694/6 
f 3139/695/1 3138/700/1 3134/696/1 
f 3134/696/1 3129/690/1 3139/695/1 
f 3118/679/1 3140/689/1 3120/680/1 
f 3120/680/1 3141/675/1 3118/679/1 
f 3116/678/9 3142/686/9 3140/689/9 
f 3140/689/9 3118/679/9 3116/678/9 
f 3143/677/3 3123/701/3 3142/686/3 
f 3142/686/3 3116/678/3 3143/677/3 
f 3141/675/10 3120/680/10 3123/683/10 
f 3123/683/10 3143/676/10 3141/675/10 
f 3144/702/269 3145/703/269 3146/704/269 
f 3146/704/269 3147/705/269 3144/702/269 
f 3147/706/5 3146/707/5 3148/708/5 
f 3148/708/5 3149/709/5 3147/706/5 
f 3149/709/270 3148/708/270 3150/710/270 
f 3150/710/270 3151/711/270 3149/709/270 
f 3151/711/2 3150/710/2 3145/703/2 
f 3145/703/2 3144/702/2 3151/711/2 
f 3145/703/271 3152/712/271 3153/713/271 
f 3153/713/271 3146/704/271 3145/703/271 
f 3146/704/5 3153/713/5 3154/714/5 
f 3154/714/5 3155/715/5 3146/704/5 
f 3155/708/272 3154/716/272 3156/717/272 
f 3156/717/272 3157/710/272 3155/708/272 
f 3157/710/2 3156/717/2 3152/712/2 
f 3152/712/2 3145/703/2 3157/710/2 
f 3158/712/269 3159/718/269 3160/719/269 
f 3160/719/269 3161/713/269 3158/712/269 
f 3161/720/5 3160/721/5 3162/722/5 
f 3162/722/5 3154/716/5 3161/720/5 
f 3154/716/270 3162/722/270 3163/723/270 
f 3163/723/270 3156/717/270 3154/716/270 
f 3156/717/2 3163/723/2 3159/718/2 
f 3159/718/2 3158/712/2 3156/717/2 
f 3159/718/271 3164/724/271 3165/725/271 
f 3165/725/271 3160/719/271 3159/718/271 
f 3160/721/5 3165/726/5 3166/727/5 
f 3166/727/5 3167/722/5 3160/721/5 
f 3167/722/272 3166/727/272 3168/728/272 
f 3168/728/272 3169/723/272 3167/722/272 
f 3169/723/2 3168/728/2 3164/724/2 
f 3164/724/2 3159/718/2 3169/723/2 
f 3170/729/271 3171/730/271 3172/731/271 
f 3172/731/271 3173/732/271 3170/729/271 
f 3173/732/5 3172/731/5 3174/733/5 
f 3174/733/5 3175/734/5 3173/732/5 
f 3175/735/272 3174/736/272 3176/737/272 
f 3176/737/272 3177/738/272 3175/735/272 
f 3177/738/2 3176/737/2 3171/730/2 
f 3171/730/2 3170/729/2 3177/738/2 
f 3178/730/269 3179/739/269 3180/740/269 
f 3180/740/269 3181/731/269 3178/730/269 
f 3181/741/5 3180/742/5 3182/743/5 
f 3182/743/5 3174/736/5 3181/741/5 
f 3174/736/270 3182/743/270 3183/744/270 
f 3183/744/270 3176/737/270 3174/736/270 
f 3176/737/2 3183/744/2 3179/739/2 
f 3179/739/2 3178/730/2 3176/737/2 
f 3179/739/271 3184/745/271 3185/746/271 
f 3185/746/271 3180/740/271 3179/739/271 
f 3180/742/5 3185/747/5 3186/748/5 
f 3186/748/5 3187/743/5 3180/742/5 
f 3187/743/272 3186/748/272 3188/749/272 
f 3188/749/272 3189/744/272 3187/743/272 
f 3189/744/2 3188/749/2 3184/745/2 
f 3184/745/2 3179/739/2 3189/744/2 
f 3168/728/2 3190/738/2 3170/729/2 
f 3170/729/2 3191/724/2 3168/728/2 
f 3166/727/270 3192/735/270 3190/738/270 
f 3190/738/270 3168/728/270 3166/727/270 
f 3193/726/5 3173/750/5 3192/735/5 
f 3192/735/5 3166/727/5 3193/726/5 
f 3191/724/269 3170/729/269 3173/732/269 
f 3173/732/269 3193/725/269 3191/724/269 
f 3194/745/269 3195/751/269 3196/752/269 
f 3196/752/269 3197/746/269 3194/745/269 
f 3197/747/5 3196/753/5 3198/754/5 
f 3198/754/5 3186/748/5 3197/747/5 
f 3186/748/270 3198/754/270 3199/755/270 
f 3199/755/270 3188/749/270 3186/748/270 
f 3188/749/2 3199/755/2 3195/751/2 
f 3195/751/2 3194/745/2 3188/749/2 
f 3195/751/271 3200/756/271 3201/757/271 
f 3201/757/271 3196/752/271 3195/751/271 
f 3196/752/5 3201/757/5 3202/758/5 
f 3202/758/5 3203/759/5 3196/752/5 
f 3203/754/272 3202/760/272 3204/761/272 
f 3204/761/272 3205/755/272 3203/754/272 
f 3205/755/2 3204/761/2 3200/756/2 
f 3200/756/2 3195/751/2 3205/755/2 
f 3206/756/269 3207/762/269 3208/763/269 
f 3208/763/269 3209/757/269 3206/756/269 
f 3209/764/5 3208/765/5 3210/766/5 
f 3210/766/5 3202/760/5 3209/764/5 
f 3202/760/270 3210/766/270 3211/767/270 
f 3211/767/270 3204/761/270 3202/760/270 
f 3204/761/2 3211/767/2 3207/762/2 
f 3207/762/2 3206/756/2 3204/761/2 
f 3207/762/271 3212/768/271 3213/769/271 
f 3213/769/271 3208/763/271 3207/762/271 
f 3208/765/5 3213/770/5 3214/771/5 
f 3214/771/5 3215/766/5 3208/765/5 
f 3215/766/272 3214/771/272 3216/772/272 
f 3216/772/272 3217/767/272 3215/766/272 
f 3217/767/2 3216/772/2 3212/768/2 
f 3212/768/2 3207/762/2 3217/767/2 
f 3218/773/271 3219/774/271 3220/775/271 
f 3220/775/271 3221/776/271 3218/773/271 
f 3221/776/5 3220/775/5 3222/777/5 
f 3222/777/5 3223/778/5 3221/776/5 
f 3223/779/272 3222/780/272 3224/781/272 
f 3224/781/272 3225/782/272 3223/779/272 
f 3225/782/2 3224/781/2 3219/774/2 
f 3219/774/2 3218/773/2 3225/782/2 
f 3226/774/269 3227/783/269 3228/784/269 
f 3228/784/269 3229/775/269 3226/774/269 
f 3229/785/5 3228/786/5 3230/787/5 
f 3230/787/5 3222/780/5 3229/785/5 
f 3222/780/270 3230/787/270 3231/788/270 
f 3231/788/270 3224/781/270 3222/780/270 
f 3224/781/2 3231/788/2 3227/783/2 
f 3227/783/2 3226/774/2 3224/781/2 
f 3227/783/271 3232/789/271 3233/790/271 
f 3233/790/271 3228/784/271 3227/783/271 
f 3228/786/5 3233/791/5 3234/792/5 
f 3234/792/5 3235/787/5 3228/786/5 
f 3235/787/272 3234/792/272 3236/793/272 
f 3236/793/272 3237/788/272 3235/787/272 
f 3237/788/2 3236/793/2 3232/789/2 
f 3232/789/2 3227/783/2 3237/788/2 
f 3216/772/2 3238/782/2 3218/773/2 
f 3218/773/2 3239/768/2 3216/772/2 
f 3214/771/270 3240/779/270 3238/782/270 
f 3238/782/270 3216/772/270 3214/771/270 
f 3241/770/5 3221/794/5 3240/779/5 
f 3240/779/5 3214/771/5 3241/770/5 
f 3239/768/269 3218/773/269 3221/776/269 
f 3221/776/269 3241/769/269 3239/768/269 
f 3242/795/272 3243/796/272 3244/797/272 
f 3244/797/272 3245/798/272 3242/795/272 
f 3245/799/2 3244/800/2 3246/801/2 
f 3246/801/2 3247/802/2 3245/799/2 
f 3247/802/271 3246/801/271 3248/803/271 
f 3248/803/271 3249/804/271 3247/802/271 
f 3249/804/5 3248/803/5 3243/796/5 
f 3243/796/5 3242/795/5 3249/804/5 
f 3243/796/270 3250/805/270 3251/806/270 
f 3251/806/270 3244/797/270 3243/796/270 
f 3244/797/2 3251/806/2 3252/807/2 
f 3252/807/2 3253/808/2 3244/797/2 
f 3253/801/269 3252/809/269 3254/810/269 
f 3254/810/269 3255/803/269 3253/801/269 
f 3255/803/5 3254/810/5 3250/805/5 
f 3250/805/5 3243/796/5 3255/803/5 
f 3256/805/272 3257/811/272 3258/812/272 
f 3258/812/272 3259/806/272 3256/805/272 
f 3259/813/2 3258/814/2 3260/815/2 
f 3260/815/2 3252/809/2 3259/813/2 
f 3252/809/271 3260/815/271 3261/816/271 
f 3261/816/271 3254/810/271 3252/809/271 
f 3254/810/5 3261/816/5 3257/811/5 
f 3257/811/5 3256/805/5 3254/810/5 
f 3257/811/270 3262/817/270 3263/818/270 
f 3263/818/270 3258/812/270 3257/811/270 
f 3258/814/2 3263/819/2 3264/820/2 
f 3264/820/2 3265/815/2 3258/814/2 
f 3265/815/269 3264/820/269 3266/821/269 
f 3266/821/269 3267/816/269 3265/815/269 
f 3267/816/5 3266/821/5 3262/817/5 
f 3262/817/5 3257/811/5 3267/816/5 
f 3268/822/270 3269/823/270 3270/824/270 
f 3270/824/270 3271/825/270 3268/822/270 
f 3271/825/2 3270/824/2 3272/826/2 
f 3272/826/2 3273/827/2 3271/825/2 
f 3273/828/269 3272/829/269 3274/830/269 
f 3274/830/269 3275/831/269 3273/828/269 
f 3275/831/5 3274/830/5 3269/823/5 
f 3269/823/5 3268/822/5 3275/831/5 
f 3276/823/272 3277/832/272 3278/833/272 
f 3278/833/272 3279/824/272 3276/823/272 
f 3279/834/2 3278/835/2 3280/836/2 
f 3280/836/2 3272/829/2 3279/834/2 
f 3272/829/271 3280/836/271 3281/837/271 
f 3281/837/271 3274/830/271 3272/829/271 
f 3274/830/5 3281/837/5 3277/832/5 
f 3277/832/5 3276/823/5 3274/830/5 
f 3277/832/270 3282/838/270 3283/839/270 
f 3283/839/270 3278/833/270 3277/832/270 
f 3278/835/2 3283/840/2 3284/841/2 
f 3284/841/2 3285/836/2 3278/835/2 
f 3285/836/269 3284/841/269 3286/842/269 
f 3286/842/269 3287/837/269 3285/836/269 
f 3287/837/5 3286/842/5 3282/838/5 
f 3282/838/5 3277/832/5 3287/837/5 
f 3266/821/5 3288/831/5 3268/822/5 
f 3268/822/5 3289/817/5 3266/821/5 
f 3264/820/271 3290/828/271 3288/831/271 
f 3288/831/271 3266/821/271 3264/820/271 
f 3291/819/2 3271/843/2 3290/828/2 
f 3290/828/2 3264/820/2 3291/819/2 
f 3289/817/272 3268/822/272 3271/825/272 
f 3271/825/272 3291/818/272 3289/817/272 
f 3292/838/272 3293/844/272 3294/845/272 
f 3294/845/272 3295/839/272 3292/838/272 
f 3295/840/2 3294/846/2 3296/847/2 
f 3296/847/2 3284/841/2 3295/840/2 
f 3284/841/271 3296/847/271 3297/848/271 
f 3297/848/271 3286/842/271 3284/841/271 
f 3286/842/5 3297/848/5 3293/844/5 
f 3293/844/5 3292/838/5 3286/842/5 
f 3293/844/270 3298/849/270 3299/850/270 
f 3299/850/270 3294/845/270 3293/844/270 
f 3294/845/2 3299/850/2 3300/851/2 
f 3300/851/2 3301/852/2 3294/845/2 
f 3301/847/269 3300/853/269 3302/854/269 
f 3302/854/269 3303/848/269 3301/847/269 
f 3303/848/5 3302/854/5 3298/849/5 
f 3298/849/5 3293/844/5 3303/848/5 
f 3304/849/272 3305/855/272 3306/856/272 
f 3306/856/272 3307/850/272 3304/849/272 
f 3307/857/2 3306/858/2 3308/859/2 
f 3308/859/2 3300/853/2 3307/857/2 
f 3300/853/271 3308/859/271 3309/860/271 
f 3309/860/271 3302/854/271 3300/853/271 
f 3302/854/5 3309/860/5 3305/855/5 
f 3305/855/5 3304/849/5 3302/854/5 
f 3305/855/270 3310/861/270 3311/862/270 
f 3311/862/270 3306/856/270 3305/855/270 
f 3306/858/2 3311/863/2 3312/864/2 
f 3312/864/2 3313/859/2 3306/858/2 
f 3313/859/269 3312/864/269 3314/865/269 
f 3314/865/269 3315/860/269 3313/859/269 
f 3315/860/5 3314/865/5 3310/861/5 
f 3310/861/5 3305/855/5 3315/860/5 
f 3316/866/270 3317/867/270 3318/868/270 
f 3318/868/270 3319/869/270 3316/866/270 
f 3319/869/2 3318/868/2 3320/870/2 
f 3320/870/2 3321/871/2 3319/869/2 
f 3321/872/269 3320/873/269 3322/874/269 
f 3322/874/269 3323/875/269 3321/872/269 
f 3323/875/5 3322/874/5 3317/867/5 
f 3317/867/5 3316/866/5 3323/875/5 
f 3324/867/272 3325/876/272 3326/877/272 
f 3326/877/272 3327/868/272 3324/867/272 
f 3327/878/2 3326/879/2 3328/880/2 
f 3328/880/2 3320/873/2 3327/878/2 
f 3320/873/271 3328/880/271 3329/881/271 
f 3329/881/271 3322/874/271 3320/873/271 
f 3322/874/5 3329/881/5 3325/876/5 
f 3325/876/5 3324/867/5 3322/874/5 
f 3325/876/270 3330/882/270 3331/883/270 
f 3331/883/270 3326/877/270 3325/876/270 
f 3326/879/2 3331/884/2 3332/885/2 
f 3332/885/2 3333/880/2 3326/879/2 
f 3333/880/269 3332/885/269 3334/886/269 
f 3334/886/269 3335/881/269 3333/880/269 
f 3335/881/5 3334/886/5 3330/882/5 
f 3330/882/5 3325/876/5 3335/881/5 
f 3314/865/5 3336/875/5 3316/866/5 
f 3316/866/5 3337/861/5 3314/865/5 
f 3312/864/271 3338/872/271 3336/875/271 
f 3336/875/271 3314/865/271 3312/864/271 
f 3339/863/2 3319/887/2 3338/872/2 
f 3338/872/2 3312/864/2 3339/863/2 
f 3337/861/272 3316/866/272 3319/869/272 
f 3319/869/272 3339/862/272 3337/861/272 
f 3340/539/247 3341/540/247 3342/541/247 
f 3342/541/247 3343/542/247 3340/539/247 
f 3340/1552/373 3344/1553/373 3345/1554/373 
f 3345/1554/373 3341/1555/373 3340/1552/373 
f 3341/1555/374 3345/1554/374 3346/1556/374 
f 3346/1556/374 3342/541/374 3341/1555/374 
f 3342/541/375 3346/1556/375 3347/1557/375 
f 3347/1557/375 3343/1558/375 3342/541/375 
f 3344/1553/376 3340/1552/376 3348/1559/376 
f 3348/1559/376 3349/1560/376 3344/1553/376 
f 3346/1556/4 3345/1554/4 3344/1561/4 
f 3344/1561/4 3347/1562/4 3346/1556/4 
f 3348/1563/4 3350/1564/4 3351/1565/4 
f 3351/1565/4 3352/1566/4 3348/1563/4 
f 3340/1567/376 3343/1568/376 3350/1564/376 
f 3350/1564/376 3348/1563/376 3340/1567/376 
f 3347/1562/377 3344/1561/377 3349/1569/377 
f 3349/1569/377 3353/1570/377 3347/1562/377 
f 3343/1558/376 3347/1557/376 3353/1571/376 
f 3353/1571/376 3350/1572/376 3343/1558/376 
f 3351/1573/376 3354/1574/376 3355/1575/376 
f 3355/1575/376 3352/1576/376 3351/1573/376 
f 3349/1560/375 3348/1559/375 3352/1577/375 
f 3352/1577/375 3355/1578/375 3349/1560/375 
f 3353/1570/247 3349/1569/247 3355/1579/247 
f 3355/1579/247 3354/1580/247 3353/1570/247 
f 3350/1572/373 3353/1571/373 3354/1581/373 
f 3354/1581/373 3351/1582/373 3350/1572/373 
f 3356/539/247 3357/540/247 3358/541/247 
f 3358/541/247 3359/542/247 3356/539/247 
f 3356/1552/378 3360/1553/378 3361/1554/378 
f 3361/1554/378 3357/1555/378 3356/1552/378 
f 3357/1555/379 3361/1554/379 3362/1556/379 
f 3362/1556/379 3358/541/379 3357/1555/379 
f 3358/541/380 3362/1556/380 3363/1557/380 
f 3363/1557/380 3359/1558/380 3358/541/380 
f 3360/1553/381 3356/1552/381 3364/1559/381 
f 3364/1559/381 3365/1560/381 3360/1553/381 
f 3362/1556/4 3361/1554/4 3360/1561/4 
f 3360/1561/4 3363/1562/4 3362/1556/4 
f 3364/1563/4 3366/1564/4 3367/1565/4 
f 3367/1565/4 3368/1566/4 3364/1563/4 
f 3356/1567/381 3359/1568/381 3366/1564/381 
f 3366/1564/381 3364/1563/381 3356/1567/381 
f 3363/1562/382 3360/1561/382 3365/1569/382 
f 3365/1569/382 3369/1570/382 3363/1562/382 
f 3359/1558/381 3363/1557/381 3369/1571/381 
f 3369/1571/381 3366/1572/381 3359/1558/381 
f 3367/1573/381 3370/1574/381 3371/1575/381 
f 3371/1575/381 3368/1576/381 3367/1573/381 
f 3365/1560/380 3364/1559/380 3368/1577/380 
f 3368/1577/380 3371/1578/380 3365/1560/380 
f 3369/1570/247 3365/1569/247 3371/1579/247 
f 3371/1579/247 3370/1580/247 3369/1570/247 
f 3366/1572/378 3369/1571/378 3370/1581/378 
f 3370/1581/378 3367/1582/378 3366/1572/378 
f 3372/539/247 3373/540/247 3374/541/247 
f 3374/541/247 3375/542/247 3372/539/247 
f 3372/1552/383 3376/1553/383 3377/1554/383 
f 3377/1554/383 3373/1555/383 3372/1552/383 
f 3373/1555/384 3377/1554/384 3378/1556/384 
f 3378/1556/384 3374/541/384 3373/1555/384 
f 3374/541/385 3378/1556/385 3379/1557/385 
f 3379/1557/385 3375/1558/385 3374/541/385 
f 3376/1553/386 3372/1552/386 3380/1559/386 
f 3380/1559/386 3381/1560/386 3376/1553/386 
f 3378/1556/12 3377/1554/12 3376/1561/12 
f 3376/1561/12 3379/1562/12 3378/1556/12 
f 3380/1563/4 3382/1564/4 3383/1565/4 
f 3383/1565/4 3384/1566/4 3380/1563/4 
f 3372/1567/386 3375/1568/386 3382/1564/386 
f 3382/1564/386 3380/1563/386 3372/1567/386 
f 3379/1562/386 3376/1561/386 3381/1569/386 
f 3381/1569/386 3385/1570/386 3379/1562/386 
f 3375/1558/386 3379/1557/386 3385/1571/386 
f 3385/1571/386 3382/1572/386 3375/1558/386 
f 3383/1573/386 3386/1574/386 3387/1575/386 
f 3387/1575/386 3384/1576/386 3383/1573/386 
f 3381/1560/385 3380/1559/385 3384/1577/385 
f 3384/1577/385 3387/1578/385 3381/1560/385 
f 3385/1570/247 3381/1569/247 3387/1579/247 
f 3387/1579/247 3386/1580/247 3385/1570/247 
f 3382/1572/383 3385/1571/383 3386/1581/383 
f 3386/1581/383 3383/1582/383 3382/1572/383 
f 3388/539/247 3389/540/247 3390/541/247 
f 3390/541/247 3391/542/247 3388/539/247 
f 3388/1552/387 3392/1553/387 3393/1554/387 
f 3393/1554/387 3389/1555/387 3388/1552/387 
f 3389/1555/388 3393/1554/388 3394/1556/388 
f 3394/1556/388 3390/541/388 3389/1555/388 
f 3390/541/389 3394/1556/389 3395/1557/389 
f 3395/1557/389 3391/1558/389 3390/541/389 
f 3392/1553/390 3388/1552/390 3396/1559/390 
f 3396/1559/390 3397/1560/390 3392/1553/390 
f 3394/1556/12 3393/1554/12 3392/1561/12 
f 3392/1561/12 3395/1562/12 3394/1556/12 
f 3396/1563/12 3398/1564/12 3399/1565/12 
f 3399/1565/12 3400/1566/12 3396/1563/12 
f 3388/1567/390 3391/1568/390 3398/1564/390 
f 3398/1564/390 3396/1563/390 3388/1567/390 
f 3395/1562/390 3392/1561/390 3397/1569/390 
f 3397/1569/390 3401/1570/390 3395/1562/390 
f 3391/1558/390 3395/1557/390 3401/1571/390 
f 3401/1571/390 3398/1572/390 3391/1558/390 
f 3399/1573/390 3402/1574/390 3403/1575/390 
f 3403/1575/390 3400/1576/390 3399/1573/390 
f 3397/1560/391 3396/1559/391 3400/1577/391 
f 3400/1577/391 3403/1578/391 3397/1560/391 
f 3401/1570/247 3397/1569/247 3403/1579/247 
f 3403/1579/247 3402/1580/247 3401/1570/247 
f 3398/1572/387 3401/1571/387 3402/1581/387 
f 3402/1581/387 3399/1582/387 3398/1572/387 
f 3404/539/247 3405/540/247 3406/541/247 
f 3406/541/247 3407/542/247 3404/539/247 
f 3404/1552/392 3408/1553/392 3409/1554/392 
f 3409/1554/392 3405/1555/392 3404/1552/392 
f 3405/1555/393 3409/1554/393 3410/1556/393 
f 3410/1556/393 3406/541/393 3405/1555/393 
f 3406/541/394 3410/1556/394 3411/1557/394 
f 3411/1557/394 3407/1558/394 3406/541/394 
f 3408/1553/395 3404/1552/395 3412/1559/395 
f 3412/1559/395 3413/1560/395 3408/1553/395 
f 3410/1556/12 3409/1554/12 3408/1561/12 
f 3408/1561/12 3411/1562/12 3410/1556/12 
f 3412/1563/12 3414/1564/12 3415/1565/12 
f 3415/1565/12 3416/1566/12 3412/1563/12 
f 3404/1567/395 3407/1568/395 3414/1564/395 
f 3414/1564/395 3412/1563/395 3404/1567/395 
f 3411/1562/395 3408/1561/395 3413/1569/395 
f 3413/1569/395 3417/1570/395 3411/1562/395 
f 3407/1558/395 3411/1557/395 3417/1571/395 
f 3417/1571/395 3414/1572/395 3407/1558/395 
f 3415/1573/395 3418/1574/395 3419/1575/395 
f 3419/1575/395 3416/1576/395 3415/1573/395 
f 3413/1560/394 3412/1559/394 3416/1577/394 
f 3416/1577/394 3419/1578/394 3413/1560/394 
f 3417/1570/248 3413/1569/248 3419/1579/248 
f 3419/1579/248 3418/1580/248 3417/1570/248 
f 3414/1572/392 3417/1571/392 3418/1581/392 
f 3418/1581/392 3415/1582/392 3414/1572/392 
f 3420/539/247 3421/540/247 3422/541/247 
f 3422/541/247 3423/542/247 3420/539/247 
f 3420/1552/396 3424/1553/396 3425/1554/396 
f 3425/1554/396 3421/1555/396 3420/1552/396 
f 3421/1555/397 3425/1554/397 3426/1556/397 
f 3426/1556/397 3422/541/397 3421/1555/397 
f 3422/541/398 3426/1556/398 3427/1557/398 
f 3427/1557/398 3423/1558/398 3422/541/398 
f 3424/1553/399 3420/1552/399 3428/1559/399 
f 3428/1559/399 3429/1560/399 3424/1553/399 
f 3426/1556/4 3425/1554/4 3424/1561/4 
f 3424/1561/4 3427/1562/4 3426/1556/4 
f 3428/1563/4 3430/1564/4 3431/1565/4 
f 3431/1565/4 3432/1566/4 3428/1563/4 
f 3420/1567/399 3423/1568/399 3430/1564/399 
f 3430/1564/399 3428/1563/399 3420/1567/399 
f 3427/1562/399 3424/1561/399 3429/1569/399 
f 3429/1569/399 3433/1570/399 3427/1562/399 
f 3423/1558/399 3427/1557/399 3433/1571/399 
f 3433/1571/399 3430/1572/399 3423/1558/399 
f 3431/1573/399 3434/1574/399 3435/1575/399 
f 3435/1575/399 3432/1576/399 3431/1573/399 
f 3429/1560/398 3428/1559/398 3432/1577/398 
f 3432/1577/398 3435/1578/398 3429/1560/398 
f 3433/1570/247 3429/1569/247 3435/1579/247 
f 3435/1579/247 3434/1580/247 3433/1570/247 
f 3430/1572/400 3433/1571/400 3434/1581/400 
f 3434/1581/400 3431/1582/400 3430/1572/400 
f 3436/503/401 3437/504/401 3438/505/401 
f 3438/505/401 3439/506/401 3436/503/401 
f 3439/506/402 3438/505/402 3440/507/402 
f 3439/506/402 3440/507/402 3441/508/402 
f 3439/506/402 3441/508/402 3442/509/402 
f 3443/510/403 3444/511/403 3445/512/403 
f 3445/512/403 3446/513/403 3443/510/403 
f 3444/511/404 3443/510/404 3447/514/404 
f 3444/511/404 3447/514/404 3437/504/404 
f 3444/511/404 3437/504/404 3436/503/404 
f 3445/515/4 3448/516/4 3449/517/4 
f 3449/517/4 3450/518/4 3445/515/4 
f 3444/519/403 3442/520/403 3448/516/403 
f 3448/516/403 3445/515/403 3444/519/403 
f 3441/521/405 3443/522/405 3446/523/405 
f 3446/523/405 3451/524/405 3441/521/405 
f 3442/509/403 3441/508/403 3451/525/403 
f 3451/525/403 3448/526/403 3442/509/403 
f 3449/527/403 3452/528/403 3453/529/403 
f 3453/529/403 3450/530/403 3449/527/403 
f 3446/513/406 3445/512/406 3450/531/406 
f 3450/531/406 3453/532/406 3446/513/406 
f 3451/524/247 3446/523/247 3453/533/247 
f 3453/533/247 3452/534/247 3451/524/247 
f 3448/526/404 3451/525/404 3452/535/404 
f 3452/535/404 3449/536/404 3448/526/404 
f 3447/537/407 3440/538/407 3438/505/407 
f 3438/505/407 3437/504/407 3447/537/407 
f 3440/538/4 3447/537/4 3443/522/4 
f 3443/522/4 3441/521/4 3440/538/4 
f 3454/1452/290 3455/1453/291 3456/1454/292 
f 3456/1454/292 3457/1455/293 3454/1452/290 
f 3458/1456/294 3459/1457/295 3460/1458/296 
f 3460/1458/296 3461/1459/297 3458/1456/294 
f 3461/1459/297 3460/1458/296 3462/1460/298 
f 3462/1460/298 3463/1461/299 3461/1459/297 
f 3463/1461/299 3462/1460/298 3464/1462/300 
f 3464/1462/300 3465/1463/301 3463/1461/299 
f 3465/1463/301 3464/1462/300 3466/1464/302 
f 3466/1464/302 3467/1465/303 3465/1463/301 
f 3467/1466/303 3466/1467/302 3456/1454/292 
f 3456/1454/292 3455/1453/291 3467/1466/303 
f 3468/1468/304 3469/1469/305 3470/1470/306 
f 3470/1470/306 3471/1471/307 3468/1468/304 
f 3472/1472/308 3468/1468/304 3473/1473/309 
f 3473/1473/309 3474/1474/310 3472/1472/308 
f 3474/1474/310 3473/1473/309 3475/1475/311 
f 3475/1475/311 3476/1476/312 3474/1474/310 
f 3477/1477/313 3478/1478/314 3479/1479/315 
f 3479/1479/315 3480/1480/316 3477/1477/313 
f 3471/1471/307 3470/1470/306 3478/1478/314 
f 3478/1478/314 3477/1477/313 3471/1471/307 
f 3481/1481/317 3482/1482/318 3480/1480/316 
f 3480/1480/316 3479/1479/315 3481/1481/317 
f 3483/1483/319 3484/1484/320 3485/1485/321 
f 3485/1485/321 3486/1486/322 3483/1483/319 
f 3486/1486/322 3485/1485/321 3454/1487/290 
f 3454/1487/290 3481/1488/317 3486/1486/322 
f 3487/1489/323 3488/1490/324 3489/1491/325 
f 3489/1491/325 3490/1492/408 3487/1489/323 
f 3490/1492/408 3489/1491/325 3482/1493/318 
f 3482/1493/318 3457/1494/293 3490/1492/408 
f 3491/1495/327 3492/1496/328 3493/1497/329 
f 3493/1497/329 3494/1498/330 3491/1495/327 
f 3494/1499/330 3493/1500/329 3461/1459/297 
f 3461/1459/297 3463/1461/299 3494/1499/330 
f 3487/1489/323 3495/1501/331 3496/1502/332 
f 3487/1489/323 3496/1502/332 3497/1503/333 
f 3487/1489/323 3497/1503/333 3498/1504/334 
f 3487/1489/323 3498/1504/334 3499/1505/335 
f 3487/1489/323 3499/1505/335 3500/1506/336 
f 3487/1489/323 3500/1506/336 3476/1476/312 
f 3487/1489/323 3476/1476/312 3475/1475/311 
f 3487/1489/323 3475/1475/311 3501/1507/337 
f 3487/1489/323 3501/1507/337 3502/1508/338 
f 3487/1489/323 3502/1508/338 3503/1509/339 
f 3487/1489/323 3503/1509/339 3488/1490/324 
f 3504/1510/340 3505/1511/341 3506/1512/342 
f 3506/1512/342 3507/1513/343 3504/1510/340 
f 3469/1469/305 3468/1468/304 3472/1472/308 
f 3472/1472/308 3508/1514/344 3469/1469/305 
f 3499/1505/335 3498/1504/334 3509/1515/345 
f 3509/1515/345 3510/1516/346 3499/1505/335 
f 3510/1517/346 3509/1518/345 3462/1460/298 
f 3462/1460/298 3460/1458/296 3510/1517/346 
f 3511/1519/347 3491/1495/327 3494/1498/330 
f 3494/1498/330 3512/1520/348 3511/1519/347 
f 3512/1521/348 3494/1499/330 3463/1461/299 
f 3463/1461/299 3465/1463/301 3512/1521/348 
f 3498/1504/334 3497/1503/333 3513/1522/349 
f 3513/1522/349 3509/1515/345 3498/1504/334 
f 3509/1518/345 3513/1523/349 3464/1462/300 
f 3464/1462/300 3462/1460/298 3509/1518/345 
f 3514/1524/350 3511/1519/347 3512/1520/348 
f 3512/1520/348 3515/1525/351 3514/1524/350 
f 3515/1526/351 3512/1521/348 3465/1463/301 
f 3465/1463/301 3467/1465/303 3515/1526/351 
f 3497/1503/333 3496/1502/332 3516/1527/352 
f 3516/1527/352 3513/1522/349 3497/1503/333 
f 3513/1523/349 3516/1528/352 3466/1464/302 
f 3466/1464/302 3464/1462/300 3513/1523/349 
f 3517/1529/353 3514/1524/350 3515/1525/351 
f 3515/1525/351 3518/1530/354 3517/1529/353 
f 3518/1530/354 3515/1525/351 3467/1466/303 
f 3467/1466/303 3455/1453/291 3518/1530/354 
f 3496/1502/332 3495/1501/331 3519/1531/355 
f 3519/1531/355 3516/1527/352 3496/1502/332 
f 3516/1527/352 3519/1531/355 3456/1454/292 
f 3456/1454/292 3466/1467/302 3516/1527/352 
f 3484/1484/320 3517/1529/353 3518/1530/354 
f 3518/1530/354 3485/1532/321 3484/1484/320 
f 3485/1532/321 3518/1530/354 3455/1453/291 
f 3455/1453/291 3454/1452/290 3485/1532/321 
f 3457/1455/293 3456/1454/292 3519/1531/355 
f 3519/1531/355 3490/1533/408 3457/1455/293 
f 3490/1533/408 3519/1531/355 3495/1501/331 
f 3495/1501/331 3487/1489/323 3490/1533/408 
f 3501/1507/337 3475/1475/311 3473/1473/309 
f 3473/1473/309 3520/1534/356 3501/1507/337 
f 3520/1534/356 3473/1473/309 3468/1468/304 
f 3468/1468/304 3471/1471/307 3520/1534/356 
f 3505/1511/341 3521/1535/357 3522/1536/358 
f 3522/1536/358 3506/1512/342 3505/1511/341 
f 3506/1512/342 3522/1536/358 3470/1470/306 
f 3470/1470/306 3469/1469/305 3506/1512/342 
f 3502/1508/338 3501/1507/337 3520/1534/356 
f 3520/1534/356 3523/1537/359 3502/1508/338 
f 3523/1537/359 3520/1534/356 3471/1471/307 
f 3471/1471/307 3477/1477/313 3523/1537/359 
f 3521/1535/357 3524/1538/360 3525/1539/361 
f 3525/1539/361 3522/1536/358 3521/1535/357 
f 3522/1536/358 3525/1539/361 3478/1478/314 
f 3478/1478/314 3470/1470/306 3522/1536/358 
f 3503/1509/339 3502/1508/338 3523/1537/359 
f 3523/1537/359 3526/1540/362 3503/1509/339 
f 3526/1540/362 3523/1537/359 3477/1477/313 
f 3477/1477/313 3480/1480/316 3526/1540/362 
f 3524/1538/360 3527/1541/363 3528/1542/364 
f 3528/1542/364 3525/1539/361 3524/1538/360 
f 3525/1539/361 3528/1542/364 3479/1479/315 
f 3479/1479/315 3478/1478/314 3525/1539/361 
f 3529/1543/365 3510/1517/346 3460/1458/296 
f 3460/1458/296 3459/1457/295 3529/1543/365 
f 3500/1506/336 3499/1505/335 3510/1516/346 
f 3510/1516/346 3529/1544/365 3500/1506/336 
f 3480/1480/316 3482/1482/318 3489/1545/325 
f 3489/1545/325 3526/1540/362 3480/1480/316 
f 3526/1540/362 3489/1545/325 3488/1490/324 
f 3488/1490/324 3503/1509/339 3526/1540/362 
f 3527/1541/363 3483/1483/319 3486/1546/322 
f 3486/1546/322 3528/1542/364 3527/1541/363 
f 3528/1542/364 3486/1546/322 3481/1481/317 
f 3481/1481/317 3479/1479/315 3528/1542/364 
f 3507/1513/343 3506/1512/342 3469/1469/305 
f 3469/1469/305 3508/1514/344 3507/1513/343 
f 3493/1500/329 3530/1547/409 3458/1456/294 
f 3458/1456/294 3461/1459/297 3493/1500/329 
f 3492/1496/328 3531/1548/367 3530/1549/409 
f 3530/1549/409 3493/1497/329 3492/1496/328 
f 3474/1474/310 3476/1476/312 3500/1506/336 
f 3500/1506/336 3529/1544/365 3474/1474/310 
f 3472/1472/308 3474/1474/310 3529/1544/365 
f 3529/1544/365 3459/1550/295 3472/1472/308 
f 3504/1510/340 3507/1513/343 3530/1549/409 
f 3530/1549/409 3531/1548/367 3504/1510/340 
f 3507/1513/343 3508/1514/344 3458/1551/294 
f 3458/1551/294 3530/1549/409 3507/1513/343 
f 3508/1514/344 3472/1472/308 3459/1550/295 
f 3459/1550/295 3458/1551/294 3508/1514/344 
f 3483/1483/319 3527/1541/363 3524/1538/360 
f 3483/1483/319 3524/1538/360 3521/1535/357 
f 3483/1483/319 3521/1535/357 3505/1511/341 
f 3483/1483/319 3505/1511/341 3504/1510/340 
f 3483/1483/319 3504/1510/340 3531/1548/367 
f 3483/1483/319 3531/1548/367 3492/1496/328 
f 3483/1483/319 3492/1496/328 3491/1495/327 
f 3483/1483/319 3491/1495/327 3511/1519/347 
f 3483/1483/319 3511/1519/347 3514/1524/350 
f 3483/1483/319 3514/1524/350 3517/1529/353 
f 3483/1483/319 3517/1529/353 3484/1484/320 
f 3532/1452/290 3533/1453/291 3534/1454/292 
f 3534/1454/292 3535/1455/293 3532/1452/290 
f 3536/1456/294 3537/1457/295 3538/1458/296 
f 3538/1458/296 3539/1459/297 3536/1456/294 
f 3539/1459/297 3538/1458/296 3540/1460/298 
f 3540/1460/298 3541/1461/299 3539/1459/297 
f 3541/1461/299 3540/1460/298 3542/1462/300 
f 3542/1462/300 3543/1463/301 3541/1461/299 
f 3543/1463/301 3542/1462/300 3544/1464/302 
f 3544/1464/302 3545/1465/303 3543/1463/301 
f 3545/1466/303 3544/1467/302 3534/1454/292 
f 3534/1454/292 3533/1453/291 3545/1466/303 
f 3546/1468/304 3547/1469/305 3548/1470/306 
f 3548/1470/306 3549/1471/307 3546/1468/304 
f 3550/1472/308 3546/1468/304 3551/1473/309 
f 3551/1473/309 3552/1474/310 3550/1472/308 
f 3552/1474/310 3551/1473/309 3553/1475/311 
f 3553/1475/311 3554/1476/312 3552/1474/310 
f 3555/1477/313 3556/1478/314 3557/1479/315 
f 3557/1479/315 3558/1480/316 3555/1477/313 
f 3549/1471/307 3548/1470/306 3556/1478/314 
f 3556/1478/314 3555/1477/313 3549/1471/307 
f 3559/1481/317 3560/1482/318 3558/1480/316 
f 3558/1480/316 3557/1479/315 3559/1481/317 
f 3561/1483/319 3562/1484/320 3563/1485/321 
f 3563/1485/321 3564/1486/322 3561/1483/319 
f 3564/1486/322 3563/1485/321 3532/1487/290 
f 3532/1487/290 3559/1488/317 3564/1486/322 
f 3565/1489/323 3566/1490/324 3567/1491/325 
f 3567/1491/325 3568/1492/326 3565/1489/323 
f 3568/1492/326 3567/1491/325 3560/1493/318 
f 3560/1493/318 3535/1494/293 3568/1492/326 
f 3569/1495/327 3570/1496/328 3571/1497/329 
f 3571/1497/329 3572/1498/330 3569/1495/327 
f 3572/1499/330 3571/1500/329 3539/1459/297 
f 3539/1459/297 3541/1461/299 3572/1499/330 
f 3565/1489/323 3573/1501/331 3574/1502/332 
f 3565/1489/323 3574/1502/332 3575/1503/333 
f 3565/1489/323 3575/1503/333 3576/1504/334 
f 3565/1489/323 3576/1504/334 3577/1505/335 
f 3565/1489/323 3577/1505/335 3578/1506/336 
f 3565/1489/323 3578/1506/336 3554/1476/312 
f 3565/1489/323 3554/1476/312 3553/1475/311 
f 3565/1489/323 3553/1475/311 3579/1507/337 
f 3565/1489/323 3579/1507/337 3580/1508/338 
f 3565/1489/323 3580/1508/338 3581/1509/339 
f 3565/1489/323 3581/1509/339 3566/1490/324 
f 3582/1510/340 3583/1511/341 3584/1512/342 
f 3584/1512/342 3585/1513/343 3582/1510/340 
f 3547/1469/305 3546/1468/304 3550/1472/308 
f 3550/1472/308 3586/1514/344 3547/1469/305 
f 3577/1505/335 3576/1504/334 3587/1515/345 
f 3587/1515/345 3588/1516/346 3577/1505/335 
f 3588/1517/346 3587/1518/345 3540/1460/298 
f 3540/1460/298 3538/1458/296 3588/1517/346 
f 3589/1519/347 3569/1495/327 3572/1498/330 
f 3572/1498/330 3590/1520/348 3589/1519/347 
f 3590/1521/348 3572/1499/330 3541/1461/299 
f 3541/1461/299 3543/1463/301 3590/1521/348 
f 3576/1504/334 3575/1503/333 3591/1522/349 
f 3591/1522/349 3587/1515/345 3576/1504/334 
f 3587/1518/345 3591/1523/349 3542/1462/300 
f 3542/1462/300 3540/1460/298 3587/1518/345 
f 3592/1524/350 3589/1519/347 3590/1520/348 
f 3590/1520/348 3593/1525/351 3592/1524/350 
f 3593/1526/351 3590/1521/348 3543/1463/301 
f 3543/1463/301 3545/1465/303 3593/1526/351 
f 3575/1503/333 3574/1502/332 3594/1527/352 
f 3594/1527/352 3591/1522/349 3575/1503/333 
f 3591/1523/349 3594/1528/352 3544/1464/302 
f 3544/1464/302 3542/1462/300 3591/1523/349 
f 3595/1529/353 3592/1524/350 3593/1525/351 
f 3593/1525/351 3596/1530/354 3595/1529/353 
f 3596/1530/354 3593/1525/351 3545/1466/303 
f 3545/1466/303 3533/1453/291 3596/1530/354 
f 3574/1502/332 3573/1501/331 3597/1531/355 
f 3597/1531/355 3594/1527/352 3574/1502/332 
f 3594/1527/352 3597/1531/355 3534/1454/292 
f 3534/1454/292 3544/1467/302 3594/1527/352 
f 3562/1484/320 3595/1529/353 3596/1530/354 
f 3596/1530/354 3563/1532/321 3562/1484/320 
f 3563/1532/321 3596/1530/354 3533/1453/291 
f 3533/1453/291 3532/1452/290 3563/1532/321 
f 3535/1455/293 3534/1454/292 3597/1531/355 
f 3597/1531/355 3568/1533/326 3535/1455/293 
f 3568/1533/326 3597/1531/355 3573/1501/331 
f 3573/1501/331 3565/1489/323 3568/1533/326 
f 3579/1507/337 3553/1475/311 3551/1473/309 
f 3551/1473/309 3598/1534/356 3579/1507/337 
f 3598/1534/356 3551/1473/309 3546/1468/304 
f 3546/1468/304 3549/1471/307 3598/1534/356 
f 3583/1511/341 3599/1535/357 3600/1536/358 
f 3600/1536/358 3584/1512/342 3583/1511/341 
f 3584/1512/342 3600/1536/358 3548/1470/306 
f 3548/1470/306 3547/1469/305 3584/1512/342 
f 3580/1508/338 3579/1507/337 3598/1534/356 
f 3598/1534/356 3601/1537/359 3580/1508/338 
f 3601/1537/359 3598/1534/356 3549/1471/307 
f 3549/1471/307 3555/1477/313 3601/1537/359 
f 3599/1535/357 3602/1538/360 3603/1539/361 
f 3603/1539/361 3600/1536/358 3599/1535/357 
f 3600/1536/358 3603/1539/361 3556/1478/314 
f 3556/1478/314 3548/1470/306 3600/1536/358 
f 3581/1509/339 3580/1508/338 3601/1537/359 
f 3601/1537/359 3604/1540/362 3581/1509/339 
f 3604/1540/362 3601/1537/359 3555/1477/313 
f 3555/1477/313 3558/1480/316 3604/1540/362 
f 3602/1538/360 3605/1541/363 3606/1542/364 
f 3606/1542/364 3603/1539/361 3602/1538/360 
f 3603/1539/361 3606/1542/364 3557/1479/315 
f 3557/1479/315 3556/1478/314 3603/1539/361 
f 3607/1543/365 3588/1517/346 3538/1458/296 
f 3538/1458/296 3537/1457/295 3607/1543/365 
f 3578/1506/336 3577/1505/335 3588/1516/346 
f 3588/1516/346 3607/1544/365 3578/1506/336 
f 3558/1480/316 3560/1482/318 3567/1545/325 
f 3567/1545/325 3604/1540/362 3558/1480/316 
f 3604/1540/362 3567/1545/325 3566/1490/324 
f 3566/1490/324 3581/1509/339 3604/1540/362 
f 3605/1541/363 3561/1483/319 3564/1546/322 
f 3564/1546/322 3606/1542/364 3605/1541/363 
f 3606/1542/364 3564/1546/322 3559/1481/317 
f 3559/1481/317 3557/1479/315 3606/1542/364 
f 3585/1513/343 3584/1512/342 3547/1469/305 
f 3547/1469/305 3586/1514/344 3585/1513/343 
f 3571/1500/329 3608/1547/409 3536/1456/294 
f 3536/1456/294 3539/1459/297 3571/1500/329 
f 3570/1496/328 3609/1548/367 3608/1549/409 
f 3608/1549/409 3571/1497/329 3570/1496/328 
f 3552/1474/310 3554/1476/312 3578/1506/336 
f 3578/1506/336 3607/1544/365 3552/1474/310 
f 3550/1472/308 3552/1474/310 3607/1544/365 
f 3607/1544/365 3537/1550/295 3550/1472/308 
f 3582/1510/340 3585/1513/343 3608/1549/409 
f 3608/1549/409 3609/1548/367 3582/1510/340 
f 3585/1513/343 3586/1514/344 3536/1551/294 
f 3536/1551/294 3608/1549/409 3585/1513/343 
f 3586/1514/344 3550/1472/308 3537/1550/295 
f 3537/1550/295 3536/1551/294 3586/1514/344 
f 3561/1483/319 3605/1541/363 3602/1538/360 
f 3561/1483/319 3602/1538/360 3599/1535/357 
f 3561/1483/319 3599/1535/357 3583/1511/341 
f 3561/1483/319 3583/1511/341 3582/1510/340 
f 3561/1483/319 3582/1510/340 3609/1548/367 
f 3561/1483/319 3609/1548/367 3570/1496/328 
f 3561/1483/319 3570/1496/328 3569/1495/327 
f 3561/1483/319 3569/1495/327 3589/1519/347 
f 3561/1483/319 3589/1519/347 3592/1524/350 
f 3561/1483/319 3592/1524/350 3595/1529/353 
f 3561/1483/319 3595/1529/353 3562/1484/320 
f 3610/1452/290 3611/1453/291 3612/1454/292 
f 3612/1454/292 3613/1455/293 3610/1452/290 
f 3614/1456/294 3615/1457/295 3616/1458/296 
f 3616/1458/296 3617/1459/297 3614/1456/294 
f 3617/1459/297 3616/1458/296 3618/1460/298 
f 3618/1460/298 3619/1461/299 3617/1459/297 
f 3619/1461/299 3618/1460/298 3620/1462/300 
f 3620/1462/300 3621/1463/301 3619/1461/299 
f 3621/1463/301 3620/1462/300 3622/1464/302 
f 3622/1464/302 3623/1465/303 3621/1463/301 
f 3623/1466/303 3622/1467/302 3612/1454/292 
f 3612/1454/292 3611/1453/291 3623/1466/303 
f 3624/1468/304 3625/1469/305 3626/1470/306 
f 3626/1470/306 3627/1471/307 3624/1468/304 
f 3628/1472/308 3624/1468/304 3629/1473/309 
f 3629/1473/309 3630/1474/310 3628/1472/308 
f 3630/1474/310 3629/1473/309 3631/1475/311 
f 3631/1475/311 3632/1476/312 3630/1474/310 
f 3633/1477/313 3634/1478/314 3635/1479/315 
f 3635/1479/315 3636/1480/316 3633/1477/313 
f 3627/1471/307 3626/1470/306 3634/1478/314 
f 3634/1478/314 3633/1477/313 3627/1471/307 
f 3637/1481/317 3638/1482/318 3636/1480/316 
f 3636/1480/316 3635/1479/315 3637/1481/317 
f 3639/1483/319 3640/1484/320 3641/1485/321 
f 3641/1485/321 3642/1486/322 3639/1483/319 
f 3642/1486/322 3641/1485/321 3610/1487/290 
f 3610/1487/290 3637/1488/317 3642/1486/322 
f 3643/1489/323 3644/1490/324 3645/1491/325 
f 3645/1491/325 3646/1492/408 3643/1489/323 
f 3646/1492/408 3645/1491/325 3638/1493/318 
f 3638/1493/318 3613/1494/293 3646/1492/408 
f 3647/1495/327 3648/1496/328 3649/1497/329 
f 3649/1497/329 3650/1498/330 3647/1495/327 
f 3650/1499/330 3649/1500/329 3617/1459/297 
f 3617/1459/297 3619/1461/299 3650/1499/330 
f 3643/1489/323 3651/1501/331 3652/1502/332 
f 3643/1489/323 3652/1502/332 3653/1503/333 
f 3643/1489/323 3653/1503/333 3654/1504/334 
f 3643/1489/323 3654/1504/334 3655/1505/335 
f 3643/1489/323 3655/1505/335 3656/1506/336 
f 3643/1489/323 3656/1506/336 3632/1476/312 
f 3643/1489/323 3632/1476/312 3631/1475/311 
f 3643/1489/323 3631/1475/311 3657/1507/337 
f 3643/1489/323 3657/1507/337 3658/1508/338 
f 3643/1489/323 3658/1508/338 3659/1509/339 
f 3643/1489/323 3659/1509/339 3644/1490/324 
f 3660/1510/340 3661/1511/341 3662/1512/342 
f 3662/1512/342 3663/1513/343 3660/1510/340 
f 3625/1469/305 3624/1468/304 3628/1472/308 
f 3628/1472/308 3664/1514/344 3625/1469/305 
f 3655/1505/335 3654/1504/334 3665/1515/345 
f 3665/1515/345 3666/1516/346 3655/1505/335 
f 3666/1517/346 3665/1518/345 3618/1460/298 
f 3618/1460/298 3616/1458/296 3666/1517/346 
f 3667/1519/347 3647/1495/327 3650/1498/330 
f 3650/1498/330 3668/1520/348 3667/1519/347 
f 3668/1521/348 3650/1499/330 3619/1461/299 
f 3619/1461/299 3621/1463/301 3668/1521/348 
f 3654/1504/334 3653/1503/333 3669/1522/349 
f 3669/1522/349 3665/1515/345 3654/1504/334 
f 3665/1518/345 3669/1523/349 3620/1462/300 
f 3620/1462/300 3618/1460/298 3665/1518/345 
f 3670/1524/350 3667/1519/347 3668/1520/348 
f 3668/1520/348 3671/1525/351 3670/1524/350 
f 3671/1526/351 3668/1521/348 3621/1463/301 
f 3621/1463/301 3623/1465/303 3671/1526/351 
f 3653/1503/333 3652/1502/332 3672/1527/352 
f 3672/1527/352 3669/1522/349 3653/1503/333 
f 3669/1523/349 3672/1528/352 3622/1464/302 
f 3622/1464/302 3620/1462/300 3669/1523/349 
f 3673/1529/353 3670/1524/350 3671/1525/351 
f 3671/1525/351 3674/1530/354 3673/1529/353 
f 3674/1530/354 3671/1525/351 3623/1466/303 
f 3623/1466/303 3611/1453/291 3674/1530/354 
f 3652/1502/332 3651/1501/331 3675/1531/355 
f 3675/1531/355 3672/1527/352 3652/1502/332 
f 3672/1527/352 3675/1531/355 3612/1454/292 
f 3612/1454/292 3622/1467/302 3672/1527/352 
f 3640/1484/320 3673/1529/353 3674/1530/354 
f 3674/1530/354 3641/1532/321 3640/1484/320 
f 3641/1532/321 3674/1530/354 3611/1453/291 
f 3611/1453/291 3610/1452/290 3641/1532/321 
f 3613/1455/293 3612/1454/292 3675/1531/355 
f 3675/1531/355 3646/1533/408 3613/1455/293 
f 3646/1533/408 3675/1531/355 3651/1501/331 
f 3651/1501/331 3643/1489/323 3646/1533/408 
f 3657/1507/337 3631/1475/311 3629/1473/309 
f 3629/1473/309 3676/1534/356 3657/1507/337 
f 3676/1534/356 3629/1473/309 3624/1468/304 
f 3624/1468/304 3627/1471/307 3676/1534/356 
f 3661/1511/341 3677/1535/357 3678/1536/358 
f 3678/1536/358 3662/1512/342 3661/1511/341 
f 3662/1512/342 3678/1536/358 3626/1470/306 
f 3626/1470/306 3625/1469/305 3662/1512/342 
f 3658/1508/338 3657/1507/337 3676/1534/356 
f 3676/1534/356 3679/1537/359 3658/1508/338 
f 3679/1537/359 3676/1534/356 3627/1471/307 
f 3627/1471/307 3633/1477/313 3679/1537/359 
f 3677/1535/357 3680/1538/360 3681/1539/361 
f 3681/1539/361 3678/1536/358 3677/1535/357 
f 3678/1536/358 3681/1539/361 3634/1478/314 
f 3634/1478/314 3626/1470/306 3678/1536/358 
f 3659/1509/339 3658/1508/338 3679/1537/359 
f 3679/1537/359 3682/1540/362 3659/1509/339 
f 3682/1540/362 3679/1537/359 3633/1477/313 
f 3633/1477/313 3636/1480/316 3682/1540/362 
f 3680/1538/360 3683/1541/363 3684/1542/364 
f 3684/1542/364 3681/1539/361 3680/1538/360 
f 3681/1539/361 3684/1542/364 3635/1479/315 
f 3635/1479/315 3634/1478/314 3681/1539/361 
f 3685/1543/365 3666/1517/346 3616/1458/296 
f 3616/1458/296 3615/1457/295 3685/1543/365 
f 3656/1506/336 3655/1505/335 3666/1516/346 
f 3666/1516/346 3685/1544/365 3656/1506/336 
f 3636/1480/316 3638/1482/318 3645/1545/325 
f 3645/1545/325 3682/1540/362 3636/1480/316 
f 3682/1540/362 3645/1545/325 3644/1490/324 
f 3644/1490/324 3659/1509/339 3682/1540/362 
f 3683/1541/363 3639/1483/319 3642/1546/322 
f 3642/1546/322 3684/1542/364 3683/1541/363 
f 3684/1542/364 3642/1546/322 3637/1481/317 
f 3637/1481/317 3635/1479/315 3684/1542/364 
f 3663/1513/343 3662/1512/342 3625/1469/305 
f 3625/1469/305 3664/1514/344 3663/1513/343 
f 3649/1500/329 3686/1547/366 3614/1456/294 
f 3614/1456/294 3617/1459/297 3649/1500/329 
f 3648/1496/328 3687/1548/367 3686/1549/366 
f 3686/1549/366 3649/1497/329 3648/1496/328 
f 3630/1474/310 3632/1476/312 3656/1506/336 
f 3656/1506/336 3685/1544/365 3630/1474/310 
f 3628/1472/308 3630/1474/310 3685/1544/365 
f 3685/1544/365 3615/1550/295 3628/1472/308 
f 3660/1510/340 3663/1513/343 3686/1549/366 
f 3686/1549/366 3687/1548/367 3660/1510/340 
f 3663/1513/343 3664/1514/344 3614/1551/294 
f 3614/1551/294 3686/1549/366 3663/1513/343 
f 3664/1514/344 3628/1472/308 3615/1550/295 
f 3615/1550/295 3614/1551/294 3664/1514/344 
f 3639/1483/319 3683/1541/363 3680/1538/360 
f 3639/1483/319 3680/1538/360 3677/1535/357 
f 3639/1483/319 3677/1535/357 3661/1511/341 
f 3639/1483/319 3661/1511/341 3660/1510/340 
f 3639/1483/319 3660/1510/340 3687/1548/367 
f 3639/1483/319 3687/1548/367 3648/1496/328 
f 3639/1483/319 3648/1496/328 3647/1495/327 
f 3639/1483/319 3647/1495/327 3667/1519/347 
f 3639/1483/319 3667/1519/347 3670/1524/350 
f 3639/1483/319 3670/1524/350 3673/1529/353 
f 3639/1483/319 3673/1529/353 3640/1484/320 
f 75/101/410 3688/104/410 72/103/410 
f 72/103/410 71/102/410 75/101/410 
f 72/103/411 3688/104/411 3689/117/411 
f 72/103/411 3689/117/411 77/116/411 
f 72/103/411 77/116/411 76/115/411 
f 77/116/410 3689/117/410 3690/124/410 
f 77/116/410 3690/124/410 81/123/410 
f 77/116/410 81/123/410 80/122/410 
f 81/123/410 3690/124/410 3691/127/410 
f 81/123/410 3691/127/410 86/126/410 
f 81/123/410 86/126/410 85/125/410 
f 86/126/410 3691/127/410 3692/134/410 
f 86/126/410 3692/134/410 92/133/410 
f 86/126/410 92/133/410 91/132/410 
f 92/133/410 3692/134/410 3693/141/410 
f 92/133/410 3693/141/410 97/140/410 
f 92/133/410 97/140/410 96/139/410 
f 97/140/410 3693/141/410 3694/148/410 
f 97/140/410 3694/148/410 102/147/410 
f 97/140/410 102/147/410 101/146/410 
f 3695/1583/412 3696/1584/413 3697/1585/413 
f 3697/1585/413 3698/1586/412 3695/1583/412 
f 3699/1587/414 3700/1588/415 3701/1589/415 
f 3701/1589/415 3702/1590/414 3699/1587/414 
f 3695/1591/412 3698/1592/412 3699/1587/414 
f 3699/1587/414 3702/1590/414 3695/1591/412 
f 3697/1585/413 3696/1584/413 3701/1589/415 
f 3701/1589/415 3700/1588/415 3697/1585/413 
f 3703/1583/412 3704/1584/413 3705/1585/413 
f 3705/1585/413 3706/1586/412 3703/1583/412 
f 3707/1587/414 3708/1588/415 3709/1589/415 
f 3709/1589/415 3710/1590/414 3707/1587/414 
f 3703/1591/412 3706/1592/412 3707/1587/414 
f 3707/1587/414 3710/1590/414 3703/1591/412 
f 3705/1585/413 3704/1584/413 3709/1589/415 
f 3709/1589/415 3708/1588/415 3705/1585/413 
f 3711/1583/412 3712/1584/413 3713/1585/413 
f 3713/1585/413 3714/1586/412 3711/1583/412 
f 3715/1587/414 3716/1588/415 3717/1589/415 
f 3717/1589/415 3718/1590/414 3715/1587/414 
f 3711/1591/412 3714/1592/412 3715/1587/414 
f 3715/1587/414 3718/1590/414 3711/1591/412 
f 3713/1585/413 3712/1584/413 3717/1589/415 
f 3717/1589/415 3716/1588/415 3713/1585/413 
f 3719/1583/412 3720/1584/413 3721/1585/413 
f 3721/1585/413 3722/1586/412 3719/1583/412 
f 3723/1587/414 3724/1588/415 3725/1589/415 
f 3725/1589/415 3726/1590/414 3723/1587/414 
f 3719/1591/412 3722/1592/412 3723/1587/414 
f 3723/1587/414 3726/1590/414 3719/1591/412 
f 3721/1585/413 3720/1584/413 3725/1589/415 
f 3725/1589/415 3724/1588/415 3721/1585/413 
f 3727/1583/412 3728/1584/413 3729/1585/413 
f 3729/1585/413 3730/1586/412 3727/1583/412 
f 3731/1587/414 3732/1588/415 3733/1589/415 
f 3733/1589/415 3734/1590/414 3731/1587/414 
f 3727/1591/412 3730/1592/412 3731/1587/414 
f 3731/1587/414 3734/1590/414 3727/1591/412 
f 3729/1585/413 3728/1584/413 3733/1589/415 
f 3733/1589/415 3732/1588/415 3729/1585/413 
f 3735/1583/412 3736/1584/413 3737/1585/413 
f 3737/1585/413 3738/1586/412 3735/1583/412 
f 3739/1587/414 3740/1588/415 3741/1589/415 
f 3741/1589/415 3742/1590/414 3739/1587/414 
f 3735/1591/412 3738/1592/412 3739/1587/414 
f 3739/1587/414 3742/1590/414 3735/1591/412 
f 3737/1585/413 3736/1584/413 3741/1589/415 
f 3741/1589/415 3740/1588/415 3737/1585/413 
f 3743/1583/412 3744/1584/413 3745/1585/413 
f 3745/1585/413 3746/1586/412 3743/1583/412 
f 3747/1587/414 3748/1588/415 3749/1589/415 
f 3749/1589/415 3750/1590/414 3747/1587/414 
f 3743/1591/412 3746/1592/412 3747/1587/414 
f 3747/1587/414 3750/1590/414 3743/1591/412 
f 3745/1585/413 3744/1584/413 3749/1589/415 
f 3749/1589/415 3748/1588/415 3745/1585/413 
f 3751/1583/412 3752/1584/413 3753/1585/413 
f 3753/1585/413 3754/1586/412 3751/1583/412 
f 3755/1587/414 3756/1588/415 3757/1589/415 
f 3757/1589/415 3758/1590/414 3755/1587/414 
f 3751/1591/412 3754/1592/412 3755/1587/414 
f 3755/1587/414 3758/1590/414 3751/1591/412 
f 3753/1585/413 3752/1584/413 3757/1589/415 
f 3757/1589/415 3756/1588/415 3753/1585/413 
f 3759/1593/416 3760/1594/417 3761/1595/418 
f 3761/1595/418 3762/1596/419 3759/1593/416 
f 3763/1597/420 3764/1598/421 3765/1599/422 
f 3765/1599/422 3766/1600/423 3763/1597/420 
f 3767/1601/424 3768/1602/425 3769/1603/426 
f 3769/1603/426 3770/1604/427 3767/1601/424 
f 3771/1605/428 3772/1606/429 3773/1607/430 
f 3773/1607/430 3774/1608/431 3771/1605/428 
f 3773/1607/430 3768/1609/425 3775/1610/432 
f 3775/1610/432 3776/1611/433 3773/1607/430 
f 3777/1612/434 3762/1613/419 3771/1605/428 
f 3761/1614/418 3769/1615/426 3772/1606/429 
f 3778/1616/435 3766/1600/423 3759/1593/416 
f 3770/1604/427 3760/1594/417 3765/1599/422 
f 3779/1617/436 3777/1612/434 3771/1605/428 
f 3771/1605/428 3774/1608/431 3779/1617/436 
f 3762/1613/419 3761/1614/418 3772/1606/429 
f 3772/1606/429 3771/1605/428 3762/1613/419 
f 3769/1615/426 3768/1609/425 3773/1607/430 
f 3773/1607/430 3772/1606/429 3769/1615/426 
f 3778/1616/435 3780/1618/437 3763/1597/420 
f 3763/1597/420 3766/1600/423 3778/1616/435 
f 3767/1601/424 3770/1604/427 3765/1599/422 
f 3765/1599/422 3764/1598/421 3767/1601/424 
f 3760/1594/417 3759/1593/416 3766/1600/423 
f 3766/1600/423 3765/1599/422 3760/1594/417 
f 3777/1612/434 3778/1616/435 3759/1593/416 
f 3759/1593/416 3762/1596/419 3777/1612/434 
f 3770/1604/427 3769/1603/426 3761/1595/418 
f 3761/1595/418 3760/1594/417 3770/1604/427 
f 3779/1617/436 3780/1618/437 3778/1616/435 
f 3778/1616/435 3777/1612/434 3779/1617/436 
f 3781/1619/438 3782/1620/439 3783/1621/440 
f 3783/1621/440 3784/1622/441 3781/1619/438 
f 3768/1602/425 3767/1601/424 3785/1623/442 
f 3785/1623/442 3775/1624/432 3768/1602/425 
f 3779/1617/436 3774/1608/431 3786/1625/443 
f 3786/1625/443 3782/1620/439 3779/1617/436 
f 3767/1601/424 3764/1598/421 3787/1626/444 
f 3787/1626/444 3785/1623/442 3767/1601/424 
f 3780/1618/437 3779/1617/436 3782/1620/439 
f 3782/1620/439 3781/1619/438 3780/1618/437 
f 3763/1597/420 3780/1618/437 3781/1619/438 
f 3781/1619/438 3788/1627/445 3763/1597/420 
f 3764/1598/421 3763/1597/420 3788/1627/445 
f 3788/1627/445 3787/1626/444 3764/1598/421 
f 3774/1608/431 3773/1607/430 3776/1611/433 
f 3776/1611/433 3786/1625/443 3774/1608/431 
f 3789/1628/446 3790/1629/447 3791/1630/448 
f 3791/1630/448 3792/1631/449 3789/1628/446 
f 3788/1627/445 3781/1619/438 3784/1622/441 
f 3784/1622/441 3793/1632/450 3788/1627/445 
f 3782/1620/439 3786/1625/443 3794/1633/451 
f 3794/1633/451 3783/1621/440 3782/1620/439 
f 3787/1626/444 3788/1627/445 3793/1632/450 
f 3793/1632/450 3795/1634/452 3787/1626/444 
f 3786/1625/443 3776/1611/433 3796/1635/453 
f 3796/1635/453 3794/1633/451 3786/1625/443 
f 3785/1623/442 3787/1626/444 3795/1634/452 
f 3795/1634/452 3790/1636/447 3785/1623/442 
f 3776/1611/433 3775/1610/432 3789/1637/446 
f 3789/1637/446 3796/1635/453 3776/1611/433 
f 3775/1624/432 3785/1623/442 3790/1636/447 
f 3790/1636/447 3789/1638/446 3775/1624/432 
f 3797/1639/454 3798/1640/455 3799/1641/456 
f 3797/1639/454 3799/1641/456 3792/1631/449 
f 3797/1639/454 3792/1631/449 3791/1630/448 
f 3797/1639/454 3791/1630/448 3800/1642/457 
f 3797/1639/454 3800/1642/457 3801/1643/458 
f 3797/1639/454 3801/1643/458 3802/1644/459 
f 3784/1645/441 3783/1646/440 3797/1639/454 
f 3797/1639/454 3802/1644/459 3784/1645/441 
f 3793/1647/450 3784/1645/441 3802/1644/459 
f 3802/1644/459 3801/1643/458 3793/1647/450 
f 3783/1646/440 3794/1648/451 3798/1640/455 
f 3798/1640/455 3797/1639/454 3783/1646/440 
f 3795/1649/452 3793/1647/450 3801/1643/458 
f 3801/1643/458 3800/1642/457 3795/1649/452 
f 3794/1648/451 3796/1650/453 3799/1641/456 
f 3799/1641/456 3798/1640/455 3794/1648/451 
f 3790/1629/447 3795/1649/452 3800/1642/457 
f 3800/1642/457 3791/1630/448 3790/1629/447 
f 3796/1650/453 3789/1628/446 3792/1631/449 
f 3792/1631/449 3799/1641/456 3796/1650/453 
f 3803/1651/460 3804/1652/461 3805/1653/462 
f 3805/1653/462 3806/1654/463 3803/1651/460 
f 3807/1655/464 3808/1656/465 3804/1652/461 
f 3804/1652/461 3803/1651/460 3807/1655/464 
f 3809/1657/466 3807/1658/464 3803/1651/460 
f 3803/1651/460 3806/1654/463 3809/1657/466 
f 3810/1659/467 3809/1660/466 3806/1654/463 
f 3806/1654/463 3805/1653/462 3810/1659/467 
f 3808/1661/465 3810/1662/467 3805/1653/462 
f 3805/1653/462 3804/1652/461 3808/1661/465 
f 3811/1663/253 3812/1664/250 3813/1665/468 
f 3813/1665/468 3814/1666/469 3811/1663/253 
f 3815/1667/470 3816/1668/471 3817/1669/472 
f 3817/1669/472 3818/1670/473 3815/1667/470 
f 3812/1664/250 3811/1663/253 3818/1670/473 
f 3818/1670/473 3817/1671/472 3812/1664/250 
f 3819/1672/474 3812/1673/250 3817/1674/472 
f 3817/1674/472 3816/1675/471 3819/1672/474 
f 3820/1676/475 3821/1677/476 3822/1678/477 
f 3822/1678/477 3823/1679/478 3820/1676/475 
f 3824/1680/479 3820/1676/475 3823/1679/478 
f 3823/1679/478 3825/1681/470 3824/1680/479 
f 3811/1663/253 3826/1682/480 3815/1667/470 
f 3815/1667/470 3818/1670/473 3811/1663/253 
f 3827/1683/481 3819/1672/474 3816/1675/471 
f 3816/1675/471 3828/1684/471 3827/1683/481 
f 3825/1681/470 3828/1685/471 3816/1668/471 
f 3816/1668/471 3815/1667/470 3825/1681/470 
f 3824/1680/479 3826/1682/480 3819/1672/474 
f 3819/1672/474 3827/1683/481 3824/1680/479 
f 3829/1686/482 3814/1666/469 3813/1687/468 
f 3813/1687/468 3830/1688/483 3829/1686/482 
f 3826/1682/480 3811/1663/253 3814/1666/469 
f 3814/1666/469 3829/1686/482 3826/1682/480 
f 3812/1673/250 3819/1672/474 3830/1688/483 
f 3830/1688/483 3813/1687/468 3812/1673/250 
f 3819/1672/474 3826/1682/480 3829/1686/482 
f 3829/1686/482 3830/1688/483 3819/1672/474 
f 3827/1683/481 3821/1689/476 3831/1690/484 
f 3831/1690/484 3832/1691/485 3827/1683/481 
f 3823/1679/478 3822/1678/477 3828/1685/471 
f 3828/1685/471 3825/1681/470 3823/1679/478 
f 3821/1689/476 3827/1683/481 3828/1684/471 
f 3828/1684/471 3822/1692/477 3821/1689/476 
f 3826/1682/480 3824/1680/479 3825/1681/470 
f 3825/1681/470 3815/1667/470 3826/1682/480 
f 3833/1693/486 3832/1691/485 3834/1694/487 
f 3834/1694/487 3835/1695/488 3833/1693/486 
f 3821/1677/476 3820/1676/475 3836/1696/489 
f 3836/1696/489 3831/1697/484 3821/1677/476 
f 3824/1680/479 3827/1683/481 3832/1691/485 
f 3832/1691/485 3833/1693/486 3824/1680/479 
f 3820/1676/475 3824/1680/479 3833/1693/486 
f 3833/1693/486 3836/1696/489 3820/1676/475 
f 3831/1697/484 3836/1696/489 3837/1698/490 
f 3837/1698/490 3838/1699/491 3831/1697/484 
f 3836/1696/489 3833/1693/486 3835/1695/488 
f 3835/1695/488 3837/1698/490 3836/1696/489 
f 3832/1691/485 3831/1690/484 3838/1700/491 
f 3838/1700/491 3834/1694/487 3832/1691/485 
f 3839/1593/416 3840/1594/417 3841/1595/418 
f 3841/1595/418 3842/1596/419 3839/1593/416 
f 3843/1597/420 3844/1598/421 3845/1599/422 
f 3845/1599/422 3846/1600/423 3843/1597/420 
f 3847/1601/424 3848/1602/425 3849/1603/426 
f 3849/1603/426 3850/1604/427 3847/1601/424 
f 3851/1605/428 3852/1606/429 3853/1607/430 
f 3853/1607/430 3854/1608/431 3851/1605/428 
f 3853/1607/430 3848/1609/425 3855/1610/432 
f 3855/1610/432 3856/1611/433 3853/1607/430 
f 3857/1612/434 3842/1613/419 3851/1605/428 
f 3841/1614/418 3849/1615/426 3852/1606/429 
f 3858/1616/435 3846/1600/423 3839/1593/416 
f 3850/1604/427 3840/1594/417 3845/1599/422 
f 3859/1617/436 3857/1612/434 3851/1605/428 
f 3851/1605/428 3854/1608/431 3859/1617/436 
f 3842/1613/419 3841/1614/418 3852/1606/429 
f 3852/1606/429 3851/1605/428 3842/1613/419 
f 3849/1615/426 3848/1609/425 3853/1607/430 
f 3853/1607/430 3852/1606/429 3849/1615/426 
f 3858/1616/435 3860/1618/437 3843/1597/420 
f 3843/1597/420 3846/1600/423 3858/1616/435 
f 3847/1601/424 3850/1604/427 3845/1599/422 
f 3845/1599/422 3844/1598/421 3847/1601/424 
f 3840/1594/417 3839/1593/416 3846/1600/423 
f 3846/1600/423 3845/1599/422 3840/1594/417 
f 3857/1612/434 3858/1616/435 3839/1593/416 
f 3839/1593/416 3842/1596/419 3857/1612/434 
f 3850/1604/427 3849/1603/426 3841/1595/418 
f 3841/1595/418 3840/1594/417 3850/1604/427 
f 3859/1617/436 3860/1618/437 3858/1616/435 
f 3858/1616/435 3857/1612/434 3859/1617/436 
f 3861/1619/438 3862/1620/439 3863/1621/440 
f 3863/1621/440 3864/1622/441 3861/1619/438 
f 3848/1602/425 3847/1601/424 3865/1623/492 
f 3865/1623/492 3855/1624/432 3848/1602/425 
f 3859/1617/436 3854/1608/431 3866/1625/443 
f 3866/1625/443 3862/1620/439 3859/1617/436 
f 3847/1601/424 3844/1598/421 3867/1626/444 
f 3867/1626/444 3865/1623/492 3847/1601/424 
f 3860/1618/437 3859/1617/436 3862/1620/439 
f 3862/1620/439 3861/1619/438 3860/1618/437 
f 3843/1597/420 3860/1618/437 3861/1619/438 
f 3861/1619/438 3868/1627/445 3843/1597/420 
f 3844/1598/421 3843/1597/420 3868/1627/445 
f 3868/1627/445 3867/1626/444 3844/1598/421 
f 3854/1608/431 3853/1607/430 3856/1611/433 
f 3856/1611/433 3866/1625/443 3854/1608/431 
f 3869/1628/493 3870/1629/447 3871/1630/448 
f 3871/1630/448 3872/1631/449 3869/1628/493 
f 3868/1627/445 3861/1619/438 3864/1622/441 
f 3864/1622/441 3873/1632/450 3868/1627/445 
f 3862/1620/439 3866/1625/443 3874/1633/451 
f 3874/1633/451 3863/1621/440 3862/1620/439 
f 3867/1626/444 3868/1627/445 3873/1632/450 
f 3873/1632/450 3875/1634/452 3867/1626/444 
f 3866/1625/443 3856/1611/433 3876/1635/453 
f 3876/1635/453 3874/1633/451 3866/1625/443 
f 3865/1623/492 3867/1626/444 3875/1634/452 
f 3875/1634/452 3870/1636/447 3865/1623/492 
f 3856/1611/433 3855/1610/432 3869/1637/493 
f 3869/1637/493 3876/1635/453 3856/1611/433 
f 3855/1624/432 3865/1623/492 3870/1636/447 
f 3870/1636/447 3869/1638/493 3855/1624/432 
f 3877/1639/454 3878/1640/455 3879/1641/456 
f 3877/1639/454 3879/1641/456 3872/1631/449 
f 3877/1639/454 3872/1631/449 3871/1630/448 
f 3877/1639/454 3871/1630/448 3880/1642/457 
f 3877/1639/454 3880/1642/457 3881/1643/458 
f 3877/1639/454 3881/1643/458 3882/1644/459 
f 3864/1645/441 3863/1646/440 3877/1639/454 
f 3877/1639/454 3882/1644/459 3864/1645/441 
f 3873/1647/450 3864/1645/441 3882/1644/459 
f 3882/1644/459 3881/1643/458 3873/1647/450 
f 3863/1646/440 3874/1648/451 3878/1640/455 
f 3878/1640/455 3877/1639/454 3863/1646/440 
f 3875/1649/452 3873/1647/450 3881/1643/458 
f 3881/1643/458 3880/1642/457 3875/1649/452 
f 3874/1648/451 3876/1650/453 3879/1641/456 
f 3879/1641/456 3878/1640/455 3874/1648/451 
f 3870/1629/447 3875/1649/452 3880/1642/457 
f 3880/1642/457 3871/1630/448 3870/1629/447 
f 3876/1650/453 3869/1628/493 3872/1631/449 
f 3872/1631/449 3879/1641/456 3876/1650/453 
f 3883/1651/460 3884/1652/461 3885/1653/462 
f 3885/1653/462 3886/1654/463 3883/1651/460 
f 3887/1655/464 3888/1656/465 3884/1652/461 
f 3884/1652/461 3883/1651/460 3887/1655/464 
f 3889/1657/466 3887/1658/464 3883/1651/460 
f 3883/1651/460 3886/1654/463 3889/1657/466 
f 3890/1659/467 3889/1660/466 3886/1654/463 
f 3886/1654/463 3885/1653/462 3890/1659/467 
f 3888/1661/465 3890/1662/467 3885/1653/462 
f 3885/1653/462 3884/1652/461 3888/1661/465 
f 3891/1663/253 3892/1664/250 3893/1665/468 
f 3893/1665/468 3894/1666/469 3891/1663/253 
f 3895/1667/470 3896/1668/471 3897/1669/472 
f 3897/1669/472 3898/1670/473 3895/1667/470 
f 3892/1664/250 3891/1663/253 3898/1670/473 
f 3898/1670/473 3897/1671/472 3892/1664/250 
f 3899/1672/474 3892/1673/250 3897/1674/472 
f 3897/1674/472 3896/1675/471 3899/1672/474 
f 3900/1676/475 3901/1677/476 3902/1678/477 
f 3902/1678/477 3903/1679/478 3900/1676/475 
f 3904/1680/479 3900/1676/475 3903/1679/478 
f 3903/1679/478 3905/1681/470 3904/1680/479 
f 3891/1663/253 3906/1682/480 3895/1667/470 
f 3895/1667/470 3898/1670/473 3891/1663/253 
f 3907/1683/481 3899/1672/474 3896/1675/471 
f 3896/1675/471 3908/1684/471 3907/1683/481 
f 3905/1681/470 3908/1685/471 3896/1668/471 
f 3896/1668/471 3895/1667/470 3905/1681/470 
f 3904/1680/479 3906/1682/480 3899/1672/474 
f 3899/1672/474 3907/1683/481 3904/1680/479 
f 3909/1686/482 3894/1666/469 3893/1687/468 
f 3893/1687/468 3910/1688/483 3909/1686/482 
f 3906/1682/480 3891/1663/253 3894/1666/469 
f 3894/1666/469 3909/1686/482 3906/1682/480 
f 3892/1673/250 3899/1672/474 3910/1688/483 
f 3910/1688/483 3893/1687/468 3892/1673/250 
f 3899/1672/474 3906/1682/480 3909/1686/482 
f 3909/1686/482 3910/1688/483 3899/1672/474 
f 3907/1683/481 3901/1689/476 3911/1690/484 
f 3911/1690/484 3912/1691/485 3907/1683/481 
f 3903/1679/478 3902/1678/477 3908/1685/471 
f 3908/1685/471 3905/1681/470 3903/1679/478 
f 3901/1689/476 3907/1683/481 3908/1684/471 
f 3908/1684/471 3902/1692/477 3901/1689/476 
f 3906/1682/480 3904/1680/479 3905/1681/470 
f 3905/1681/470 3895/1667/470 3906/1682/480 
f 3913/1693/486 3912/1691/485 3914/1694/487 
f 3914/1694/487 3915/1695/488 3913/1693/486 
f 3901/1677/476 3900/1676/475 3916/1696/489 
f 3916/1696/489 3911/1697/484 3901/1677/476 
f 3904/1680/479 3907/1683/481 3912/1691/485 
f 3912/1691/485 3913/1693/486 3904/1680/479 
f 3900/1676/475 3904/1680/479 3913/1693/486 
f 3913/1693/486 3916/1696/489 3900/1676/475 
f 3911/1697/484 3916/1696/489 3917/1698/490 
f 3917/1698/490 3918/1699/491 3911/1697/484 
f 3916/1696/489 3913/1693/486 3915/1695/488 
f 3915/1695/488 3917/1698/490 3916/1696/489 
f 3912/1691/485 3911/1690/484 3918/1700/491 
f 3918/1700/491 3914/1694/487 3912/1691/485 
f 3919/1593/416 3920/1594/417 3921/1595/418 
f 3921/1595/418 3922/1596/419 3919/1593/416 
f 3923/1597/420 3924/1598/421 3925/1599/422 
f 3925/1599/422 3926/1600/423 3923/1597/420 
f 3927/1601/424 3928/1602/425 3929/1603/426 
f 3929/1603/426 3930/1604/427 3927/1601/424 
f 3931/1605/428 3932/1606/429 3933/1607/430 
f 3933/1607/430 3934/1608/431 3931/1605/428 
f 3933/1607/430 3928/1609/425 3935/1610/432 
f 3935/1610/432 3936/1611/433 3933/1607/430 
f 3937/1612/434 3922/1613/419 3931/1605/428 
f 3921/1614/418 3929/1615/426 3932/1606/429 
f 3938/1616/435 3926/1600/423 3919/1593/416 
f 3930/1604/427 3920/1594/417 3925/1599/422 
f 3939/1617/436 3937/1612/434 3931/1605/428 
f 3931/1605/428 3934/1608/431 3939/1617/436 
f 3922/1613/419 3921/1614/418 3932/1606/429 
f 3932/1606/429 3931/1605/428 3922/1613/419 
f 3929/1615/426 3928/1609/425 3933/1607/430 
f 3933/1607/430 3932/1606/429 3929/1615/426 
f 3938/1616/435 3940/1618/437 3923/1597/420 
f 3923/1597/420 3926/1600/423 3938/1616/435 
f 3927/1601/424 3930/1604/427 3925/1599/422 
f 3925/1599/422 3924/1598/421 3927/1601/424 
f 3920/1594/417 3919/1593/416 3926/1600/423 
f 3926/1600/423 3925/1599/422 3920/1594/417 
f 3937/1612/434 3938/1616/435 3919/1593/416 
f 3919/1593/416 3922/1596/419 3937/1612/434 
f 3930/1604/427 3929/1603/426 3921/1595/418 
f 3921/1595/418 3920/1594/417 3930/1604/427 
f 3939/1617/436 3940/1618/437 3938/1616/435 
f 3938/1616/435 3937/1612/434 3939/1617/436 
f 3941/1619/438 3942/1620/439 3943/1621/440 
f 3943/1621/440 3944/1622/441 3941/1619/438 
f 3928/1602/425 3927/1601/424 3945/1623/492 
f 3945/1623/492 3935/1624/432 3928/1602/425 
f 3939/1617/436 3934/1608/431 3946/1625/443 
f 3946/1625/443 3942/1620/439 3939/1617/436 
f 3927/1601/424 3924/1598/421 3947/1626/444 
f 3947/1626/444 3945/1623/492 3927/1601/424 
f 3940/1618/437 3939/1617/436 3942/1620/439 
f 3942/1620/439 3941/1619/438 3940/1618/437 
f 3923/1597/420 3940/1618/437 3941/1619/438 
f 3941/1619/438 3948/1627/445 3923/1597/420 
f 3924/1598/421 3923/1597/420 3948/1627/445 
f 3948/1627/445 3947/1626/444 3924/1598/421 
f 3934/1608/431 3933/1607/430 3936/1611/433 
f 3936/1611/433 3946/1625/443 3934/1608/431 
f 3949/1628/493 3950/1629/447 3951/1630/448 
f 3951/1630/448 3952/1631/449 3949/1628/493 
f 3948/1627/445 3941/1619/438 3944/1622/441 
f 3944/1622/441 3953/1632/450 3948/1627/445 
f 3942/1620/439 3946/1625/443 3954/1633/451 
f 3954/1633/451 3943/1621/440 3942/1620/439 
f 3947/1626/444 3948/1627/445 3953/1632/450 
f 3953/1632/450 3955/1634/452 3947/1626/444 
f 3946/1625/443 3936/1611/433 3956/1635/453 
f 3956/1635/453 3954/1633/451 3946/1625/443 
f 3945/1623/492 3947/1626/444 3955/1634/452 
f 3955/1634/452 3950/1636/447 3945/1623/492 
f 3936/1611/433 3935/1610/432 3949/1637/493 
f 3949/1637/493 3956/1635/453 3936/1611/433 
f 3935/1624/432 3945/1623/492 3950/1636/447 
f 3950/1636/447 3949/1638/493 3935/1624/432 
f 3957/1639/454 3958/1640/455 3959/1641/456 
f 3957/1639/454 3959/1641/456 3952/1631/449 
f 3957/1639/454 3952/1631/449 3951/1630/448 
f 3957/1639/454 3951/1630/448 3960/1642/457 
f 3957/1639/454 3960/1642/457 3961/1643/458 
f 3957/1639/454 3961/1643/458 3962/1644/459 
f 3944/1645/441 3943/1646/440 3957/1639/454 
f 3957/1639/454 3962/1644/459 3944/1645/441 
f 3953/1647/450 3944/1645/441 3962/1644/459 
f 3962/1644/459 3961/1643/458 3953/1647/450 
f 3943/1646/440 3954/1648/451 3958/1640/455 
f 3958/1640/455 3957/1639/454 3943/1646/440 
f 3955/1649/452 3953/1647/450 3961/1643/458 
f 3961/1643/458 3960/1642/457 3955/1649/452 
f 3954/1648/451 3956/1650/453 3959/1641/456 
f 3959/1641/456 3958/1640/455 3954/1648/451 
f 3950/1629/447 3955/1649/452 3960/1642/457 
f 3960/1642/457 3951/1630/448 3950/1629/447 
f 3956/1650/453 3949/1628/493 3952/1631/449 
f 3952/1631/449 3959/1641/456 3956/1650/453 
f 3963/1651/460 3964/1652/461 3965/1653/462 
f 3965/1653/462 3966/1654/463 3963/1651/460 
f 3967/1655/464 3968/1656/465 3964/1652/461 
f 3964/1652/461 3963/1651/460 3967/1655/464 
f 3969/1657/466 3967/1658/464 3963/1651/460 
f 3963/1651/460 3966/1654/463 3969/1657/466 
f 3970/1659/467 3969/1660/466 3966/1654/463 
f 3966/1654/463 3965/1653/462 3970/1659/467 
f 3968/1661/465 3970/1662/467 3965/1653/462 
f 3965/1653/462 3964/1652/461 3968/1661/465 
f 3971/1663/253 3972/1664/250 3973/1665/468 
f 3973/1665/468 3974/1666/469 3971/1663/253 
f 3975/1667/470 3976/1668/471 3977/1669/472 
f 3977/1669/472 3978/1670/473 3975/1667/470 
f 3972/1664/250 3971/1663/253 3978/1670/473 
f 3978/1670/473 3977/1671/472 3972/1664/250 
f 3979/1672/474 3972/1673/250 3977/1674/472 
f 3977/1674/472 3976/1675/471 3979/1672/474 
f 3980/1676/475 3981/1677/476 3982/1678/477 
f 3982/1678/477 3983/1679/478 3980/1676/475 
f 3984/1680/479 3980/1676/475 3983/1679/478 
f 3983/1679/478 3985/1681/470 3984/1680/479 
f 3971/1663/253 3986/1682/480 3975/1667/470 
f 3975/1667/470 3978/1670/473 3971/1663/253 
f 3987/1683/481 3979/1672/474 3976/1675/471 
f 3976/1675/471 3988/1684/471 3987/1683/481 
f 3985/1681/470 3988/1685/471 3976/1668/471 
f 3976/1668/471 3975/1667/470 3985/1681/470 
f 3984/1680/479 3986/1682/480 3979/1672/474 
f 3979/1672/474 3987/1683/481 3984/1680/479 
f 3989/1686/482 3974/1666/469 3973/1687/468 
f 3973/1687/468 3990/1688/483 3989/1686/482 
f 3986/1682/480 3971/1663/253 3974/1666/469 
f 3974/1666/469 3989/1686/482 3986/1682/480 
f 3972/1673/250 3979/1672/474 3990/1688/483 
f 3990/1688/483 3973/1687/468 3972/1673/250 
f 3979/1672/474 3986/1682/480 3989/1686/482 
f 3989/1686/482 3990/1688/483 3979/1672/474 
f 3987/1683/481 3981/1689/476 3991/1690/484 
f 3991/1690/484 3992/1691/485 3987/1683/481 
f 3983/1679/478 3982/1678/477 3988/1685/471 
f 3988/1685/471 3985/1681/470 3983/1679/478 
f 3981/1689/476 3987/1683/481 3988/1684/471 
f 3988/1684/471 3982/1692/477 3981/1689/476 
f 3986/1682/480 3984/1680/479 3985/1681/470 
f 3985/1681/470 3975/1667/470 3986/1682/480 
f 3993/1693/486 3992/1691/485 3994/1694/487 
f 3994/1694/487 3995/1695/488 3993/1693/486 
f 3981/1677/476 3980/1676/475 3996/1696/489 
f 3996/1696/489 3991/1697/484 3981/1677/476 
f 3984/1680/479 3987/1683/481 3992/1691/485 
f 3992/1691/485 3993/1693/486 3984/1680/479 
f 3980/1676/475 3984/1680/479 3993/1693/486 
f 3993/1693/486 3996/1696/489 3980/1676/475 
f 3991/1697/484 3996/1696/489 3997/1698/490 
f 3997/1698/490 3998/1699/491 3991/1697/484 
f 3996/1696/489 3993/1693/486 3995/1695/488 
f 3995/1695/488 3997/1698/490 3996/1696/489 
f 3992/1691/485 3991/1690/484 3998/1700/491 
f 3998/1700/491 3994/1694/487 3992/1691/485 
f 3999/1593/416 4000/1594/417 4001/1595/418 
f 4001/1595/418 4002/1596/419 3999/1593/416 
f 4003/1597/420 4004/1598/421 4005/1599/422 
f 4005/1599/422 4006/1600/423 4003/1597/420 
f 4007/1601/424 4008/1602/425 4009/1603/426 
f 4009/1603/426 4010/1604/427 4007/1601/424 
f 4011/1605/428 4012/1606/429 4013/1607/430 
f 4013/1607/430 4014/1608/431 4011/1605/428 
f 4013/1607/430 4008/1609/425 4015/1610/432 
f 4015/1610/432 4016/1611/433 4013/1607/430 
f 4017/1612/434 4002/1613/419 4011/1605/428 
f 4001/1614/418 4009/1615/426 4012/1606/429 
f 4018/1616/435 4006/1600/423 3999/1593/416 
f 4010/1604/427 4000/1594/417 4005/1599/422 
f 4019/1617/436 4017/1612/434 4011/1605/428 
f 4011/1605/428 4014/1608/431 4019/1617/436 
f 4002/1613/419 4001/1614/418 4012/1606/429 
f 4012/1606/429 4011/1605/428 4002/1613/419 
f 4009/1615/426 4008/1609/425 4013/1607/430 
f 4013/1607/430 4012/1606/429 4009/1615/426 
f 4018/1616/435 4020/1618/437 4003/1597/420 
f 4003/1597/420 4006/1600/423 4018/1616/435 
f 4007/1601/424 4010/1604/427 4005/1599/422 
f 4005/1599/422 4004/1598/421 4007/1601/424 
f 4000/1594/417 3999/1593/416 4006/1600/423 
f 4006/1600/423 4005/1599/422 4000/1594/417 
f 4017/1612/434 4018/1616/435 3999/1593/416 
f 3999/1593/416 4002/1596/419 4017/1612/434 
f 4010/1604/427 4009/1603/426 4001/1595/418 
f 4001/1595/418 4000/1594/417 4010/1604/427 
f 4019/1617/436 4020/1618/437 4018/1616/435 
f 4018/1616/435 4017/1612/434 4019/1617/436 
f 4021/1619/438 4022/1620/439 4023/1621/440 
f 4023/1621/440 4024/1622/441 4021/1619/438 
f 4008/1602/425 4007/1601/424 4025/1623/492 
f 4025/1623/492 4015/1624/432 4008/1602/425 
f 4019/1617/436 4014/1608/431 4026/1625/443 
f 4026/1625/443 4022/1620/439 4019/1617/436 
f 4007/1601/424 4004/1598/421 4027/1626/444 
f 4027/1626/444 4025/1623/492 4007/1601/424 
f 4020/1618/437 4019/1617/436 4022/1620/439 
f 4022/1620/439 4021/1619/438 4020/1618/437 
f 4003/1597/420 4020/1618/437 4021/1619/438 
f 4021/1619/438 4028/1627/445 4003/1597/420 
f 4004/1598/421 4003/1597/420 4028/1627/445 
f 4028/1627/445 4027/1626/444 4004/1598/421 
f 4014/1608/431 4013/1607/430 4016/1611/433 
f 4016/1611/433 4026/1625/443 4014/1608/431 
f 4029/1628/493 4030/1629/447 4031/1630/448 
f 4031/1630/448 4032/1631/449 4029/1628/493 
f 4028/1627/445 4021/1619/438 4024/1622/441 
f 4024/1622/441 4033/1632/450 4028/1627/445 
f 4022/1620/439 4026/1625/443 4034/1633/451 
f 4034/1633/451 4023/1621/440 4022/1620/439 
f 4027/1626/444 4028/1627/445 4033/1632/450 
f 4033/1632/450 4035/1634/452 4027/1626/444 
f 4026/1625/443 4016/1611/433 4036/1635/453 
f 4036/1635/453 4034/1633/451 4026/1625/443 
f 4025/1623/492 4027/1626/444 4035/1634/452 
f 4035/1634/452 4030/1636/447 4025/1623/492 
f 4016/1611/433 4015/1610/432 4029/1637/493 
f 4029/1637/493 4036/1635/453 4016/1611/433 
f 4015/1624/432 4025/1623/492 4030/1636/447 
f 4030/1636/447 4029/1638/493 4015/1624/432 
f 4037/1639/454 4038/1640/455 4039/1641/456 
f 4037/1639/454 4039/1641/456 4032/1631/449 
f 4037/1639/454 4032/1631/449 4031/1630/448 
f 4037/1639/454 4031/1630/448 4040/1642/457 
f 4037/1639/454 4040/1642/457 4041/1643/458 
f 4037/1639/454 4041/1643/458 4042/1644/459 
f 4024/1645/441 4023/1646/440 4037/1639/454 
f 4037/1639/454 4042/1644/459 4024/1645/441 
f 4033/1647/450 4024/1645/441 4042/1644/459 
f 4042/1644/459 4041/1643/458 4033/1647/450 
f 4023/1646/440 4034/1648/451 4038/1640/455 
f 4038/1640/455 4037/1639/454 4023/1646/440 
f 4035/1649/452 4033/1647/450 4041/1643/458 
f 4041/1643/458 4040/1642/457 4035/1649/452 
f 4034/1648/451 4036/1650/453 4039/1641/456 
f 4039/1641/456 4038/1640/455 4034/1648/451 
f 4030/1629/447 4035/1649/452 4040/1642/457 
f 4040/1642/457 4031/1630/448 4030/1629/447 
f 4036/1650/453 4029/1628/493 4032/1631/449 
f 4032/1631/449 4039/1641/456 4036/1650/453 
f 4043/1651/460 4044/1652/461 4045/1653/462 
f 4045/1653/462 4046/1654/463 4043/1651/460 
f 4047/1655/464 4048/1656/465 4044/1652/461 
f 4044/1652/461 4043/1651/460 4047/1655/464 
f 4049/1657/466 4047/1658/464 4043/1651/460 
f 4043/1651/460 4046/1654/463 4049/1657/466 
f 4050/1659/467 4049/1660/466 4046/1654/463 
f 4046/1654/463 4045/1653/462 4050/1659/467 
f 4048/1661/465 4050/1662/467 4045/1653/462 
f 4045/1653/462 4044/1652/461 4048/1661/465 
f 4051/1663/253 4052/1664/250 4053/1665/468 
f 4053/1665/468 4054/1666/469 4051/1663/253 
f 4055/1667/470 4056/1668/471 4057/1669/472 
f 4057/1669/472 4058/1670/473 4055/1667/470 
f 4052/1664/250 4051/1663/253 4058/1670/473 
f 4058/1670/473 4057/1671/472 4052/1664/250 
f 4059/1672/474 4052/1673/250 4057/1674/472 
f 4057/1674/472 4056/1675/471 4059/1672/474 
f 4060/1676/475 4061/1677/476 4062/1678/477 
f 4062/1678/477 4063/1679/478 4060/1676/475 
f 4064/1680/479 4060/1676/475 4063/1679/478 
f 4063/1679/478 4065/1681/470 4064/1680/479 
f 4051/1663/253 4066/1682/480 4055/1667/470 
f 4055/1667/470 4058/1670/473 4051/1663/253 
f 4067/1683/481 4059/1672/474 4056/1675/471 
f 4056/1675/471 4068/1684/471 4067/1683/481 
f 4065/1681/470 4068/1685/471 4056/1668/471 
f 4056/1668/471 4055/1667/470 4065/1681/470 
f 4064/1680/479 4066/1682/480 4059/1672/474 
f 4059/1672/474 4067/1683/481 4064/1680/479 
f 4069/1686/482 4054/1666/469 4053/1687/468 
f 4053/1687/468 4070/1688/483 4069/1686/482 
f 4066/1682/480 4051/1663/253 4054/1666/469 
f 4054/1666/469 4069/1686/482 4066/1682/480 
f 4052/1673/250 4059/1672/474 4070/1688/483 
f 4070/1688/483 4053/1687/468 4052/1673/250 
f 4059/1672/474 4066/1682/480 4069/1686/482 
f 4069/1686/482 4070/1688/483 4059/1672/474 
f 4067/1683/481 4061/1689/476 4071/1690/484 
f 4071/1690/484 4072/1691/485 4067/1683/481 
f 4063/1679/478 4062/1678/477 4068/1685/471 
f 4068/1685/471 4065/1681/470 4063/1679/478 
f 4061/1689/476 4067/1683/481 4068/1684/471 
f 4068/1684/471 4062/1692/477 4061/1689/476 
f 4066/1682/480 4064/1680/479 4065/1681/470 
f 4065/1681/470 4055/1667/470 4066/1682/480 
f 4073/1693/486 4072/1691/485 4074/1694/487 
f 4074/1694/487 4075/1695/488 4073/1693/486 
f 4061/1677/476 4060/1676/475 4076/1696/489 
f 4076/1696/489 4071/1697/484 4061/1677/476 
f 4064/1680/479 4067/1683/481 4072/1691/485 
f 4072/1691/485 4073/1693/486 4064/1680/479 
f 4060/1676/475 4064/1680/479 4073/1693/486 
f 4073/1693/486 4076/1696/489 4060/1676/475 
f 4071/1697/484 4076/1696/489 4077/1698/490 
f 4077/1698/490 4078/1699/491 4071/1697/484 
f 4076/1696/489 4073/1693/486 4075/1695/488 
f 4075/1695/488 4077/1698/490 4076/1696/489 
f 4072/1691/485 4071/1690/484 4078/1700/491 
f 4078/1700/491 4074/1694/487 4072/1691/485 
f 4079/1593/416 4080/1594/417 4081/1595/418 
f 4081/1595/418 4082/1596/419 4079/1593/416 
f 4083/1597/420 4084/1598/421 4085/1599/422 
f 4085/1599/422 4086/1600/423 4083/1597/420 
f 4087/1601/424 4088/1602/425 4089/1603/426 
f 4089/1603/426 4090/1604/427 4087/1601/424 
f 4091/1605/428 4092/1606/429 4093/1607/430 
f 4093/1607/430 4094/1608/431 4091/1605/428 
f 4093/1607/430 4088/1609/425 4095/1610/432 
f 4095/1610/432 4096/1611/433 4093/1607/430 
f 4097/1612/434 4082/1613/419 4091/1605/428 
f 4081/1614/418 4089/1615/426 4092/1606/429 
f 4098/1616/435 4086/1600/423 4079/1593/416 
f 4090/1604/427 4080/1594/417 4085/1599/422 
f 4099/1617/436 4097/1612/434 4091/1605/428 
f 4091/1605/428 4094/1608/431 4099/1617/436 
f 4082/1613/419 4081/1614/418 4092/1606/429 
f 4092/1606/429 4091/1605/428 4082/1613/419 
f 4089/1615/426 4088/1609/425 4093/1607/430 
f 4093/1607/430 4092/1606/429 4089/1615/426 
f 4098/1616/435 4100/1618/437 4083/1597/420 
f 4083/1597/420 4086/1600/423 4098/1616/435 
f 4087/1601/424 4090/1604/427 4085/1599/422 
f 4085/1599/422 4084/1598/421 4087/1601/424 
f 4080/1594/417 4079/1593/416 4086/1600/423 
f 4086/1600/423 4085/1599/422 4080/1594/417 
f 4097/1612/434 4098/1616/435 4079/1593/416 
f 4079/1593/416 4082/1596/419 4097/1612/434 
f 4090/1604/427 4089/1603/426 4081/1595/418 
f 4081/1595/418 4080/1594/417 4090/1604/427 
f 4099/1617/436 4100/1618/437 4098/1616/435 
f 4098/1616/435 4097/1612/434 4099/1617/436 
f 4101/1619/438 4102/1620/439 4103/1621/440 
f 4103/1621/440 4104/1622/441 4101/1619/438 
f 4088/1602/425 4087/1601/424 4105/1623/442 
f 4105/1623/442 4095/1624/432 4088/1602/425 
f 4099/1617/436 4094/1608/431 4106/1625/443 
f 4106/1625/443 4102/1620/439 4099/1617/436 
f 4087/1601/424 4084/1598/421 4107/1626/444 
f 4107/1626/444 4105/1623/442 4087/1601/424 
f 4100/1618/437 4099/1617/436 4102/1620/439 
f 4102/1620/439 4101/1619/438 4100/1618/437 
f 4083/1597/420 4100/1618/437 4101/1619/438 
f 4101/1619/438 4108/1627/445 4083/1597/420 
f 4084/1598/421 4083/1597/420 4108/1627/445 
f 4108/1627/445 4107/1626/444 4084/1598/421 
f 4094/1608/431 4093/1607/430 4096/1611/433 
f 4096/1611/433 4106/1625/443 4094/1608/431 
f 4109/1628/493 4110/1629/447 4111/1630/448 
f 4111/1630/448 4112/1631/449 4109/1628/493 
f 4108/1627/445 4101/1619/438 4104/1622/441 
f 4104/1622/441 4113/1632/450 4108/1627/445 
f 4102/1620/439 4106/1625/443 4114/1633/451 
f 4114/1633/451 4103/1621/440 4102/1620/439 
f 4107/1626/444 4108/1627/445 4113/1632/450 
f 4113/1632/450 4115/1634/452 4107/1626/444 
f 4106/1625/443 4096/1611/433 4116/1635/453 
f 4116/1635/453 4114/1633/451 4106/1625/443 
f 4105/1623/442 4107/1626/444 4115/1634/452 
f 4115/1634/452 4110/1636/447 4105/1623/442 
f 4096/1611/433 4095/1610/432 4109/1637/493 
f 4109/1637/493 4116/1635/453 4096/1611/433 
f 4095/1624/432 4105/1623/442 4110/1636/447 
f 4110/1636/447 4109/1638/493 4095/1624/432 
f 4117/1639/454 4118/1640/455 4119/1641/456 
f 4117/1639/454 4119/1641/456 4112/1631/449 
f 4117/1639/454 4112/1631/449 4111/1630/448 
f 4117/1639/454 4111/1630/448 4120/1642/457 
f 4117/1639/454 4120/1642/457 4121/1643/458 
f 4117/1639/454 4121/1643/458 4122/1644/459 
f 4104/1645/441 4103/1646/440 4117/1639/454 
f 4117/1639/454 4122/1644/459 4104/1645/441 
f 4113/1647/450 4104/1645/441 4122/1644/459 
f 4122/1644/459 4121/1643/458 4113/1647/450 
f 4103/1646/440 4114/1648/451 4118/1640/455 
f 4118/1640/455 4117/1639/454 4103/1646/440 
f 4115/1649/452 4113/1647/450 4121/1643/458 
f 4121/1643/458 4120/1642/457 4115/1649/452 
f 4114/1648/451 4116/1650/453 4119/1641/456 
f 4119/1641/456 4118/1640/455 4114/1648/451 
f 4110/1629/447 4115/1649/452 4120/1642/457 
f 4120/1642/457 4111/1630/448 4110/1629/447 
f 4116/1650/453 4109/1628/493 4112/1631/449 
f 4112/1631/449 4119/1641/456 4116/1650/453 
f 4123/1651/460 4124/1652/461 4125/1653/462 
f 4125/1653/462 4126/1654/463 4123/1651/460 
f 4127/1655/464 4128/1656/465 4124/1652/461 
f 4124/1652/461 4123/1651/460 4127/1655/464 
f 4129/1657/466 4127/1658/464 4123/1651/460 
f 4123/1651/460 4126/1654/463 4129/1657/466 
f 4130/1659/467 4129/1660/466 4126/1654/463 
f 4126/1654/463 4125/1653/462 4130/1659/467 
f 4128/1661/465 4130/1662/467 4125/1653/462 
f 4125/1653/462 4124/1652/461 4128/1661/465 
f 4131/1663/253 4132/1664/250 4133/1665/468 
f 4133/1665/468 4134/1666/469 4131/1663/253 
f 4135/1667/470 4136/1668/471 4137/1669/472 
f 4137/1669/472 4138/1670/473 4135/1667/470 
f 4132/1664/250 4131/1663/253 4138/1670/473 
f 4138/1670/473 4137/1671/472 4132/1664/250 
f 4139/1672/474 4132/1673/250 4137/1674/472 
f 4137/1674/472 4136/1675/471 4139/1672/474 
f 4140/1676/475 4141/1677/476 4142/1678/477 
f 4142/1678/477 4143/1679/478 4140/1676/475 
f 4144/1680/479 4140/1676/475 4143/1679/478 
f 4143/1679/478 4145/1681/470 4144/1680/479 
f 4131/1663/253 4146/1682/480 4135/1667/470 
f 4135/1667/470 4138/1670/473 4131/1663/253 
f 4147/1683/481 4139/1672/474 4136/1675/471 
f 4136/1675/471 4148/1684/471 4147/1683/481 
f 4145/1681/470 4148/1685/471 4136/1668/471 
f 4136/1668/471 4135/1667/470 4145/1681/470 
f 4144/1680/479 4146/1682/480 4139/1672/474 
f 4139/1672/474 4147/1683/481 4144/1680/479 
f 4149/1686/482 4134/1666/469 4133/1687/468 
f 4133/1687/468 4150/1688/483 4149/1686/482 
f 4146/1682/480 4131/1663/253 4134/1666/469 
f 4134/1666/469 4149/1686/482 4146/1682/480 
f 4132/1673/250 4139/1672/474 4150/1688/483 
f 4150/1688/483 4133/1687/468 4132/1673/250 
f 4139/1672/474 4146/1682/480 4149/1686/482 
f 4149/1686/482 4150/1688/483 4139/1672/474 
f 4147/1683/481 4141/1689/476 4151/1690/484 
f 4151/1690/484 4152/1691/485 4147/1683/481 
f 4143/1679/478 4142/1678/477 4148/1685/471 
f 4148/1685/471 4145/1681/470 4143/1679/478 
f 4141/1689/476 4147/1683/481 4148/1684/471 
f 4148/1684/471 4142/1692/477 4141/1689/476 
f 4146/1682/480 4144/1680/479 4145/1681/470 
f 4145/1681/470 4135/1667/470 4146/1682/480 
f 4153/1693/486 4152/1691/485 4154/1694/487 
f 4154/1694/487 4155/1695/488 4153/1693/486 
f 4141/1677/476 4140/1676/475 4156/1696/489 
f 4156/1696/489 4151/1697/484 4141/1677/476 
f 4144/1680/479 4147/1683/481 4152/1691/485 
f 4152/1691/485 4153/1693/486 4144/1680/479 
f 4140/1676/475 4144/1680/479 4153/1693/486 
f 4153/1693/486 4156/1696/489 4140/1676/475 
f 4151/1697/484 4156/1696/489 4157/1698/490 
f 4157/1698/490 4158/1699/491 4151/1697/484 
f 4156/1696/489 4153/1693/486 4155/1695/488 
f 4155/1695/488 4157/1698/490 4156/1696/489 
f 4152/1691/485 4151/1690/484 4158/1700/491 
f 4158/1700/491 4154/1694/487 4152/1691/485 
f 4159/1593/416 4160/1594/417 4161/1595/418 
f 4161/1595/418 4162/1596/419 4159/1593/416 
f 4163/1597/420 4164/1598/421 4165/1599/422 
f 4165/1599/422 4166/1600/423 4163/1597/420 
f 4167/1601/424 4168/1602/425 4169/1603/426 
f 4169/1603/426 4170/1604/427 4167/1601/424 
f 4171/1605/428 4172/1606/429 4173/1607/430 
f 4173/1607/430 4174/1608/431 4171/1605/428 
f 4173/1607/430 4168/1609/425 4175/1610/432 
f 4175/1610/432 4176/1611/433 4173/1607/430 
f 4177/1612/434 4162/1613/419 4171/1605/428 
f 4161/1614/418 4169/1615/426 4172/1606/429 
f 4178/1616/435 4166/1600/423 4159/1593/416 
f 4170/1604/427 4160/1594/417 4165/1599/422 
f 4179/1617/436 4177/1612/434 4171/1605/428 
f 4171/1605/428 4174/1608/431 4179/1617/436 
f 4162/1613/419 4161/1614/418 4172/1606/429 
f 4172/1606/429 4171/1605/428 4162/1613/419 
f 4169/1615/426 4168/1609/425 4173/1607/430 
f 4173/1607/430 4172/1606/429 4169/1615/426 
f 4178/1616/435 4180/1618/437 4163/1597/420 
f 4163/1597/420 4166/1600/423 4178/1616/435 
f 4167/1601/424 4170/1604/427 4165/1599/422 
f 4165/1599/422 4164/1598/421 4167/1601/424 
f 4160/1594/417 4159/1593/416 4166/1600/423 
f 4166/1600/423 4165/1599/422 4160/1594/417 
f 4177/1612/434 4178/1616/435 4159/1593/416 
f 4159/1593/416 4162/1596/419 4177/1612/434 
f 4170/1604/427 4169/1603/426 4161/1595/418 
f 4161/1595/418 4160/1594/417 4170/1604/427 
f 4179/1617/436 4180/1618/437 4178/1616/435 
f 4178/1616/435 4177/1612/434 4179/1617/436 
f 4181/1619/438 4182/1620/439 4183/1621/440 
f 4183/1621/440 4184/1622/441 4181/1619/438 
f 4168/1602/425 4167/1601/424 4185/1623/492 
f 4185/1623/492 4175/1624/432 4168/1602/425 
f 4179/1617/436 4174/1608/431 4186/1625/443 
f 4186/1625/443 4182/1620/439 4179/1617/436 
f 4167/1601/424 4164/1598/421 4187/1626/444 
f 4187/1626/444 4185/1623/492 4167/1601/424 
f 4180/1618/437 4179/1617/436 4182/1620/439 
f 4182/1620/439 4181/1619/438 4180/1618/437 
f 4163/1597/420 4180/1618/437 4181/1619/438 
f 4181/1619/438 4188/1627/445 4163/1597/420 
f 4164/1598/421 4163/1597/420 4188/1627/445 
f 4188/1627/445 4187/1626/444 4164/1598/421 
f 4174/1608/431 4173/1607/430 4176/1611/433 
f 4176/1611/433 4186/1625/443 4174/1608/431 
f 4189/1628/446 4190/1629/447 4191/1630/448 
f 4191/1630/448 4192/1631/449 4189/1628/446 
f 4188/1627/445 4181/1619/438 4184/1622/441 
f 4184/1622/441 4193/1632/450 4188/1627/445 
f 4182/1620/439 4186/1625/443 4194/1633/451 
f 4194/1633/451 4183/1621/440 4182/1620/439 
f 4187/1626/444 4188/1627/445 4193/1632/450 
f 4193/1632/450 4195/1634/452 4187/1626/444 
f 4186/1625/443 4176/1611/433 4196/1635/453 
f 4196/1635/453 4194/1633/451 4186/1625/443 
f 4185/1623/492 4187/1626/444 4195/1634/452 
f 4195/1634/452 4190/1636/447 4185/1623/492 
f 4176/1611/433 4175/1610/432 4189/1637/446 
f 4189/1637/446 4196/1635/453 4176/1611/433 
f 4175/1624/432 4185/1623/492 4190/1636/447 
f 4190/1636/447 4189/1638/446 4175/1624/432 
f 4197/1639/454 4198/1640/455 4199/1641/456 
f 4197/1639/454 4199/1641/456 4192/1631/449 
f 4197/1639/454 4192/1631/449 4191/1630/448 
f 4197/1639/454 4191/1630/448 4200/1642/457 
f 4197/1639/454 4200/1642/457 4201/1643/458 
f 4197/1639/454 4201/1643/458 4202/1644/459 
f 4184/1645/441 4183/1646/440 4197/1639/454 
f 4197/1639/454 4202/1644/459 4184/1645/441 
f 4193/1647/450 4184/1645/441 4202/1644/459 
f 4202/1644/459 4201/1643/458 4193/1647/450 
f 4183/1646/440 4194/1648/451 4198/1640/455 
f 4198/1640/455 4197/1639/454 4183/1646/440 
f 4195/1649/452 4193/1647/450 4201/1643/458 
f 4201/1643/458 4200/1642/457 4195/1649/452 
f 4194/1648/451 4196/1650/453 4199/1641/456 
f 4199/1641/456 4198/1640/455 4194/1648/451 
f 4190/1629/447 4195/1649/452 4200/1642/457 
f 4200/1642/457 4191/1630/448 4190/1629/447 
f 4196/1650/453 4189/1628/446 4192/1631/449 
f 4192/1631/449 4199/1641/456 4196/1650/453 
f 4203/1651/460 4204/1652/461 4205/1653/462 
f 4205/1653/462 4206/1654/463 4203/1651/460 
f 4207/1655/464 4208/1656/465 4204/1652/461 
f 4204/1652/461 4203/1651/460 4207/1655/464 
f 4209/1657/494 4207/1658/464 4203/1651/460 
f 4203/1651/460 4206/1654/463 4209/1657/494 
f 4210/1659/467 4209/1660/494 4206/1654/463 
f 4206/1654/463 4205/1653/462 4210/1659/467 
f 4208/1661/465 4210/1662/467 4205/1653/462 
f 4205/1653/462 4204/1652/461 4208/1661/465 
f 4211/1663/253 4212/1664/250 4213/1665/468 
f 4213/1665/468 4214/1666/469 4211/1663/253 
f 4215/1667/470 4216/1668/471 4217/1669/472 
f 4217/1669/472 4218/1670/473 4215/1667/470 
f 4212/1664/250 4211/1663/253 4218/1670/473 
f 4218/1670/473 4217/1671/472 4212/1664/250 
f 4219/1672/474 4212/1673/250 4217/1674/472 
f 4217/1674/472 4216/1675/471 4219/1672/474 
f 4220/1676/475 4221/1677/495 4222/1678/477 
f 4222/1678/477 4223/1679/478 4220/1676/475 
f 4224/1680/479 4220/1676/475 4223/1679/478 
f 4223/1679/478 4225/1681/470 4224/1680/479 
f 4211/1663/253 4226/1682/480 4215/1667/470 
f 4215/1667/470 4218/1670/473 4211/1663/253 
f 4227/1683/481 4219/1672/474 4216/1675/471 
f 4216/1675/471 4228/1684/471 4227/1683/481 
f 4225/1681/470 4228/1685/471 4216/1668/471 
f 4216/1668/471 4215/1667/470 4225/1681/470 
f 4224/1680/479 4226/1682/480 4219/1672/474 
f 4219/1672/474 4227/1683/481 4224/1680/479 
f 4229/1686/482 4214/1666/469 4213/1687/468 
f 4213/1687/468 4230/1688/483 4229/1686/482 
f 4226/1682/480 4211/1663/253 4214/1666/469 
f 4214/1666/469 4229/1686/482 4226/1682/480 
f 4212/1673/250 4219/1672/474 4230/1688/483 
f 4230/1688/483 4213/1687/468 4212/1673/250 
f 4219/1672/474 4226/1682/480 4229/1686/482 
f 4229/1686/482 4230/1688/483 4219/1672/474 
f 4227/1683/481 4221/1689/495 4231/1690/484 
f 4231/1690/484 4232/1691/485 4227/1683/481 
f 4223/1679/478 4222/1678/477 4228/1685/471 
f 4228/1685/471 4225/1681/470 4223/1679/478 
f 4221/1689/495 4227/1683/481 4228/1684/471 
f 4228/1684/471 4222/1692/477 4221/1689/495 
f 4226/1682/480 4224/1680/479 4225/1681/470 
f 4225/1681/470 4215/1667/470 4226/1682/480 
f 4233/1693/486 4232/1691/485 4234/1694/487 
f 4234/1694/487 4235/1695/488 4233/1693/486 
f 4221/1677/495 4220/1676/475 4236/1696/489 
f 4236/1696/489 4231/1697/484 4221/1677/495 
f 4224/1680/479 4227/1683/481 4232/1691/485 
f 4232/1691/485 4233/1693/486 4224/1680/479 
f 4220/1676/475 4224/1680/479 4233/1693/486 
f 4233/1693/486 4236/1696/489 4220/1676/475 
f 4231/1697/484 4236/1696/489 4237/1698/490 
f 4237/1698/490 4238/1699/491 4231/1697/484 
f 4236/1696/489 4233/1693/486 4235/1695/488 
f 4235/1695/488 4237/1698/490 4236/1696/489 
f 4232/1691/485 4231/1690/484 4238/1700/491 
f 4238/1700/491 4234/1694/487 4232/1691/485 
f 4239/1452/496 4240/1453/497 4241/1454/498 
f 4241/1454/498 4242/1455/499 4239/1452/496 
f 4243/1456/500 4244/1457/501 4245/1458/502 
f 4245/1458/502 4246/1459/503 4243/1456/500 
f 4246/1459/503 4245/1458/502 4247/1460/504 
f 4247/1460/504 4248/1461/505 4246/1459/503 
f 4248/1461/505 4247/1460/504 4249/1462/506 
f 4249/1462/506 4250/1463/507 4248/1461/505 
f 4250/1463/507 4249/1462/506 4251/1464/508 
f 4251/1464/508 4252/1465/509 4250/1463/507 
f 4252/1466/509 4251/1467/508 4241/1454/498 
f 4241/1454/498 4240/1453/497 4252/1466/509 
f 4253/1468/510 4254/1469/511 4255/1470/512 
f 4255/1470/512 4256/1471/513 4253/1468/510 
f 4257/1472/514 4253/1468/510 4258/1473/515 
f 4258/1473/515 4259/1474/516 4257/1472/514 
f 4259/1474/516 4258/1473/515 4260/1475/517 
f 4260/1475/517 4261/1476/518 4259/1474/516 
f 4262/1477/519 4263/1478/520 4264/1479/521 
f 4264/1479/521 4265/1480/522 4262/1477/519 
f 4256/1471/513 4255/1470/512 4263/1478/520 
f 4263/1478/520 4262/1477/519 4256/1471/513 
f 4266/1481/523 4267/1482/524 4265/1480/522 
f 4265/1480/522 4264/1479/521 4266/1481/523 
f 4268/1483/525 4269/1484/526 4270/1485/527 
f 4270/1485/527 4271/1486/528 4268/1483/525 
f 4271/1486/528 4270/1485/527 4239/1487/496 
f 4239/1487/496 4266/1488/523 4271/1486/528 
f 4272/1489/529 4273/1490/530 4274/1491/531 
f 4274/1491/531 4275/1492/532 4272/1489/529 
f 4275/1492/532 4274/1491/531 4267/1493/524 
f 4267/1493/524 4242/1494/499 4275/1492/532 
f 4276/1495/533 4277/1496/534 4278/1497/535 
f 4278/1497/535 4279/1498/536 4276/1495/533 
f 4279/1499/536 4278/1500/535 4246/1459/503 
f 4246/1459/503 4248/1461/505 4279/1499/536 
f 4272/1489/529 4280/1501/537 4281/1502/538 
f 4272/1489/529 4281/1502/538 4282/1503/539 
f 4272/1489/529 4282/1503/539 4283/1504/540 
f 4272/1489/529 4283/1504/540 4284/1505/541 
f 4272/1489/529 4284/1505/541 4285/1506/542 
f 4272/1489/529 4285/1506/542 4261/1476/518 
f 4272/1489/529 4261/1476/518 4260/1475/517 
f 4272/1489/529 4260/1475/517 4286/1507/543 
f 4272/1489/529 4286/1507/543 4287/1508/544 
f 4272/1489/529 4287/1508/544 4288/1509/545 
f 4272/1489/529 4288/1509/545 4273/1490/530 
f 4289/1510/546 4290/1511/547 4291/1512/548 
f 4291/1512/548 4292/1513/549 4289/1510/546 
f 4254/1469/511 4253/1468/510 4257/1472/514 
f 4257/1472/514 4293/1514/550 4254/1469/511 
f 4284/1505/541 4283/1504/540 4294/1515/551 
f 4294/1515/551 4295/1516/552 4284/1505/541 
f 4295/1517/552 4294/1518/551 4247/1460/504 
f 4247/1460/504 4245/1458/502 4295/1517/552 
f 4296/1519/553 4276/1495/533 4279/1498/536 
f 4279/1498/536 4297/1520/554 4296/1519/553 
f 4297/1521/554 4279/1499/536 4248/1461/505 
f 4248/1461/505 4250/1463/507 4297/1521/554 
f 4283/1504/540 4282/1503/539 4298/1522/555 
f 4298/1522/555 4294/1515/551 4283/1504/540 
f 4294/1518/551 4298/1523/555 4249/1462/506 
f 4249/1462/506 4247/1460/504 4294/1518/551 
f 4299/1524/556 4296/1519/553 4297/1520/554 
f 4297/1520/554 4300/1525/557 4299/1524/556 
f 4300/1526/557 4297/1521/554 4250/1463/507 
f 4250/1463/507 4252/1465/509 4300/1526/557 
f 4282/1503/539 4281/1502/538 4301/1527/558 
f 4301/1527/558 4298/1522/555 4282/1503/539 
f 4298/1523/555 4301/1528/558 4251/1464/508 
f 4251/1464/508 4249/1462/506 4298/1523/555 
f 4302/1529/559 4299/1524/556 4300/1525/557 
f 4300/1525/557 4303/1530/560 4302/1529/559 
f 4303/1530/560 4300/1525/557 4252/1466/509 
f 4252/1466/509 4240/1453/497 4303/1530/560 
f 4281/1502/538 4280/1501/537 4304/1531/561 
f 4304/1531/561 4301/1527/558 4281/1502/538 
f 4301/1527/558 4304/1531/561 4241/1454/498 
f 4241/1454/498 4251/1467/508 4301/1527/558 
f 4269/1484/526 4302/1529/559 4303/1530/560 
f 4303/1530/560 4270/1532/527 4269/1484/526 
f 4270/1532/527 4303/1530/560 4240/1453/497 
f 4240/1453/497 4239/1452/496 4270/1532/527 
f 4242/1455/499 4241/1454/498 4304/1531/561 
f 4304/1531/561 4275/1533/532 4242/1455/499 
f 4275/1533/532 4304/1531/561 4280/1501/537 
f 4280/1501/537 4272/1489/529 4275/1533/532 
f 4286/1507/543 4260/1475/517 4258/1473/515 
f 4258/1473/515 4305/1534/562 4286/1507/543 
f 4305/1534/562 4258/1473/515 4253/1468/510 
f 4253/1468/510 4256/1471/513 4305/1534/562 
f 4290/1511/547 4306/1535/563 4307/1536/564 
f 4307/1536/564 4291/1512/548 4290/1511/547 
f 4291/1512/548 4307/1536/564 4255/1470/512 
f 4255/1470/512 4254/1469/511 4291/1512/548 
f 4287/1508/544 4286/1507/543 4305/1534/562 
f 4305/1534/562 4308/1537/565 4287/1508/544 
f 4308/1537/565 4305/1534/562 4256/1471/513 
f 4256/1471/513 4262/1477/519 4308/1537/565 
f 4306/1535/563 4309/1538/566 4310/1539/567 
f 4310/1539/567 4307/1536/564 4306/1535/563 
f 4307/1536/564 4310/1539/567 4263/1478/520 
f 4263/1478/520 4255/1470/512 4307/1536/564 
f 4288/1509/545 4287/1508/544 4308/1537/565 
f 4308/1537/565 4311/1540/568 4288/1509/545 
f 4311/1540/568 4308/1537/565 4262/1477/519 
f 4262/1477/519 4265/1480/522 4311/1540/568 
f 4309/1538/566 4312/1541/569 4313/1542/570 
f 4313/1542/570 4310/1539/567 4309/1538/566 
f 4310/1539/567 4313/1542/570 4264/1479/521 
f 4264/1479/521 4263/1478/520 4310/1539/567 
f 4314/1543/571 4295/1517/552 4245/1458/502 
f 4245/1458/502 4244/1457/501 4314/1543/571 
f 4285/1506/542 4284/1505/541 4295/1516/552 
f 4295/1516/552 4314/1544/571 4285/1506/542 
f 4265/1480/522 4267/1482/524 4274/1545/531 
f 4274/1545/531 4311/1540/568 4265/1480/522 
f 4311/1540/568 4274/1545/531 4273/1490/530 
f 4273/1490/530 4288/1509/545 4311/1540/568 
f 4312/1541/569 4268/1483/525 4271/1546/528 
f 4271/1546/528 4313/1542/570 4312/1541/569 
f 4313/1542/570 4271/1546/528 4266/1481/523 
f 4266/1481/523 4264/1479/521 4313/1542/570 
f 4292/1513/549 4291/1512/548 4254/1469/511 
f 4254/1469/511 4293/1514/550 4292/1513/549 
f 4278/1500/535 4315/1547/572 4243/1456/500 
f 4243/1456/500 4246/1459/503 4278/1500/535 
f 4277/1496/534 4316/1548/573 4315/1549/572 
f 4315/1549/572 4278/1497/535 4277/1496/534 
f 4259/1474/516 4261/1476/518 4285/1506/542 
f 4285/1506/542 4314/1544/571 4259/1474/516 
f 4257/1472/514 4259/1474/516 4314/1544/571 
f 4314/1544/571 4244/1550/501 4257/1472/514 
f 4289/1510/546 4292/1513/549 4315/1549/572 
f 4315/1549/572 4316/1548/573 4289/1510/546 
f 4292/1513/549 4293/1514/550 4243/1551/500 
f 4243/1551/500 4315/1549/572 4292/1513/549 
f 4293/1514/550 4257/1472/514 4244/1550/501 
f 4244/1550/501 4243/1551/500 4293/1514/550 
f 4268/1483/525 4312/1541/569 4309/1538/566 
f 4268/1483/525 4309/1538/566 4306/1535/563 
f 4268/1483/525 4306/1535/563 4290/1511/547 
f 4268/1483/525 4290/1511/547 4289/1510/546 
f 4268/1483/525 4289/1510/546 4316/1548/573 
f 4268/1483/525 4316/1548/573 4277/1496/534 
f 4268/1483/525 4277/1496/534 4276/1495/533 
f 4268/1483/525 4276/1495/533 4296/1519/553 
f 4268/1483/525 4296/1519/553 4299/1524/556 
f 4268/1483/525 4299/1524/556 4302/1529/559 
f 4268/1483/525 4302/1529/559 4269/1484/526 
f 4317/1452/574 4318/1453/575 4319/1454/576 
f 4319/1454/576 4320/1455/577 4317/1452/574 
f 4321/1456/578 4322/1457/579 4323/1458/580 
f 4323/1458/580 4324/1459/581 4321/1456/578 
f 4324/1459/581 4323/1458/580 4325/1460/582 
f 4325/1460/582 4326/1461/583 4324/1459/581 
f 4326/1461/583 4325/1460/582 4327/1462/584 
f 4327/1462/584 4328/1463/585 4326/1461/583 
f 4328/1463/585 4327/1462/584 4329/1464/586 
f 4329/1464/586 4330/1465/587 4328/1463/585 
f 4330/1466/587 4329/1467/586 4319/1454/576 
f 4319/1454/576 4318/1453/575 4330/1466/587 
f 4331/1468/588 4332/1469/589 4333/1470/590 
f 4333/1470/590 4334/1471/591 4331/1468/588 
f 4335/1472/592 4331/1468/588 4336/1473/593 
f 4336/1473/593 4337/1474/594 4335/1472/592 
f 4337/1474/594 4336/1473/593 4338/1475/595 
f 4338/1475/595 4339/1476/596 4337/1474/594 
f 4340/1477/597 4341/1478/598 4342/1479/599 
f 4342/1479/599 4343/1480/600 4340/1477/597 
f 4334/1471/591 4333/1470/590 4341/1478/598 
f 4341/1478/598 4340/1477/597 4334/1471/591 
f 4344/1481/601 4345/1482/602 4343/1480/600 
f 4343/1480/600 4342/1479/599 4344/1481/601 
f 4346/1483/603 4347/1484/604 4348/1485/605 
f 4348/1485/605 4349/1486/606 4346/1483/603 
f 4349/1486/606 4348/1485/605 4317/1487/574 
f 4317/1487/574 4344/1488/601 4349/1486/606 
f 4350/1489/607 4351/1490/608 4352/1491/609 
f 4352/1491/609 4353/1492/610 4350/1489/607 
f 4353/1492/610 4352/1491/609 4345/1493/602 
f 4345/1493/602 4320/1494/577 4353/1492/610 
f 4354/1495/611 4355/1496/612 4356/1497/613 
f 4356/1497/613 4357/1498/614 4354/1495/611 
f 4357/1499/614 4356/1500/613 4324/1459/581 
f 4324/1459/581 4326/1461/583 4357/1499/614 
f 4350/1489/607 4358/1501/615 4359/1502/616 
f 4350/1489/607 4359/1502/616 4360/1503/617 
f 4350/1489/607 4360/1503/617 4361/1504/618 
f 4350/1489/607 4361/1504/618 4362/1505/619 
f 4350/1489/607 4362/1505/619 4363/1506/620 
f 4350/1489/607 4363/1506/620 4339/1476/596 
f 4350/1489/607 4339/1476/596 4338/1475/595 
f 4350/1489/607 4338/1475/595 4364/1507/621 
f 4350/1489/607 4364/1507/621 4365/1508/622 
f 4350/1489/607 4365/1508/622 4366/1509/623 
f 4350/1489/607 4366/1509/623 4351/1490/608 
f 4367/1510/624 4368/1511/625 4369/1512/626 
f 4369/1512/626 4370/1513/627 4367/1510/624 
f 4332/1469/589 4331/1468/588 4335/1472/592 
f 4335/1472/592 4371/1514/628 4332/1469/589 
f 4362/1505/619 4361/1504/618 4372/1515/629 
f 4372/1515/629 4373/1516/630 4362/1505/619 
f 4373/1517/630 4372/1518/629 4325/1460/582 
f 4325/1460/582 4323/1458/580 4373/1517/630 
f 4374/1519/631 4354/1495/611 4357/1498/614 
f 4357/1498/614 4375/1520/632 4374/1519/631 
f 4375/1521/632 4357/1499/614 4326/1461/583 
f 4326/1461/583 4328/1463/585 4375/1521/632 
f 4361/1504/618 4360/1503/617 4376/1522/633 
f 4376/1522/633 4372/1515/629 4361/1504/618 
f 4372/1518/629 4376/1523/633 4327/1462/584 
f 4327/1462/584 4325/1460/582 4372/1518/629 
f 4377/1524/634 4374/1519/631 4375/1520/632 
f 4375/1520/632 4378/1525/635 4377/1524/634 
f 4378/1526/635 4375/1521/632 4328/1463/585 
f 4328/1463/585 4330/1465/587 4378/1526/635 
f 4360/1503/617 4359/1502/616 4379/1527/636 
f 4379/1527/636 4376/1522/633 4360/1503/617 
f 4376/1523/633 4379/1528/636 4329/1464/586 
f 4329/1464/586 4327/1462/584 4376/1523/633 
f 4380/1529/637 4377/1524/634 4378/1525/635 
f 4378/1525/635 4381/1530/638 4380/1529/637 
f 4381/1530/638 4378/1525/635 4330/1466/587 
f 4330/1466/587 4318/1453/575 4381/1530/638 
f 4359/1502/616 4358/1501/615 4382/1531/639 
f 4382/1531/639 4379/1527/636 4359/1502/616 
f 4379/1527/636 4382/1531/639 4319/1454/576 
f 4319/1454/576 4329/1467/586 4379/1527/636 
f 4347/1484/604 4380/1529/637 4381/1530/638 
f 4381/1530/638 4348/1532/605 4347/1484/604 
f 4348/1532/605 4381/1530/638 4318/1453/575 
f 4318/1453/575 4317/1452/574 4348/1532/605 
f 4320/1455/577 4319/1454/576 4382/1531/639 
f 4382/1531/639 4353/1533/610 4320/1455/577 
f 4353/1533/610 4382/1531/639 4358/1501/615 
f 4358/1501/615 4350/1489/607 4353/1533/610 
f 4364/1507/621 4338/1475/595 4336/1473/593 
f 4336/1473/593 4383/1534/640 4364/1507/621 
f 4383/1534/640 4336/1473/593 4331/1468/588 
f 4331/1468/588 4334/1471/591 4383/1534/640 
f 4368/1511/625 4384/1535/641 4385/1536/642 
f 4385/1536/642 4369/1512/626 4368/1511/625 
f 4369/1512/626 4385/1536/642 4333/1470/590 
f 4333/1470/590 4332/1469/589 4369/1512/626 
f 4365/1508/622 4364/1507/621 4383/1534/640 
f 4383/1534/640 4386/1537/643 4365/1508/622 
f 4386/1537/643 4383/1534/640 4334/1471/591 
f 4334/1471/591 4340/1477/597 4386/1537/643 
f 4384/1535/641 4387/1538/644 4388/1539/645 
f 4388/1539/645 4385/1536/642 4384/1535/641 
f 4385/1536/642 4388/1539/645 4341/1478/598 
f 4341/1478/598 4333/1470/590 4385/1536/642 
f 4366/1509/623 4365/1508/622 4386/1537/643 
f 4386/1537/643 4389/1540/646 4366/1509/623 
f 4389/1540/646 4386/1537/643 4340/1477/597 
f 4340/1477/597 4343/1480/600 4389/1540/646 
f 4387/1538/644 4390/1541/647 4391/1542/648 
f 4391/1542/648 4388/1539/645 4387/1538/644 
f 4388/1539/645 4391/1542/648 4342/1479/599 
f 4342/1479/599 4341/1478/598 4388/1539/645 
f 4392/1543/649 4373/1517/630 4323/1458/580 
f 4323/1458/580 4322/1457/579 4392/1543/649 
f 4363/1506/620 4362/1505/619 4373/1516/630 
f 4373/1516/630 4392/1544/649 4363/1506/620 
f 4343/1480/600 4345/1482/602 4352/1545/609 
f 4352/1545/609 4389/1540/646 4343/1480/600 
f 4389/1540/646 4352/1545/609 4351/1490/608 
f 4351/1490/608 4366/1509/623 4389/1540/646 
f 4390/1541/647 4346/1483/603 4349/1546/606 
f 4349/1546/606 4391/1542/648 4390/1541/647 
f 4391/1542/648 4349/1546/606 4344/1481/601 
f 4344/1481/601 4342/1479/599 4391/1542/648 
f 4370/1513/627 4369/1512/626 4332/1469/589 
f 4332/1469/589 4371/1514/628 4370/1513/627 
f 4356/1500/613 4393/1547/650 4321/1456/578 
f 4321/1456/578 4324/1459/581 4356/1500/613 
f 4355/1496/612 4394/1548/651 4393/1549/650 
f 4393/1549/650 4356/1497/613 4355/1496/612 
f 4337/1474/594 4339/1476/596 4363/1506/620 
f 4363/1506/620 4392/1544/649 4337/1474/594 
f 4335/1472/592 4337/1474/594 4392/1544/649 
f 4392/1544/649 4322/1550/579 4335/1472/592 
f 4367/1510/624 4370/1513/627 4393/1549/650 
f 4393/1549/650 4394/1548/651 4367/1510/624 
f 4370/1513/627 4371/1514/628 4321/1551/578 
f 4321/1551/578 4393/1549/650 4370/1513/627 
f 4371/1514/628 4335/1472/592 4322/1550/579 
f 4322/1550/579 4321/1551/578 4371/1514/628 
f 4346/1483/603 4390/1541/647 4387/1538/644 
f 4346/1483/603 4387/1538/644 4384/1535/641 
f 4346/1483/603 4384/1535/641 4368/1511/625 
f 4346/1483/603 4368/1511/625 4367/1510/624 
f 4346/1483/603 4367/1510/624 4394/1548/651 
f 4346/1483/603 4394/1548/651 4355/1496/612 
f 4346/1483/603 4355/1496/612 4354/1495/611 
f 4346/1483/603 4354/1495/611 4374/1519/631 
f 4346/1483/603 4374/1519/631 4377/1524/634 
f 4346/1483/603 4377/1524/634 4380/1529/637 
f 4346/1483/603 4380/1529/637 4347/1484/604 
# 6458 faces

